<?xml version="1.0" encoding="UTF-8"?><CodeSystem xmlns="http://hl7.org/fhir"><id value="jp-observation-method-cs"/><text><status value="generated"/><div xmlns="http://www.w3.org/1999/xhtml"><p>This code system <code>http://jpfhir.jp/fhir/core/CodeSystem/JP_ObservationMethod_CS</code> defines the following codes:</p><table class="codes"><tr><td style="white-space:nowrap"><b>Code</b></td></tr></table></div></text><url value="http://jpfhir.jp/fhir/core/CodeSystem/JP_ObservationMethod_CS"/><version value="2.0.0a"/><name value="JP_ObservationMethod_CS"/><title value="JP Core Observation Method CodeSystem"/><status value="active"/><experimental value="false"/><date value="2022-10-24"/><publisher value="FHIR Japanese implementation research working group in Japan Association of Medical Informatics (JAMI)"/><contact><name value="FHIR Japanese implementation research working group in Japan Association of Medical Informatics (JAMI)"/><telecom><system value="url"/><value value="http://jpfhir.jp"/></telecom><telecom><system value="email"/><value value="office@hlfhir.jp"/></telecom></contact><description value="Observationで使用する診察方法のコード"/><jurisdiction><coding><system value="urn:iso:std:iso:3166"/><code value="JP"/></coding></jurisdiction><copyright value="Copyright FHIR Japanese implementation research working group in Japan Association of Medical Informatics (JAMI) 一般社団法人日本医療情報学会NeXEHRS課題研究会FHIR日本実装検討WG"/><caseSensitive value="true"/><valueSet value="http://jpfhir.jp/fhir/core/ValueSet/JP_ObservationMethod_VS"/><content value="complete"/></CodeSystem>