{
  "resourceType" : "ValueSet",
  "id" : "jp-chemotherapyregimen-regimentype-vs",
  "text" : {
    "status" : "generated",
    "div" : "<div xmlns=\"http://www.w3.org/1999/xhtml\"><ul><li>Include all codes defined in <a href=\"CodeSystem-jp-chemotherapyregimen-regimentype-cs.html\"><code>http://jpfhir.jp/fhir/core/CodeSystem/JP_ChemotherapyRegimen_RegimenType_CS</code></a></li></ul></div>"
  },
  "url" : "http://jpfhir.jp/fhir/core/ValueSet/JP_ChemotherapyRegimen_RegimenType_VS",
  "version" : "2.0.0-dev",
  "name" : "JP_ChemotherapyRegimen_RegimenType_VS",
  "title" : "JP Core PlanDefinition ChemotherapyRegimen RegimenType ValueSet",
  "status" : "draft",
  "experimental" : false,
  "date" : "2023-11-30",
  "publisher" : "FHIR Japanese implementation research working group in Japan Association of Medical Informatics (JAMI)",
  "contact" : [{
    "name" : "FHIR Japanese implementation research working group in Japan Association of Medical Informatics (JAMI)",
    "telecom" : [{
      "system" : "url",
      "value" : "http://jpfhir.jp"
    },
    {
      "system" : "email",
      "value" : "office@hlfhir.jp"
    }]
  }],
  "description" : "【仮】レジメン種別コード",
  "jurisdiction" : [{
    "coding" : [{
      "system" : "urn:iso:std:iso:3166",
      "code" : "JP"
    }]
  }],
  "copyright" : "Copyright XXX",
  "compose" : {
    "include" : [{
      "system" : "http://jpfhir.jp/fhir/core/CodeSystem/JP_ChemotherapyRegimen_RegimenType_CS"
    }]
  }
}