"Id","Path","Slice Name","Alias(s)","Label","Min","Max","Must Support?","Is Modifier?","Is Summary?","Type(s)","Short","Definition","Comments","Requirements","Default Value","Meaning When Missing","Fixed Value","Pattern","Example","Minimum Value","Maximum Value","Maximum Length","Binding Strength","Binding Description","Binding Value Set","Code","Slicing Discriminator","Slicing Description","Slicing Ordered","Slicing Rules","Base Path","Base Min","Base Max","Condition(s)","Constraint(s)","Mapping: HL7 v2 Mapping","Mapping: RIM Mapping"
"Range","Range","","","",0,*,"","","","","範囲指定された時間の上限下限","範囲指定された時間の上限下限","時間の上限量、下限量の範囲を持っている。単位指定された数量を割り当てている。Low,Highの値は時間の単位当てはめる。","","","","","","","","",,,,,"",,,,"Range",0,*,"ele-1
","","NR and also possibly SN (but see also quantity)","n/a","IVL<QTY[not(type=""TS"")]> [lowClosed=""true"" and highClosed=""true""]or URG<QTY[not(type=""TS"")]>"
"Range.id","Range.id","","","",0,1,"","","","id {[]} {[]}
","Unique id for inter-element referencing","Unique id for the element within a resource (for internal references). This may be any string value that does not contain spaces.","","","","","","","","","",,,,,"",,,,"Element.id",0,1,"","","n/a"
"Range.extension","Range.extension","","extensions
user content","",0,*,"","","","Extension {[]} {[]}
","Additional content defined by implementations","May be used to represent additional information that is not part of the basic definition of the element. To make the use of extensions safe and manageable, there is a strict set of governance  applied to the definition and use of extensions. Though any implementer can define an extension, there is a set of requirements that SHALL be met as part of the definition of the extension.","There can be no stigma associated with the use of extensions by any application, project, or standard - regardless of the institution or jurisdiction that uses or defines the extensions.  The use of extensions is what allows the FHIR specification to retain a core level of simplicity for everyone.","","","","","","","","",,,,,"","value:url}
","Extensions are always sliced by (at least) url",,"open","Element.extension",0,*,"","ele-1:All FHIR elements must have a @value or children {hasValue() or (children().count() > id.count())}
ext-1:Must have either extensions or value[x], not both {extension.exists() != value.exists()}","n/a"
"Range.low","Range.low","","","",0,1,"","","Y","Quantity {[CanonicalType[http://hl7.org/fhir/StructureDefinition/SimpleQuantity]]} {[]}
","時間範囲（下限）","The low limit. The boundary is inclusive.","If the low element is missing, the low boundary is not known.","","","","","","","","",,,,,"",,,,"Range.low",0,1,"","ele-1:All FHIR elements must have a @value or children {hasValue() or (children().count() > id.count())}
","NR.1","./low"
"Range.low.id","Range.low.id","","","",0,1,"","","","id {[]} {[]}
","Unique id for inter-element referencing","Unique id for the element within a resource (for internal references). This may be any string value that does not contain spaces.","","","","","","","","","",,,,,"",,,,"Element.id",0,1,"","","n/a"
"Range.low.extension","Range.low.extension","","extensions
user content","",0,*,"","","","Extension {[]} {[]}
","Additional content defined by implementations","May be used to represent additional information that is not part of the basic definition of the element. To make the use of extensions safe and manageable, there is a strict set of governance  applied to the definition and use of extensions. Though any implementer can define an extension, there is a set of requirements that SHALL be met as part of the definition of the extension.","There can be no stigma associated with the use of extensions by any application, project, or standard - regardless of the institution or jurisdiction that uses or defines the extensions.  The use of extensions is what allows the FHIR specification to retain a core level of simplicity for everyone.","","","","","","","","",,,,,"","value:url}
","Extensions are always sliced by (at least) url",,"open","Element.extension",0,*,"","ele-1:All FHIR elements must have a @value or children {hasValue() or (children().count() > id.count())}
ext-1:Must have either extensions or value[x], not both {extension.exists() != value.exists()}","n/a"
"Range.low.value","Range.low.value","","","",0,1,"","","Y","decimal {[]} {[]}
","時間範囲（下限）","時間範囲（下限）","The implicit precision in the value should always be honored. Monetary values have their own rules for handling precision (refer to standard accounting text books).","Precision is handled implicitly in almost all cases of measurement.","","","","","","","",,,,,"",,,,"Quantity.value",0,1,"","ele-1:All FHIR elements must have a @value or children {hasValue() or (children().count() > id.count())}
","SN.2  / CQ - N/A","PQ.value, CO.value, MO.value, IVL.high or IVL.low depending on the value"
"Range.low.comparator","Range.low.comparator","","","",0,0,"","Y","Y","code {[]} {[]}
","< | <= | >= | > - how to understand the value","Not allowed to be used in this context","","Need a framework for handling measures where the value is <5ug/L or >400mg/L due to the limitations of measuring methodology.","","If there is no comparator, then there is no modification of the value","","","","","",,"required","","http://hl7.org/fhir/ValueSet/quantity-comparator|4.3.0","",,,,"Quantity.comparator",0,1,"","ele-1:All FHIR elements must have a @value or children {hasValue() or (children().count() > id.count())}
","SN.1  / CQ.1","IVL properties"
"Range.low.unit","Range.low.unit","","","",0,1,"","","Y","string {[]} {[]}
","単位時間の単位","A human-readable form of the unit.","","There are many representations for units of measure and in many contexts, particular representations are fixed and required. I.e. mcg for micrograms.","","","","","","","",,,,,"",,,,"Quantity.unit",0,1,"","ele-1:All FHIR elements must have a @value or children {hasValue() or (children().count() > id.count())}
","(see OBX.6 etc.) / CQ.2","PQ.unit"
"Range.low.system","Range.low.system","","","",0,1,"","","Y","uri {[]} {[]}
","UCUMを識別するURL","UCUMを識別するURL。固定値。","","Need to know the system that defines the coded form of the unit.","","","","","","","",,,,,"",,,,"Quantity.system",0,1,"qty-3
","ele-1:All FHIR elements must have a @value or children {hasValue() or (children().count() > id.count())}
","(see OBX.6 etc.) / CQ.2","CO.codeSystem, PQ.translation.codeSystem"
"Range.low.code","Range.low.code","","","",0,1,"","","Y","code {[]} {[]}
","Coded form of the unit","A computer processable form of the unit in some unit representation system.","The preferred system is UCUM, but SNOMED CT can also be used (for customary units) or ISO 4217 for currency.  The context of use may additionally require a code from a particular system.","Need a computable form of the unit that is fixed across all forms. UCUM provides this for quantities, but SNOMED CT provides many units of interest.","","","","","","","",,"preferred","","http://hl7.org/fhir/ValueSet/units-of-time","",,,,"Quantity.code",0,1,"","ele-1:All FHIR elements must have a @value or children {hasValue() or (children().count() > id.count())}
","(see OBX.6 etc.) / CQ.2","PQ.code, MO.currency, PQ.translation.code"
"Range.high","Range.high","","","",0,1,"","","Y","Quantity {[CanonicalType[http://hl7.org/fhir/StructureDefinition/SimpleQuantity]]} {[]}
","時間範囲（上限）","The high limit. The boundary is inclusive.","If the high element is missing, the high boundary is not known.","","","","","","","","",,,,,"",,,,"Range.high",0,1,"","ele-1:All FHIR elements must have a @value or children {hasValue() or (children().count() > id.count())}
","NR.2","./high"
"Range.high.id","Range.high.id","","","",0,1,"","","","id {[]} {[]}
","Unique id for inter-element referencing","Unique id for the element within a resource (for internal references). This may be any string value that does not contain spaces.","","","","","","","","","",,,,,"",,,,"Element.id",0,1,"","","n/a"
"Range.high.extension","Range.high.extension","","extensions
user content","",0,*,"","","","Extension {[]} {[]}
","Additional content defined by implementations","May be used to represent additional information that is not part of the basic definition of the element. To make the use of extensions safe and manageable, there is a strict set of governance  applied to the definition and use of extensions. Though any implementer can define an extension, there is a set of requirements that SHALL be met as part of the definition of the extension.","There can be no stigma associated with the use of extensions by any application, project, or standard - regardless of the institution or jurisdiction that uses or defines the extensions.  The use of extensions is what allows the FHIR specification to retain a core level of simplicity for everyone.","","","","","","","","",,,,,"","value:url}
","Extensions are always sliced by (at least) url",,"open","Element.extension",0,*,"","ele-1:All FHIR elements must have a @value or children {hasValue() or (children().count() > id.count())}
ext-1:Must have either extensions or value[x], not both {extension.exists() != value.exists()}","n/a"
"Range.high.value","Range.high.value","","","",0,1,"","","Y","decimal {[]} {[]}
","時間範囲（上限）","時間範囲（上限）","The implicit precision in the value should always be honored. Monetary values have their own rules for handling precision (refer to standard accounting text books).","Precision is handled implicitly in almost all cases of measurement.","","","","","","","",,,,,"",,,,"Quantity.value",0,1,"","ele-1:All FHIR elements must have a @value or children {hasValue() or (children().count() > id.count())}
","SN.2  / CQ - N/A","PQ.value, CO.value, MO.value, IVL.high or IVL.low depending on the value"
"Range.high.comparator","Range.high.comparator","","","",0,0,"","Y","Y","code {[]} {[]}
","< | <= | >= | > - how to understand the value","Not allowed to be used in this context","","Need a framework for handling measures where the value is <5ug/L or >400mg/L due to the limitations of measuring methodology.","","If there is no comparator, then there is no modification of the value","","","","","",,"required","","http://hl7.org/fhir/ValueSet/quantity-comparator|4.3.0","",,,,"Quantity.comparator",0,1,"","ele-1:All FHIR elements must have a @value or children {hasValue() or (children().count() > id.count())}
","SN.1  / CQ.1","IVL properties"
"Range.high.unit","Range.high.unit","","","",0,1,"","","Y","string {[]} {[]}
","単位時間の単位","A human-readable form of the unit.","","There are many representations for units of measure and in many contexts, particular representations are fixed and required. I.e. mcg for micrograms.","","","","","","","",,,,,"",,,,"Quantity.unit",0,1,"","ele-1:All FHIR elements must have a @value or children {hasValue() or (children().count() > id.count())}
","(see OBX.6 etc.) / CQ.2","PQ.unit"
"Range.high.system","Range.high.system","","","",0,1,"","","Y","uri {[]} {[]}
","UCUMを識別するURL","UCUMを識別するURL。固定値。","","Need to know the system that defines the coded form of the unit.","","","","","","","",,,,,"",,,,"Quantity.system",0,1,"qty-3
","ele-1:All FHIR elements must have a @value or children {hasValue() or (children().count() > id.count())}
","(see OBX.6 etc.) / CQ.2","CO.codeSystem, PQ.translation.codeSystem"
"Range.high.code","Range.high.code","","","",0,1,"","","Y","code {[]} {[]}
","Coded form of the unit","A computer processable form of the unit in some unit representation system.","The preferred system is UCUM, but SNOMED CT can also be used (for customary units) or ISO 4217 for currency.  The context of use may additionally require a code from a particular system.","Need a computable form of the unit that is fixed across all forms. UCUM provides this for quantities, but SNOMED CT provides many units of interest.","","","","","","","",,"preferred","","http://hl7.org/fhir/ValueSet/units-of-time","",,,,"Quantity.code",0,1,"","ele-1:All FHIR elements must have a @value or children {hasValue() or (children().count() > id.count())}
","(see OBX.6 etc.) / CQ.2","PQ.code, MO.currency, PQ.translation.code"
