"Id","Path","Slice Name","Alias(s)","Label","Min","Max","Must Support?","Is Modifier?","Is Summary?","Type(s)","Short","Definition","Comments","Requirements","Default Value","Meaning When Missing","Fixed Value","Pattern","Example","Minimum Value","Maximum Value","Maximum Length","Binding Strength","Binding Description","Binding Value Set","Code","Slicing Discriminator","Slicing Description","Slicing Ordered","Slicing Rules","Base Path","Base Min","Base Max","Condition(s)","Constraint(s)","Mapping: Workflow Pattern","Mapping: HL7 v2 Mapping","Mapping: RIM Mapping","Mapping: FiveWs Pattern Mapping"
"DiagnosticReport","DiagnosticReport","","Report
TestResultResultsLabsLaboratory","",0,*,"","","","","診断レポート-依頼情報、１項目単位の結果、画像、解釈、およびフォーマットされたレポートの組み合わせ　【JP Core仕様】画像結果レポートのプロフィール。【詳細参照】","患者、患者のグループ、デバイス、場所、これらから派生した検体に対して実行された診断的検査の結果と解釈。レポートには、依頼情報や依頼者情報などの臨床コンテキスト（文脈）、および１項目単位の結果、画像、テキストとコード化された解釈、および診断レポートのフォーマットされた表現のいくつかの組み合わせが含まれる。

【JP Core仕様】画像結果レポートのプロフィール","これは単一のレポートをキャプチャすることを目的としており、複数のレポートをカバーする要約情報の表示に使用するのには適していない。たとえば、このリソースは、検査結果の累積レポート形式やシーケンスの詳細な構造化レポート用に作られていない。

【JP Core仕様】DiagnosticReportリソースの共通プロフィール","","","","","","","","",,,,,"",,,,"DiagnosticReport",0,*,"","","Event","ORU -> OBR","Entity. Role, or Act","Observation[classCode=OBS, moodCode=EVN]","clinical.diagnostics"
"DiagnosticReport.id","DiagnosticReport.id","","","",0,1,"","","Y","id {[]} {[]}
","Logical id of this artifact","The logical id of the resource, as used in the URL for the resource. Once assigned, this value never changes.","The only time that a resource does not have an id is when it is being submitted to the server using a create operation.","","","","","","","","",,,,,"",,,,"Resource.id",0,1,"",""
"DiagnosticReport.meta","DiagnosticReport.meta","","","",0,1,"","","Y","Meta {[]} {[]}
","Metadata about the resource","The metadata about the resource. This is content that is maintained by the infrastructure. Changes to the content might not always be associated with version changes to the resource.","","","","","","","","","",,,,,"",,,,"Resource.meta",0,1,"","ele-1:All FHIR elements must have a @value or children {hasValue() or (children().count() > id.count())}
"
"DiagnosticReport.implicitRules","DiagnosticReport.implicitRules","","","",0,1,"","Y","Y","uri {[]} {[]}
","A set of rules under which this content was created","A reference to a set of rules that were followed when the resource was constructed, and which must be understood when processing the content. Often, this is a reference to an implementation guide that defines the special rules along with other profiles etc.","Asserting this rule set restricts the content to be only understood by a limited set of trading partners. This inherently limits the usefulness of the data in the long term. However, the existing health eco-system is highly fractured, and not yet ready to define, collect, and exchange data in a generally computable sense. Wherever possible, implementers and/or specification writers should avoid using this element. Often, when used, the URL is a reference to an implementation guide that defines these special rules as part of it's narrative along with other profiles, value sets, etc.","","","","","","","","",,,,,"",,,,"Resource.implicitRules",0,1,"","ele-1:All FHIR elements must have a @value or children {hasValue() or (children().count() > id.count())}
"
"DiagnosticReport.language","DiagnosticReport.language","","","",0,1,"","","","code {[]} {[]}
","Language of the resource content","The base language in which the resource is written.","Language is provided to support indexing and accessibility (typically, services such as text to speech use the language tag). The html language tag in the narrative applies  to the narrative. The language tag on the resource may be used to specify the language of other presentations generated from the data in the resource. Not all the content has to be in the base language. The Resource.language should not be assumed to apply to the narrative automatically. If a language is specified, it should it also be specified on the div element in the html (see rules in HTML5 for information about the relationship between xml:lang and the html lang attribute).","","","","","","","","",,"preferred","IETF language tag","http://hl7.org/fhir/ValueSet/languages","",,,,"Resource.language",0,1,"","ele-1:All FHIR elements must have a @value or children {hasValue() or (children().count() > id.count())}
"
"DiagnosticReport.text","DiagnosticReport.text","","narrative
htmlxhtmldisplay","",0,1,"","","","Narrative {[]} {[]}
","人が読める形式で提示された情報。放射線レポートの場合はレポートの所見が保持される。【詳細参照】","リソースの概要を含み、リソースの内容を人間が解釈できる形で表現するために用いられる。すべての構造化データをエンコードする必要はないが、人間がテキストを読むだけで「臨床的に安全」になるように十分な詳細を含める必要がある。リソース定義は、臨床的安全性を確保するために、テキストの中でどのコンテンツを表現すべきかを定義することができる。放射線レポートでは少なくともレポートの所見が格納されることが期待される。また，検索可能な文字列が存在する部位としても利用されることを想定している。","放射線レポートの場合、主となる所見を表すエレメントは他のリソースエレメントには存在しない。よってこのドメインリソースを用いてレポートの少なくとも「所見」を人間が可読な状態で保持することが求められる。","","","","","","","","",,,,,"",,,,"DomainResource.text",0,1,"","ele-1:All FHIR elements must have a @value or children {hasValue() or (children().count() > id.count())}
","Act.text?"
"DiagnosticReport.contained","DiagnosticReport.contained","","inline resources
anonymous resourcescontained resources","",0,*,"","","","Resource {[]} {[]}
","Contained, inline Resources","These resources do not have an independent existence apart from the resource that contains them - they cannot be identified independently, and nor can they have their own independent transaction scope.","This should never be done when the content can be identified properly, as once identification is lost, it is extremely difficult (and context dependent) to restore it again. Contained resources may have profiles and tags In their meta elements, but SHALL NOT have security labels.","","","","","","","","",,,,,"",,,,"DomainResource.contained",0,*,"","dom-r4b:Containing new R4B resources within R4 resources may cause interoperability issues if instances are shared with R4 systems {($this is Citation or $this is Evidence or $this is EvidenceReport or $this is EvidenceVariable or $this is MedicinalProductDefinition or $this is PackagedProductDefinition or $this is AdministrableProductDefinition or $this is Ingredient or $this is ClinicalUseDefinition or $this is RegulatedAuthorization or $this is SubstanceDefinition or $this is SubscriptionStatus or $this is SubscriptionTopic) implies (%resource is Citation or %resource is Evidence or %resource is EvidenceReport or %resource is EvidenceVariable or %resource is MedicinalProductDefinition or %resource is PackagedProductDefinition or %resource is AdministrableProductDefinition or %resource is Ingredient or %resource is ClinicalUseDefinition or %resource is RegulatedAuthorization or %resource is SubstanceDefinition or %resource is SubscriptionStatus or %resource is SubscriptionTopic)}
","N/A"
"DiagnosticReport.extension","DiagnosticReport.extension","","extensions
user content","",0,*,"","","","Extension {[]} {[]}
","Additional content defined by implementations","May be used to represent additional information that is not part of the basic definition of the resource. To make the use of extensions safe and manageable, there is a strict set of governance  applied to the definition and use of extensions. Though any implementer can define an extension, there is a set of requirements that SHALL be met as part of the definition of the extension.","There can be no stigma associated with the use of extensions by any application, project, or standard - regardless of the institution or jurisdiction that uses or defines the extensions.  The use of extensions is what allows the FHIR specification to retain a core level of simplicity for everyone.","","","","","","","","",,,,,"",,,,"DomainResource.extension",0,*,"","ele-1:All FHIR elements must have a @value or children {hasValue() or (children().count() > id.count())}
ext-1:Must have either extensions or value[x], not both {extension.exists() != value.exists()}","N/A"
"DiagnosticReport.modifierExtension","DiagnosticReport.modifierExtension","","extensions
user content","",0,*,"","Y","","Extension {[]} {[]}
","Extensions that cannot be ignored","May be used to represent additional information that is not part of the basic definition of the resource and that modifies the understanding of the element that contains it and/or the understanding of the containing element's descendants. Usually modifier elements provide negation or qualification. To make the use of extensions safe and manageable, there is a strict set of governance applied to the definition and use of extensions. Though any implementer is allowed to define an extension, there is a set of requirements that SHALL be met as part of the definition of the extension. Applications processing a resource are required to check for modifier extensions.

Modifier extensions SHALL NOT change the meaning of any elements on Resource or DomainResource (including cannot change the meaning of modifierExtension itself).","There can be no stigma associated with the use of extensions by any application, project, or standard - regardless of the institution or jurisdiction that uses or defines the extensions.  The use of extensions is what allows the FHIR specification to retain a core level of simplicity for everyone.","Modifier extensions allow for extensions that *cannot* be safely ignored to be clearly distinguished from the vast majority of extensions which can be safely ignored.  This promotes interoperability by eliminating the need for implementers to prohibit the presence of extensions. For further information, see the [definition of modifier extensions](http://hl7.org/fhir/2021Mar/extensibility.html#modifierExtension).","","","","","","","",,,,,"",,,,"DomainResource.modifierExtension",0,*,"","ele-1:All FHIR elements must have a @value or children {hasValue() or (children().count() > id.count())}
ext-1:Must have either extensions or value[x], not both {extension.exists() != value.exists()}","N/A"
"DiagnosticReport.identifier","DiagnosticReport.identifier","","ReportID
Filler IDPlacer ID","",0,*,"","","Y","Identifier {[]} {[]}
","レポートを識別するビジネス識別子。【詳細参照】","実行者または他のシステムによってこのレポートに割り当てられた識別子。","通常は診断サービスプロバイダの情報システムにより設定される。

【JP Core仕様】レポート番号

（放射線情報システム(RIS)による発番が想定されるが、施設によって電子カルテ等のオーダ番号を使う場合もあり得る）","このレポートについてクエリを実行するとき、およびFHIRコンテキスト外のレポートにリンクするときにどの識別子を使用するかを知る必要がある","","","","","","","",,,,,"",,,,"DiagnosticReport.identifier",0,*,"","ele-1:All FHIR elements must have a @value or children {hasValue() or (children().count() > id.count())}
","Event.identifier","OBR-51/ for globally unique filler ID  - OBR-3 , For non-globally unique filler-id the flller/placer number must be combined with the universal service Id -  OBR-2(if present)+OBR-3+OBR-4","id","FiveWs.identifier"
"DiagnosticReport.basedOn","DiagnosticReport.basedOn","","Request
","",0,*,"Y","","","Reference {[]} {[CanonicalType[http://hl7.org/fhir/StructureDefinition/CarePlan], CanonicalType[http://hl7.org/fhir/StructureDefinition/ImmunizationRecommendation], CanonicalType[http://jpfhir.jp/fhir/core/StructureDefinition/JP_MedicationRequest], CanonicalType[http://jpfhir.jp/fhir/core/StructureDefinition/JP_MedicationRequest_Injection], CanonicalType[http://hl7.org/fhir/StructureDefinition/NutritionOrder], CanonicalType[http://hl7.org/fhir/StructureDefinition/ServiceRequest]]}
","レポート作成サービスに対する要求の詳細。【詳細参照】","検査や診断の依頼の元になったもの。通常はServiceRequestあるいはCarePlan（治験や抗がん剤投与等により検査を行うことが必須の場合、根拠となった事象を追記することは制限しない）","通常は１つのリクエストに対し１つの検査結果となるが、状況によって１つのリクエストに対し複数の検査結果が要求され、複数のレポートが作成される場合もあるので注意すること。

【JP Core仕様】オーダ発生元の ServiceRequest または CarePlan への参照（多くの場合はServiceRequest（オーダ）が存在するが、オーダが発生しない検査も想定される。）","このエレメントによりレポートの認可をトレースしたり、レポート作成サービスに対する提案や推奨事項を追跡することができる。","","","","","","","",,,,,"",,,,"DiagnosticReport.basedOn",0,*,"","ele-1:All FHIR elements must have a @value or children {hasValue() or (children().count() > id.count())}
","Event.basedOn","ORC? OBR-2/3?","outboundRelationship[typeCode=FLFS].target"
"DiagnosticReport.status","DiagnosticReport.status","","","",1,1,"","Y","Y","code {[]} {[]}
","診断レポートの状態。【詳細参照】","診断レポートの状態","FHIRのstringsは1MBを越えてはならない（SHALL NOT）ことに留意すること。

【JP Core仕様】・診断レポートのステータス

・定義通りの選択肢（例：preliminary 一次読影, final 二次読影（完了）等）を利用。","診断サービスではルーチンに仮確定あるいは不完全なレポートが発生することがある。また、しばしば前に発行されたレポートが取り消されることもある。","","","","","","","",,"required","The status of the diagnostic report.","http://hl7.org/fhir/ValueSet/diagnostic-report-status|4.3.0","",,,,"DiagnosticReport.status",1,1,"","ele-1:All FHIR elements must have a @value or children {hasValue() or (children().count() > id.count())}
","Event.status","OBR-25 (not 1:1 mapping)","statusCode  Note: final and amended are distinguished by whether observation is the subject of a ControlAct event of type ""revise""","FiveWs.status"
"DiagnosticReport.category","DiagnosticReport.category","","Department
Sub-departmentServiceDiscipline","",1,*,"Y","","Y","CodeableConcept {[]} {[]}
","レポートを作成した分野を分類するコード。【詳細参照】","レポートを作成した臨床分野・部門、または診断サービス（CT, US, MRIなど）を分類するコード。 これは、検索、並べ替え、および表示の目的で使用される。【JP-Core仕様】放射線レポートは ”RAD” をデフォルトとして設定。追加の情報については任意で設定可能。","さまざまなカテゴリ化スキームを使用して、複数のカテゴリを使用できる。粒度のレベルは、それぞれの値セットのカテゴリの概念によって定義される。 DiagnosticReport.codeのメタデータや用語の階層を使用して、よりきめ細かいフィルタリングを実行できる。","","","","","","","","",,"example","HL7 V2 table 0074","http://hl7.org/fhir/ValueSet/diagnostic-service-sections","","pattern:$this}
","",,"open","DiagnosticReport.category",0,*,"","ele-1:All FHIR elements must have a @value or children {hasValue() or (children().count() > id.count())}
","OBR-24","inboundRelationship[typeCode=COMP].source[classCode=LIST, moodCode=EVN, code < LabService].code","FiveWs.class"
"DiagnosticReport.category:radiology","DiagnosticReport.category","radiology","Department
Sub-departmentServiceDiscipline","",1,1,"","","Y","CodeableConcept {[]} {[]}
","サービスカテゴリー。【詳細参照】","レポートを作成した臨床分野、部門、または診断サービス（心臓病学、生化学、血液学、MRIなど）を分類するコード。これは、検索、並べ替え、および表示の目的で使用される。","さまざまなカテゴリ化スキームを使用して、複数のカテゴリを使用できる。粒度のレベルは、それぞれの値セットのカテゴリの概念によって定義される。 DiagnosticReport.codeのメタデータや用語の階層を使用して、よりきめ細かいフィルタリングを実行できる。","","","","","<valueCodeableConcept xmlns=""http://hl7.org/fhir"">
  <coding>
    <system value=""http://terminology.hl7.org/CodeSystem/v2-0074""/>
    <code value=""RAD""/>
  </coding>
</valueCodeableConcept>","","","",,"example","HL7 V2 table 0074","http://hl7.org/fhir/ValueSet/diagnostic-service-sections","",,,,"DiagnosticReport.category",0,*,"","ele-1:All FHIR elements must have a @value or children {hasValue() or (children().count() > id.count())}
","OBR-24","inboundRelationship[typeCode=COMP].source[classCode=LIST, moodCode=EVN, code < LabService].code","FiveWs.class"
"DiagnosticReport.code","DiagnosticReport.code","","Type
","",1,1,"","","Y","CodeableConcept {[]} {[]}
","この診断レポートの名前/コード。【詳細参照】","この診断レポートを表現するコードや名称","【JP Core仕様】[画像診断レポート交換手順ガイドライン](https://www.jira-net.or.jp/publishing/files/jesra/JESRA_TR-0042_2018.pdf)「5.1 レポート種別コード」に記載されているLOINCコード [Diagnostic imaging study](https://loinc.org/18748-4/) を指定。コードを指定できない場合はCodeableConceptを使用せずテキスト等を直接コーディングすることも許容されるが、要素間の調整と事前・事後の内容の整合性確保のために独自の構造を提供する必要があるので留意すること。","","","","","","","","",,"preferred","LOINC Codes for Diagnostic Reports","http://hl7.org/fhir/ValueSet/report-codes","",,,,"DiagnosticReport.code",1,1,"","ele-1:All FHIR elements must have a @value or children {hasValue() or (children().count() > id.count())}
","Event.code","OBR-4 (HL7 v2 doesn't provide an easy way to indicate both the ordered test and the performed panel)","code","FiveWs.what[x]"
"DiagnosticReport.code.id","DiagnosticReport.code.id","","","",0,1,"","","","id {[]} {[]}
","Unique id for inter-element referencing","Unique id for the element within a resource (for internal references). This may be any string value that does not contain spaces.","","","","","","","","","",,,,,"",,,,"Element.id",0,1,"","","n/a"
"DiagnosticReport.code.extension","DiagnosticReport.code.extension","","extensions
user content","",0,*,"","","","Extension {[]} {[]}
","Additional content defined by implementations","May be used to represent additional information that is not part of the basic definition of the element. To make the use of extensions safe and manageable, there is a strict set of governance  applied to the definition and use of extensions. Though any implementer can define an extension, there is a set of requirements that SHALL be met as part of the definition of the extension.","There can be no stigma associated with the use of extensions by any application, project, or standard - regardless of the institution or jurisdiction that uses or defines the extensions.  The use of extensions is what allows the FHIR specification to retain a core level of simplicity for everyone.","","","","","","","","",,,,,"","value:url}
","Extensions are always sliced by (at least) url",,"open","Element.extension",0,*,"","ele-1:All FHIR elements must have a @value or children {hasValue() or (children().count() > id.count())}
ext-1:Must have either extensions or value[x], not both {extension.exists() != value.exists()}","n/a"
"DiagnosticReport.code.coding","DiagnosticReport.code.coding","","","",0,*,"","","Y","Coding {[]} {[]}
","Code defined by a terminology system","A reference to a code defined by a terminology system.","Codes may be defined very casually in enumerations, or code lists, up to very formal definitions such as SNOMED CT - see the HL7 v3 Core Principles for more information.  Ordering of codings is undefined and SHALL NOT be used to infer meaning. Generally, at most only one of the coding values will be labeled as UserSelected = true.","Allows for alternative encodings within a code system, and translations to other code systems.","","","","","","","",,,,,"","pattern:$this}
","",,"open","CodeableConcept.coding",0,*,"","ele-1:All FHIR elements must have a @value or children {hasValue() or (children().count() > id.count())}
","C*E.1-8, C*E.10-22","union(., ./translation)"
"DiagnosticReport.code.coding:radiologyReportCode","DiagnosticReport.code.coding","radiologyReportCode","","",0,1,"","","Y","Coding {[]} {[]}
","放射線レポート項目コード。本ユースケースにおける項目コード推奨値をスライスにて示している。【詳細参照】","放射線レポート項目コード。本ユースケースにおける項目コード推奨値をスライスにて示している。","推奨コードは必須ではない、派生先によるコード体系を作成し割り振ることを否定しない","Allows for alternative encodings within a code system, and translations to other code systems.","","","","<valueCoding xmlns=""http://hl7.org/fhir"">
  <system value=""http://loinc.org""/>
  <code value=""18748-4""/>
  <display value=""Diagnostic imaging study""/>
</valueCoding>","","","",,,,,"",,,,"CodeableConcept.coding",0,*,"","ele-1:All FHIR elements must have a @value or children {hasValue() or (children().count() > id.count())}
","C*E.1-8, C*E.10-22","union(., ./translation)"
"DiagnosticReport.code.text","DiagnosticReport.code.text","","","",0,1,"","","Y","string {[]} {[]}
","Plain text representation of the concept","A human language representation of the concept as seen/selected/uttered by the user who entered the data and/or which represents the intended meaning of the user.","Very often the text is the same as a displayName of one of the codings.","The codes from the terminologies do not always capture the correct meaning with all the nuances of the human using them, or sometimes there is no appropriate code at all. In these cases, the text is used to capture the full meaning of the source.","","","","","","","",,,,,"",,,,"CodeableConcept.text",0,1,"","ele-1:All FHIR elements must have a @value or children {hasValue() or (children().count() > id.count())}
","C*E.9. But note many systems use C*E.2 for this","./originalText[mediaType/code=""text/plain""]/data"
"DiagnosticReport.subject","DiagnosticReport.subject","","Patient
","",0,1,"Y","","Y","Reference {[]} {[CanonicalType[http://jpfhir.jp/fhir/core/StructureDefinition/JP_Patient], CanonicalType[http://hl7.org/fhir/StructureDefinition/Group], CanonicalType[http://hl7.org/fhir/StructureDefinition/Device], CanonicalType[http://jpfhir.jp/fhir/core/StructureDefinition/JP_Location]]}
","レポートの対象、常にではないが、通常は患者。【詳細参照】","レポートの対象。 必ずでは無いが、通常、これには「患者」が該当する。","参照は実際のFHIRリソースへの参照であり、解決可能である必要がある。解決はURLから取得するか、または、リソースタイプが利用できる場合は絶対参照を正規URLとして扱い、ローカルレジストリ/リポジトリで検索する。

【JP Core仕様】Patient リソースを参照","対象のコンテキストが必要である。","","","","","","","",,,,,"",,,,"DiagnosticReport.subject",0,1,"","ele-1:All FHIR elements must have a @value or children {hasValue() or (children().count() > id.count())}
","Event.subject","PID-3 (no HL7 v2 mapping for Group or Device)","participation[typeCode=SBJ]","FiveWs.subject[x]","FiveWs.subject"
"DiagnosticReport.encounter","DiagnosticReport.encounter","","Context
","",0,1,"","","Y","Reference {[]} {[CanonicalType[http://jpfhir.jp/fhir/core/StructureDefinition/JP_Encounter]]}
","依頼時におけるヘルスケアイベント（受診など）。【詳細参照】","この診断レポートが関するヘルスケアイベント。","これは通常、レポートの作成が発生するEncounterだが、一部のイベントはEncounterの正式な完了の前または後に開始される場合がある（例えば入院前の検査）。その場合でも（入院に関連して検査が行われる場合など）、Encounterのコンテキストに関連付けられる。

【JP Core仕様】このレポートを書く切っ掛けとなる Encounterリソース（例：術前検査の場合、術前訪問） を参照","Encounterコンテキストへのリンクが必要である","","","","","","","",,,,,"",,,,"DiagnosticReport.encounter",0,1,"","ele-1:All FHIR elements must have a @value or children {hasValue() or (children().count() > id.count())}
","Event.encounter","PV1-19","inboundRelationship[typeCode=COMP].source[classCode=ENC, moodCode=EVN]","FiveWs.context"
"DiagnosticReport.effective[x]","DiagnosticReport.effective[x]","","Observation time
Effective TimeOccurrence","",0,1,"Y","","Y","dateTime {[]} {[]}
","臨床的に関連する時刻または時間。【詳細参照】","観測値が関連する時間または期間。レポートの対象が患者である場合、これは通常、読影開始の時間であり、日付/時刻自体のみが提供される。","診断手順が患者に対して実行された場合、これは実行された時間を示す。

【JP Core仕様】レポート作成日時

（DateTimeを採用し、Periodは不使用）","Need to know where in the patient history to file/present this report.","","","","","","","",,,,,"",,,,"DiagnosticReport.effective[x]",0,1,"","ele-1:All FHIR elements must have a @value or children {hasValue() or (children().count() > id.count())}
","Event.occurrence[x]","OBR-7","effectiveTime","FiveWs.done[x]"
"DiagnosticReport.issued","DiagnosticReport.issued","","Date published
Date IssuedDate Verified","",0,1,"Y","","Y","instant {[]} {[]}
","このバージョンが作成された日時。【詳細参照】","このバージョンのレポートがプロバイダに提供された日時。通常、レポートがレビューおよび検証された後になる。","リソース自体の更新時間とは異なる場合がある。これは、レポートの実際のリリース時間ではなく、レコード（場合によってはセカンダリコピー）のステータスであるため。

【JP Core仕様】レポート確定日時","臨床医は、レポートがリリースされた日付を確認できる必要がある。","","","","","","","",,,,,"",,,,"DiagnosticReport.issued",0,1,"","ele-1:All FHIR elements must have a @value or children {hasValue() or (children().count() > id.count())}
","OBR-22","participation[typeCode=VRF or AUT].time","FiveWs.recorded"
"DiagnosticReport.performer","DiagnosticReport.performer","","Laboratory
ServicePractitionerDepartmentCompanyAuthorized byDirector","",0,*,"Y","","Y","Reference {[]} {[CanonicalType[http://jpfhir.jp/fhir/core/StructureDefinition/JP_Practitioner]]}
","レポート内容に責任をもつ診断的サービス。【詳細参照】","レポートの発行を担当するもの。","臨床診断レポートに対して責任を持つもの.

【JP Core仕様】レポート確定者

（責任としては performer > resultsInterpreter という関係性）","結果に関する問い合わせがある場合は、誰に連絡を取るべきかを知る必要がある。また、データ二次分析のためにレポートの発生源を追跡する必要が生じる場合もある。","","","","","","","",,,,,"",,,,"DiagnosticReport.performer",0,*,"","ele-1:All FHIR elements must have a @value or children {hasValue() or (children().count() > id.count())}
","Event.performer.actor","PRT-8 (where this PRT-4-Participation = ""PO"")",".participation[typeCode=PRF]","FiveWs.actor"
"DiagnosticReport.resultsInterpreter","DiagnosticReport.resultsInterpreter","","Analyzed by
Reported by","",0,*,"Y","","Y","Reference {[]} {[CanonicalType[http://jpfhir.jp/fhir/core/StructureDefinition/JP_Practitioner]]}
","結果の一次解釈者。【詳細参照】","レポートの結論や読影に関わる医師や組織","必ずしも診断レポートに対して責任を持つものを示すわけでは無い。

【JP Core仕様】但し、一次読影や二次読影などの役割 (Practitioner Roll) の指定方法はペンディング","結果に関する問い合わせがある場合は、誰に連絡を取るべきかを知る必要がある。また、データ二次分析のためにレポートの発生源を追跡する必要が生じる場合もある。","","","","","","","",,,,,"",,,,"DiagnosticReport.resultsInterpreter",0,*,"","ele-1:All FHIR elements must have a @value or children {hasValue() or (children().count() > id.count())}
","Event.performer.actor","OBR-32, PRT-8 (where this PRT-4-Participation = ""PI"")",".participation[typeCode=PRF]","FiveWs.actor"
"DiagnosticReport.specimen","DiagnosticReport.specimen","","","",0,*,"","","","Reference {[]} {[CanonicalType[http://hl7.org/fhir/StructureDefinition/Specimen]]}
","【JP Core仕様】未使用

・画像ガイド下生検で得られる検体の可能性は有り得るが、放射線レポートでは特には規定しない【詳細参照】","診断レポートの対象となる検体","【JP Core仕様】未使用

・画像ガイド下生検で得られる検体の可能性は有り得るが、本項目は病理レポートで利用されることを想定し、放射線レポートでは特には規定しない","レポートの対象となる取集された検体についての情報をレポートできる必要がある。","","","","","","","",,,,,"",,,,"DiagnosticReport.specimen",0,*,"","ele-1:All FHIR elements must have a @value or children {hasValue() or (children().count() > id.count())}
","SPM","participation[typeCode=SBJ]"
"DiagnosticReport.result","DiagnosticReport.result","","Data
Atomic ValueResultAtomic resultDataTestAnalyteBatteryOrganizer","",0,*,"","","","Reference {[]} {[CanonicalType[http://hl7.org/fhir/StructureDefinition/Observation]]}
","診断レポートの一部となるObservationリソース【詳細参照】","【JP Core仕様】計測情報などの付随所見をObservationリソースとして定義できるが、該当するコードが定義できないため放射線レポートでは未定義とする。関連する検体検査結果（腎機能や感染症情報等）を保持することは可能。","Observationはさらにobservationを含むことができる。

【JP Core仕様】計測情報などの付随所見をObservationリソースとして定義できるが、該当するコードが定義できないため放射線レポートでは未定義とする。関連する検体検査結果（腎機能や感染症情報等）を保持することは可能。","結果のグループ化が任意だが、意味のある個別の結果または結果のグループをサポートする必要がある。","","","","","","","",,,,,"",,,,"DiagnosticReport.result",0,*,"","ele-1:All FHIR elements must have a @value or children {hasValue() or (children().count() > id.count())}
","OBXs","outboundRelationship[typeCode=COMP].target"
"DiagnosticReport.imagingStudy","DiagnosticReport.imagingStudy","","","",0,*,"Y","","","Reference {[]} {[CanonicalType[http://jpfhir.jp/fhir/core/StructureDefinition/JP_ImagingStudy_Radiology]]}
","診断レポートに関連づけれらた画像検査の詳細情報への参照。【詳細参照】","実行された画像検査の完全な詳細に関する1つあるいは複数のリンク。通常、これは DICOM対応モダリティによって実行されるイメージングだが、DICOMであることが必須ではない。完全に有効な PACS ビューアは、この情報を使用してソース イメージのビューを提供できる。","【JP Core仕様】・対象となるImagingStudyリソースを参照

・放射線レポートでは検査実施後には必須（複数もあり得る）","","","","","","","","",,,,,"",,,,"DiagnosticReport.imagingStudy",0,*,"","ele-1:All FHIR elements must have a @value or children {hasValue() or (children().count() > id.count())}
","outboundRelationship[typeCode=COMP].target[classsCode=DGIMG, moodCode=EVN]"
"DiagnosticReport.media","DiagnosticReport.media","","DICOM
SlidesScans","",0,*,"","","Y","BackboneElement {[]} {[]}
","このレポートに関連づけられたキー画像。【詳細参照】","このレポートに関連付けられているキーイメージの一覧。","【JP Core仕様】キーイメージを設定","多くの診断サービスには、サービスの一部としてレポートに画像が含まれている。","","","","","","","",,,,,"",,,,"DiagnosticReport.media",0,*,"","","OBX?","outboundRelationship[typeCode=COMP].target"
"DiagnosticReport.media.id","DiagnosticReport.media.id","","","",0,1,"","","","string {[]} {[]}
","Unique id for inter-element referencing","Unique id for the element within a resource (for internal references). This may be any string value that does not contain spaces.","","","","","","","","","",,,,,"",,,,"Element.id",0,1,"","","n/a"
"DiagnosticReport.media.extension","DiagnosticReport.media.extension","","extensions
user content","",0,*,"","","","Extension {[]} {[]}
","Additional content defined by implementations","May be used to represent additional information that is not part of the basic definition of the element. To make the use of extensions safe and manageable, there is a strict set of governance  applied to the definition and use of extensions. Though any implementer can define an extension, there is a set of requirements that SHALL be met as part of the definition of the extension.","There can be no stigma associated with the use of extensions by any application, project, or standard - regardless of the institution or jurisdiction that uses or defines the extensions.  The use of extensions is what allows the FHIR specification to retain a core level of simplicity for everyone.","","","","","","","","",,,,,"",,,,"Element.extension",0,*,"","ele-1:All FHIR elements must have a @value or children {hasValue() or (children().count() > id.count())}
ext-1:Must have either extensions or value[x], not both {extension.exists() != value.exists()}","n/a"
"DiagnosticReport.media.modifierExtension","DiagnosticReport.media.modifierExtension","","extensions
user contentmodifiers","",0,*,"","Y","Y","Extension {[]} {[]}
","Extensions that cannot be ignored even if unrecognized","May be used to represent additional information that is not part of the basic definition of the element and that modifies the understanding of the element in which it is contained and/or the understanding of the containing element's descendants. Usually modifier elements provide negation or qualification. To make the use of extensions safe and manageable, there is a strict set of governance applied to the definition and use of extensions. Though any implementer can define an extension, there is a set of requirements that SHALL be met as part of the definition of the extension. Applications processing a resource are required to check for modifier extensions.

Modifier extensions SHALL NOT change the meaning of any elements on Resource or DomainResource (including cannot change the meaning of modifierExtension itself).","There can be no stigma associated with the use of extensions by any application, project, or standard - regardless of the institution or jurisdiction that uses or defines the extensions.  The use of extensions is what allows the FHIR specification to retain a core level of simplicity for everyone.","Modifier extensions allow for extensions that *cannot* be safely ignored to be clearly distinguished from the vast majority of extensions which can be safely ignored.  This promotes interoperability by eliminating the need for implementers to prohibit the presence of extensions. For further information, see the [definition of modifier extensions](http://hl7.org/fhir/2021Mar/extensibility.html#modifierExtension).","","","","","","","",,,,,"",,,,"BackboneElement.modifierExtension",0,*,"","ele-1:All FHIR elements must have a @value or children {hasValue() or (children().count() > id.count())}
ext-1:Must have either extensions or value[x], not both {extension.exists() != value.exists()}","N/A"
"DiagnosticReport.media.comment","DiagnosticReport.media.comment","","","",0,1,"","","","string {[]} {[]}
","Comment about the image (e.g. explanation)","イメージに関するコメント。通常、これは画像が含まれる理由を説明したり、依頼者の注意を重要な内容に引き付けるために使用される。","コメントは、画像と共に表示される。レポートでは画像の内容に関する追加の議論が、DiagnosticReport.textやDiagnosticReport.conclusionなどの他のセクションに含まれるのが一般的である。

【JP Core仕様】キーイメージの説明","レポート作成者は、レポートに含まれる各画像についてコメントを付け加える","","","","","","","",,,,,"",,,,"DiagnosticReport.media.comment",0,1,"","ele-1:All FHIR elements must have a @value or children {hasValue() or (children().count() > id.count())}
",".inboundRelationship[typeCode=COMP].source[classCode=OBS, moodCode=EVN, code=""annotation""].value"
"DiagnosticReport.media.link","DiagnosticReport.media.link","","","",1,1,"Y","","Y","Reference {[]} {[CanonicalType[http://hl7.org/fhir/StructureDefinition/Media]]}
","Reference to the image source","イメージ ソースへの参照。","参照は実際のFHIRリソースへの参照であり、解決可能である必要がある。解決はURLから取得するか、または、リソースタイプが利用できる場合は絶対参照を正規URLとして扱い、ローカルレジストリ/リポジトリで検索する。

【JP Core仕様】キーイメージの参照先","","","","","","","","",,,,,"",,,,"DiagnosticReport.media.link",1,1,"","ele-1:All FHIR elements must have a @value or children {hasValue() or (children().count() > id.count())}
",".value.reference"
"DiagnosticReport.conclusion","DiagnosticReport.conclusion","","Report
","",0,1,"Y","","","string {[]} {[]}
","検査結果の臨床的結論（解釈）。【詳細参照】","診断報告書の簡潔かつ臨床的に文脈化された要約結論(interpretation/impression)","FHIRのstringsは1MBを越えてはならない（SHALL NOT）ことに留意すること。

【JP Core仕様】放射線レポートの結果/結論/インプレッションの文章を記載","基本的な結果で、失われない結論を提供する必要がある。","","","","","","","",,,,,"",,,,"DiagnosticReport.conclusion",0,1,"","ele-1:All FHIR elements must have a @value or children {hasValue() or (children().count() > id.count())}
","OBX","inboundRelationship[typeCode=""SPRT""].source[classCode=OBS, moodCode=EVN, code=LOINC:48767-8].value (type=ST)"
"DiagnosticReport.conclusionCode","DiagnosticReport.conclusionCode","","","",0,*,"","","","CodeableConcept {[]} {[]}
","検査結果の臨床的結論（解釈）用のコード。【詳細参照】","診断レポートの要約の結論 (interpretation/impression) を表す 1 つ以上のコード。","すべての用語の使用がこの一般的なパターンに適合するわけではない。 場合によっては、モデルにcodeableConceptを使用せず、コーディングを直接使用して、テキスト、コーディング、翻訳、および要素間の関係と事前調整および事後調整を管理するための独自の構造を提供する必要がある。 

【JP Core仕様】・放射線レポートの所見の結論となるコードを設定。

・例えば、ICD 病名コード","","","","","","","","",,"example","SNOMED CT Clinical Findings","http://hl7.org/fhir/ValueSet/clinical-findings","",,,,"DiagnosticReport.conclusionCode",0,*,"","ele-1:All FHIR elements must have a @value or children {hasValue() or (children().count() > id.count())}
","OBX","inboundRelationship[typeCode=SPRT].source[classCode=OBS, moodCode=EVN, code=LOINC:54531-9].value (type=CD)"
"DiagnosticReport.presentedForm","DiagnosticReport.presentedForm","","","",0,*,"Y","","","Attachment {[]} {[]}
","発行されたレポート全体。【詳細参照】","診断サービスによって発行された結果全体のリッチ テキスト表現。複数の形式は許可されるが、意味的に等価である必要がある。","""application/pdf"" がこのコンテキストで最も信頼性が高く、相互運用可能なアプリケーションとして推奨される。

【JP Core仕様】添付するXHTMLやPDFなどの文書","臨床での再現性を担保するために、独自の完全にフォーマットされたレポートを提供可能である。","","","","","","","",,,,,"",,,,"DiagnosticReport.presentedForm",0,*,"","ele-1:All FHIR elements must have a @value or children {hasValue() or (children().count() > id.count())}
","OBX","text (type=ED)"
