"Id","Path","Slice Name","Alias(s)","Label","Min","Max","Must Support?","Is Modifier?","Is Summary?","Type(s)","Short","Definition","Comments","Requirements","Default Value","Meaning When Missing","Fixed Value","Pattern","Example","Minimum Value","Maximum Value","Maximum Length","Binding Strength","Binding Description","Binding Value Set","Code","Slicing Discriminator","Slicing Description","Slicing Ordered","Slicing Rules","Base Path","Base Min","Base Max","Condition(s)","Constraint(s)","Mapping: Workflow Pattern","Mapping: SNOMED CT Concept Domain Binding","Mapping: HL7 v2 Mapping","Mapping: RIM Mapping","Mapping: FiveWs Pattern Mapping","Mapping: SNOMED CT Attribute Binding"
"Observation","Observation","","Vital Signs
MeasurementResultsTests","",0,*,"","","","null {[]} {[]}
","検体検査結果","検体検査結果の格納に使用する。","すべてのObservation（検査測定や観察事実）の制約プロファイル","","","","","","","","",,,,,"",,,,"Observation",0,*,"","dom-2:If the resource is contained in another resource, it SHALL NOT contain nested Resources {contained.contained.empty()}
dom-3:If the resource is contained in another resource, it SHALL be referred to from elsewhere in the resource or SHALL refer to the containing resource {contained.where(((id.exists() and ('#'+id in (%resource.descendants().reference | %resource.descendants().as(canonical) | %resource.descendants().as(uri) | %resource.descendants().as(url)))) or descendants().where(reference = '#').exists() or descendants().where(as(canonical) = '#').exists() or descendants().where(as(uri) = '#').exists()).not()).trace('unmatched', id).empty()}dom-4:If a resource is contained in another resource, it SHALL NOT have a meta.versionId or a meta.lastUpdated {contained.meta.versionId.empty() and contained.meta.lastUpdated.empty()}dom-5:If a resource is contained in another resource, it SHALL NOT have a security label {contained.meta.security.empty()}dom-6:A resource should have narrative for robust management {text.`div`.exists()}obs-6:dataAbsentReason SHALL only be present if Observation.value[x] is not present {dataAbsentReason.empty() or value.empty()}obs-7:If Observation.code is the same as an Observation.component.code then the value element associated with the code SHALL NOT be present {value.empty() or component.code.where(coding.intersect(%resource.code.coding).exists()).empty()}","Event","< 363787002 |Observable entity|","OBX","Entity. Role, or Act","Observation[classCode=OBS, moodCode=EVN]","clinical.diagnostics"
"Observation.id","Observation.id","","","",0,1,"","","Y","id {[]} {[]}
","Logical id of this artifact","The logical id of the resource, as used in the URL for the resource. Once assigned, this value never changes.","The only time that a resource does not have an id is when it is being submitted to the server using a create operation.","","","","","","","","",,,,,"",,,,"Resource.id",0,1,"",""
"Observation.meta","Observation.meta","","","",0,1,"","","Y","Meta {[]} {[]}
","Metadata about the resource","The metadata about the resource. This is content that is maintained by the infrastructure. Changes to the content might not always be associated with version changes to the resource.","","","","","","","","","",,,,,"",,,,"Resource.meta",0,1,"","ele-1:All FHIR elements must have a @value or children {hasValue() or (children().count() > id.count())}
"
"Observation.implicitRules","Observation.implicitRules","","","",0,1,"","Y","Y","uri {[]} {[]}
","A set of rules under which this content was created","A reference to a set of rules that were followed when the resource was constructed, and which must be understood when processing the content. Often, this is a reference to an implementation guide that defines the special rules along with other profiles etc.","Asserting this rule set restricts the content to be only understood by a limited set of trading partners. This inherently limits the usefulness of the data in the long term. However, the existing health eco-system is highly fractured, and not yet ready to define, collect, and exchange data in a generally computable sense. Wherever possible, implementers and/or specification writers should avoid using this element. Often, when used, the URL is a reference to an implementation guide that defines these special rules as part of it's narrative along with other profiles, value sets, etc.","","","","","","","","",,,,,"",,,,"Resource.implicitRules",0,1,"","ele-1:All FHIR elements must have a @value or children {hasValue() or (children().count() > id.count())}
"
"Observation.language","Observation.language","","","",0,1,"","","","code {[]} {[]}
","Language of the resource content","The base language in which the resource is written.","Language is provided to support indexing and accessibility (typically, services such as text to speech use the language tag). The html language tag in the narrative applies  to the narrative. The language tag on the resource may be used to specify the language of other presentations generated from the data in the resource. Not all the content has to be in the base language. The Resource.language should not be assumed to apply to the narrative automatically. If a language is specified, it should it also be specified on the div element in the html (see rules in HTML5 for information about the relationship between xml:lang and the html lang attribute).","","","","","","","","",,"preferred","IETF language tag","http://hl7.org/fhir/ValueSet/languages","",,,,"Resource.language",0,1,"","ele-1:All FHIR elements must have a @value or children {hasValue() or (children().count() > id.count())}
"
"Observation.text","Observation.text","","narrative
htmlxhtmldisplay","",0,1,"","","","Narrative {[]} {[]}
","Text summary of the resource, for human interpretation","A human-readable narrative that contains a summary of the resource and can be used to represent the content of the resource to a human. The narrative need not encode all the structured data, but is required to contain sufficient detail to make it ""clinically safe"" for a human to just read the narrative. Resource definitions may define what content should be represented in the narrative to ensure clinical safety.","Contained resources do not have narrative. Resources that are not contained SHOULD have a narrative. In some cases, a resource may only have text with little or no additional discrete data (as long as all minOccurs=1 elements are satisfied).  This may be necessary for data from legacy systems where information is captured as a ""text blob"" or where text is additionally entered raw or narrated and encoded information is added later.","","","","","","","","",,,,,"",,,,"DomainResource.text",0,1,"","ele-1:All FHIR elements must have a @value or children {hasValue() or (children().count() > id.count())}
","Act.text?"
"Observation.contained","Observation.contained","","inline resources
anonymous resourcescontained resources","",0,*,"","","","Resource {[]} {[]}
","Contained, inline Resources","These resources do not have an independent existence apart from the resource that contains them - they cannot be identified independently, and nor can they have their own independent transaction scope.","This should never be done when the content can be identified properly, as once identification is lost, it is extremely difficult (and context dependent) to restore it again. Contained resources may have profiles and tags In their meta elements, but SHALL NOT have security labels.","","","","","","","","",,,,,"",,,,"DomainResource.contained",0,*,"","dom-r4b:Containing new R4B resources within R4 resources may cause interoperability issues if instances are shared with R4 systems {($this is Citation or $this is Evidence or $this is EvidenceReport or $this is EvidenceVariable or $this is MedicinalProductDefinition or $this is PackagedProductDefinition or $this is AdministrableProductDefinition or $this is Ingredient or $this is ClinicalUseDefinition or $this is RegulatedAuthorization or $this is SubstanceDefinition or $this is SubscriptionStatus or $this is SubscriptionTopic) implies (%resource is Citation or %resource is Evidence or %resource is EvidenceReport or %resource is EvidenceVariable or %resource is MedicinalProductDefinition or %resource is PackagedProductDefinition or %resource is AdministrableProductDefinition or %resource is Ingredient or %resource is ClinicalUseDefinition or %resource is RegulatedAuthorization or %resource is SubstanceDefinition or %resource is SubscriptionStatus or %resource is SubscriptionTopic)}
","N/A"
"Observation.extension","Observation.extension","","extensions
user content","",0,*,"","","","Extension {[]} {[]}
","Additional content defined by implementations","May be used to represent additional information that is not part of the basic definition of the resource. To make the use of extensions safe and manageable, there is a strict set of governance  applied to the definition and use of extensions. Though any implementer can define an extension, there is a set of requirements that SHALL be met as part of the definition of the extension.","There can be no stigma associated with the use of extensions by any application, project, or standard - regardless of the institution or jurisdiction that uses or defines the extensions.  The use of extensions is what allows the FHIR specification to retain a core level of simplicity for everyone.","","","","","","","","",,,,,"",,,,"DomainResource.extension",0,*,"","ele-1:All FHIR elements must have a @value or children {hasValue() or (children().count() > id.count())}
ext-1:Must have either extensions or value[x], not both {extension.exists() != value.exists()}","N/A"
"Observation.modifierExtension","Observation.modifierExtension","","extensions
user content","",0,*,"","Y","","Extension {[]} {[]}
","Extensions that cannot be ignored","May be used to represent additional information that is not part of the basic definition of the resource and that modifies the understanding of the element that contains it and/or the understanding of the containing element's descendants. Usually modifier elements provide negation or qualification. To make the use of extensions safe and manageable, there is a strict set of governance applied to the definition and use of extensions. Though any implementer is allowed to define an extension, there is a set of requirements that SHALL be met as part of the definition of the extension. Applications processing a resource are required to check for modifier extensions.

Modifier extensions SHALL NOT change the meaning of any elements on Resource or DomainResource (including cannot change the meaning of modifierExtension itself).","There can be no stigma associated with the use of extensions by any application, project, or standard - regardless of the institution or jurisdiction that uses or defines the extensions.  The use of extensions is what allows the FHIR specification to retain a core level of simplicity for everyone.","Modifier extensions allow for extensions that *cannot* be safely ignored to be clearly distinguished from the vast majority of extensions which can be safely ignored.  This promotes interoperability by eliminating the need for implementers to prohibit the presence of extensions. For further information, see the [definition of modifier extensions](http://hl7.org/fhir/R4B/extensibility.html#modifierExtension).","","","","","","","",,,,,"",,,,"DomainResource.modifierExtension",0,*,"","ele-1:All FHIR elements must have a @value or children {hasValue() or (children().count() > id.count())}
ext-1:Must have either extensions or value[x], not both {extension.exists() != value.exists()}","N/A"
"Observation.identifier","Observation.identifier","","","",0,*,"","","Y","Identifier {[]} {[]}
","当該検査項目に対して、施設内で割り振られる一意の識別子","この検査項目に割り当てられた一意の識別子。リソースの識別子やシステム的なシーケンスではなく、ビジネスID。","【JP Core仕様】当該検査項目に対して、施設内で割り振られる一意の識別子があればそれを使用する。なければ次のルールを参考に一意となる識別子を生成し設定する。  
アプリケーション側のデータベースにおけるフィールド長の定義については、最低64バイトを確保すること。  
--- 参考 ---  
次の項目を順にセパレータ「_(アンダースコア)」で連結し、 identifier.value に設定する。グループ項目でない場合など、該当コード／番号がない場合はセパレータを連続で連結する。各コードはローカルコードを使用し、必ず設定できること。  
　１．ORC-2(依頼者オーダ番号)　SS-MIX2の15桁前ゼロ形式の番号  
　２．OBR-4(検査項目ID)　検査セットの識別コード  
　３．SPM-4(検体タイプ)  
　４．OBX-3(検査項目)  
　５．OBX-4(検査副ID)・・・オプション。必要に応じて使用。  
形式：[ORC-2]_[OBR-4]_[SPM-4]_[OBX-3]（_[OBX-4]）","Allows observations to be distinguished and referenced.","","","","","","","",,,,,"",,,,"Observation.identifier",0,*,"","ele-1:All FHIR elements must have a @value or children {hasValue() or (children().count() > id.count())}
","Event.identifier","OBX.21  For OBX segments from systems without OBX-21 support a combination of ORC/OBR and OBX must be negotiated between trading partners to uniquely identify the OBX segment. Depending on how V2 has been implemented each of these may be an option: 1) OBR-3 + OBX-3 + OBX-4 or 2) OBR-3 + OBR-4 + OBX-3 + OBX-4 or 2) some other way to uniquely ID the OBR/ORC + OBX-3 + OBX-4.","id","FiveWs.identifier"
"Observation.identifier.id","Observation.identifier.id","","","",0,1,"","","","id {[]} {[]}
","Unique id for inter-element referencing","Unique id for the element within a resource (for internal references). This may be any string value that does not contain spaces.","","","","","","","","","",,,,,"",,,,"Element.id",0,1,"","","n/a"
"Observation.identifier.extension","Observation.identifier.extension","","extensions
user content","",0,*,"","","","Extension {[]} {[]}
","Additional content defined by implementations","May be used to represent additional information that is not part of the basic definition of the element. To make the use of extensions safe and manageable, there is a strict set of governance  applied to the definition and use of extensions. Though any implementer can define an extension, there is a set of requirements that SHALL be met as part of the definition of the extension.","There can be no stigma associated with the use of extensions by any application, project, or standard - regardless of the institution or jurisdiction that uses or defines the extensions.  The use of extensions is what allows the FHIR specification to retain a core level of simplicity for everyone.","","","","","","","","",,,,,"","value:url}
","Extensions are always sliced by (at least) url",,"open","Element.extension",0,*,"","ele-1:All FHIR elements must have a @value or children {hasValue() or (children().count() > id.count())}
ext-1:Must have either extensions or value[x], not both {extension.exists() != value.exists()}","n/a"
"Observation.identifier.use","Observation.identifier.use","","","",0,1,"","Y","Y","code {[]} {[]}
","usual | official | temp | secondary | old (If known)","この識別子の目的。","アプリケーションは、identifierが一時的であると明示的に述べられない限り、永続的であると想定できる。","Allows the appropriate identifier for a particular context of use to be selected from among a set of identifiers.","","","","","","","",,"required","","http://hl7.org/fhir/ValueSet/identifier-use|4.3.0","",,,,"Identifier.use",0,1,"","ele-1:All FHIR elements must have a @value or children {hasValue() or (children().count() > id.count())}
","N/A","Role.code or implied by context"
"Observation.identifier.type","Observation.identifier.type","","","",0,1,"","","Y","CodeableConcept {[]} {[]}
","Description of identifier","A coded type for the identifier that can be used to determine which identifier to use for a specific purpose.","This element deals only with general categories of identifiers.  It SHOULD not be used for codes that correspond 1..1 with the Identifier.system. Some identifiers may fall into multiple categories due to common usage.   Where the system is known, a type is unnecessary because the type is always part of the system definition. However systems often need to handle identifiers where the system is not known. There is not a 1:1 relationship between type and system, since many different systems have the same type.","Allows users to make use of identifiers when the identifier system is not known.","","","","","","","",,"extensible","","http://hl7.org/fhir/ValueSet/identifier-type","",,,,"Identifier.type",0,1,"","ele-1:All FHIR elements must have a @value or children {hasValue() or (children().count() > id.count())}
","CX.5","Role.code or implied by context"
"Observation.identifier.system","Observation.identifier.system","","","",0,1,"","","Y","uri {[]} {[]}
","The namespace for the identifier value","Establishes the namespace for the value - that is, a URL that describes a set values that are unique.","Identifier.system is always case sensitive.","There are many sets  of identifiers.  To perform matching of two identifiers, we need to know what set we're dealing with. The system identifies a particular set of unique identifiers.","","","","","<valueUri xmlns=""http://hl7.org/fhir"" value=""http://www.acme.com/identifiers/patient""/>","","",,,,,"",,,,"Identifier.system",0,1,"","ele-1:All FHIR elements must have a @value or children {hasValue() or (children().count() > id.count())}
","CX.4 / EI-2-4","II.root or Role.id.root"
"Observation.identifier.value","Observation.identifier.value","","","",0,1,"","","Y","string {[]} {[]}
","The value that is unique","システムのコンテキスト内で一意の識別子となる文字列を設定。","If the value is a full URI, then the system SHALL be urn:ietf:rfc:3986.  The value's primary purpose is computational mapping.  As a result, it may be normalized for comparison purposes (e.g. removing non-significant whitespace, dashes, etc.)  A value formatted for human display can be conveyed using the [Rendered Value extension](http://hl7.org/fhir/R4B/extension-rendered-value.html). Identifier.value is to be treated as case sensitive unless knowledge of the Identifier.system allows the processer to be confident that non-case-sensitive processing is safe.","","","","","","<valueString xmlns=""http://hl7.org/fhir"" value=""123456""/>","","",,,,,"",,,,"Identifier.value",0,1,"","ele-1:All FHIR elements must have a @value or children {hasValue() or (children().count() > id.count())}
","CX.1 / EI.1","II.extension or II.root if system indicates OID or GUID (Or Role.id.extension or root)"
"Observation.identifier.period","Observation.identifier.period","","","",0,1,"","","Y","Period {[]} {[]}
","Time period when id is/was valid for use","Time period during which identifier is/was valid for use.","","","","","","","","","",,,,,"",,,,"Identifier.period",0,1,"","ele-1:All FHIR elements must have a @value or children {hasValue() or (children().count() > id.count())}
","CX.7 + CX.8","Role.effectiveTime or implied by context"
"Observation.identifier.assigner","Observation.identifier.assigner","","","",0,1,"","","Y","Reference {[]} {[CanonicalType[http://hl7.org/fhir/StructureDefinition/Organization]]}
","Organization that issued id (may be just text)","Organization that issued/manages the identifier.","The Identifier.assigner may omit the .reference element and only contain a .display element reflecting the name or other textual information about the assigning organization.","","","","","","","","",,,,,"",,,,"Identifier.assigner",0,1,"","ele-1:All FHIR elements must have a @value or children {hasValue() or (children().count() > id.count())}
","CX.4 / (CX.4,CX.9,CX.10)","II.assigningAuthorityName but note that this is an improper use by the definition of the field.  Also Role.scoper"
"Observation.basedOn","Observation.basedOn","","Fulfills
","",0,*,"","","Y","Reference {[]} {[CanonicalType[http://hl7.org/fhir/StructureDefinition/ServiceRequest]]}
","このObservationが実施されることになった依頼や計画、提案に関する情報","このプロファイルでは、検体検査オーダに関する情報。","【JP Core仕様】オーダ情報がある場合、このプロファイルでは ServiceRequest のリソースを参照する。オーダIDの情報はここで使用する。","Allows tracing of authorization for the event and tracking whether proposals/recommendations were acted upon.","","","","","","","",,,,,"",,,,"Observation.basedOn",0,*,"","ele-1:All FHIR elements must have a @value or children {hasValue() or (children().count() > id.count())}
","Event.basedOn","ORC",".inboundRelationship[typeCode=COMP].source[moodCode=EVN]"
"Observation.partOf","Observation.partOf","","Container
","",0,*,"","","Y","Reference {[]} {[CanonicalType[http://jpfhir.jp/fhir/core/StructureDefinition/JP_MedicationAdministration], CanonicalType[http://jpfhir.jp/fhir/core/StructureDefinition/JP_MedicationAdministration_Injection], CanonicalType[http://jpfhir.jp/fhir/core/StructureDefinition/JP_MedicationDispenseBase], CanonicalType[http://hl7.org/fhir/StructureDefinition/MedicationStatement], CanonicalType[http://jpfhir.jp/fhir/core/StructureDefinition/JP_Procedure], CanonicalType[http://jpfhir.jp/fhir/core/StructureDefinition/JP_Immunization], CanonicalType[http://hl7.org/fhir/StructureDefinition/ImagingStudy]]}
","このObservationが親イベントの一部を成す要素であるとき、その親イベントに関する情報","このリソースが一部として、あるいは手順の一つとして含まれるより大きなイベント。","【JP Core仕様】当面は使用しない。","","","","","","","","",,,,,"",,,,"Observation.partOf",0,*,"","ele-1:All FHIR elements must have a @value or children {hasValue() or (children().count() > id.count())}
","Event.partOf","Varies by domain",".outboundRelationship[typeCode=FLFS].target"
"Observation.status","Observation.status","","","",1,1,"","Y","Y","code {[]} {[]}
","結果の状態","結果値の状態。","【JP Core仕様】v2.5の「F」に相当する値は「final」であるが、ここでは 必須コード表「ObservationStatus」より、全てのコード値を使用可とする。  
(registered | preliminary | final | amended |   corrected | cancelled | entered-in-error | unknown)","Need to track the status of individual results. Some results are finalized before the whole report is finalized.","","","","","","","",,"required","Codes providing the status of an observation.","http://hl7.org/fhir/ValueSet/observation-status|4.3.0","",,,,"Observation.status",1,1,"","ele-1:All FHIR elements must have a @value or children {hasValue() or (children().count() > id.count())}
","Event.status","< 445584004 |Report by finality status|","OBX-11","status  Amended & Final are differentiated by whether it is the subject of a ControlAct event with a type of ""revise""","FiveWs.status"
"Observation.category","Observation.category","","","",1,*,"","","","CodeableConcept {[]} {[]}
","このObservationを分類するコード","このObservationを分類するコード","階層的にカテゴリーを設定することで粒度のレベルを概念定義できる。","Used for filtering what observations are retrieved and displayed.","","","","","","","",,"preferred","","http://jpfhir.jp/fhir/core/ValueSet/JP_SimpleObservationCategory_VS","","value:$this}
","",,"open","Observation.category",0,*,"","ele-1:All FHIR elements must have a @value or children {hasValue() or (children().count() > id.count())}
",".outboundRelationship[typeCode=""COMP].target[classCode=""LIST"", moodCode=""EVN""].code","FiveWs.class"
"Observation.category.id","Observation.category.id","","","",0,1,"","","","id {[]} {[]}
","Unique id for inter-element referencing","Unique id for the element within a resource (for internal references). This may be any string value that does not contain spaces.","","","","","","","","","",,,,,"",,,,"Element.id",0,1,"","","n/a"
"Observation.category.extension","Observation.category.extension","","extensions
user content","",0,*,"","","","Extension {[]} {[]}
","Additional content defined by implementations","May be used to represent additional information that is not part of the basic definition of the element. To make the use of extensions safe and manageable, there is a strict set of governance  applied to the definition and use of extensions. Though any implementer can define an extension, there is a set of requirements that SHALL be met as part of the definition of the extension.","There can be no stigma associated with the use of extensions by any application, project, or standard - regardless of the institution or jurisdiction that uses or defines the extensions.  The use of extensions is what allows the FHIR specification to retain a core level of simplicity for everyone.","","","","","","","","",,,,,"","value:url}
","Extensions are always sliced by (at least) url",,"open","Element.extension",0,*,"","ele-1:All FHIR elements must have a @value or children {hasValue() or (children().count() > id.count())}
ext-1:Must have either extensions or value[x], not both {extension.exists() != value.exists()}","n/a"
"Observation.category.coding","Observation.category.coding","","","",0,*,"","","Y","Coding {[]} {[]}
","コード化されたカテゴリー","コード化されたカテゴリー","Codes may be defined very casually in enumerations, or code lists, up to very formal definitions such as SNOMED CT - see the HL7 v3 Core Principles for more information.  Ordering of codings is undefined and SHALL NOT be used to infer meaning. Generally, at most only one of the coding values will be labeled as UserSelected = true.","Allows for alternative encodings within a code system, and translations to other code systems.","","","","","","","",,,,,"",,,,"CodeableConcept.coding",0,*,"","ele-1:All FHIR elements must have a @value or children {hasValue() or (children().count() > id.count())}
","C*E.1-8, C*E.10-22","union(., ./translation)"
"Observation.category.text","Observation.category.text","","","",0,1,"","","Y","string {[]} {[]}
","Plain text representation of the concept","A human language representation of the concept as seen/selected/uttered by the user who entered the data and/or which represents the intended meaning of the user.","Very often the text is the same as a displayName of one of the codings.","The codes from the terminologies do not always capture the correct meaning with all the nuances of the human using them, or sometimes there is no appropriate code at all. In these cases, the text is used to capture the full meaning of the source.","","","","","","","",,,,,"",,,,"CodeableConcept.text",0,1,"","ele-1:All FHIR elements must have a @value or children {hasValue() or (children().count() > id.count())}
","C*E.9. But note many systems use C*E.2 for this","./originalText[mediaType/code=""text/plain""]/data"
"Observation.category:laboratory","Observation.category","laboratory","","",1,1,"","","","CodeableConcept {[]} {[]}
","検体検査では、http://jpfhir.jp/fhir/core/CodeSystem/JP_SimpleObservationCategory_CS のコード表から""laboratory""を設定する。","検体検査では、http://jpfhir.jp/fhir/core/CodeSystem/JP_SimpleObservationCategory_CS のコード表から""laboratory""を設定する。","【JP Core仕様】推奨コード表「JP Core Simple Observation Category CodeSystem」より、このプロファイルでは「laboratory」固定とする。  
(social-history | vital-signs | imaging | laboratory | procedure | survey | exam | therapy | activity)","Used for filtering what observations are retrieved and displayed.","","","","","","","",,"required","","http://jpfhir.jp/fhir/core/ValueSet/JP_SimpleObservationCategory_VS","",,,,"Observation.category",0,*,"","ele-1:All FHIR elements must have a @value or children {hasValue() or (children().count() > id.count())}
",".outboundRelationship[typeCode=""COMP].target[classCode=""LIST"", moodCode=""EVN""].code","FiveWs.class"
"Observation.category:laboratory.id","Observation.category.id","","","",0,1,"","","","id {[]} {[]}
","Unique id for inter-element referencing","Unique id for the element within a resource (for internal references). This may be any string value that does not contain spaces.","","","","","","","","","",,,,,"",,,,"Element.id",0,1,"","","n/a"
"Observation.category:laboratory.extension","Observation.category.extension","","extensions
user content","",0,*,"","","","Extension {[]} {[]}
","Additional content defined by implementations","May be used to represent additional information that is not part of the basic definition of the element. To make the use of extensions safe and manageable, there is a strict set of governance  applied to the definition and use of extensions. Though any implementer can define an extension, there is a set of requirements that SHALL be met as part of the definition of the extension.","There can be no stigma associated with the use of extensions by any application, project, or standard - regardless of the institution or jurisdiction that uses or defines the extensions.  The use of extensions is what allows the FHIR specification to retain a core level of simplicity for everyone.","","","","","","","","",,,,,"","value:url}
","Extensions are always sliced by (at least) url",,"open","Element.extension",0,*,"","ele-1:All FHIR elements must have a @value or children {hasValue() or (children().count() > id.count())}
ext-1:Must have either extensions or value[x], not both {extension.exists() != value.exists()}","n/a"
"Observation.category:laboratory.coding","Observation.category.coding","","","",1,1,"","","Y","Coding {[]} {[]}
","Code defined by a terminology system","A reference to a code defined by a terminology system.","【JP Core仕様】推奨コード表「JP Core Simple Observation Category CodeSystem」より、このプロファイルでは「laboratory」固定とする。","Allows for alternative encodings within a code system, and translations to other code systems.","","","","","","","",,,,,"",,,,"CodeableConcept.coding",0,*,"","ele-1:All FHIR elements must have a @value or children {hasValue() or (children().count() > id.count())}
","C*E.1-8, C*E.10-22","union(., ./translation)"
"Observation.category:laboratory.coding.id","Observation.category.coding.id","","","",0,1,"","","","id {[]} {[]}
","Unique id for inter-element referencing","Unique id for the element within a resource (for internal references). This may be any string value that does not contain spaces.","","","","","","","","","",,,,,"",,,,"Element.id",0,1,"","","n/a"
"Observation.category:laboratory.coding.extension","Observation.category.coding.extension","","extensions
user content","",0,*,"","","","Extension {[]} {[]}
","Additional content defined by implementations","May be used to represent additional information that is not part of the basic definition of the element. To make the use of extensions safe and manageable, there is a strict set of governance  applied to the definition and use of extensions. Though any implementer can define an extension, there is a set of requirements that SHALL be met as part of the definition of the extension.","There can be no stigma associated with the use of extensions by any application, project, or standard - regardless of the institution or jurisdiction that uses or defines the extensions.  The use of extensions is what allows the FHIR specification to retain a core level of simplicity for everyone.","","","","","","","","",,,,,"","value:url}
","Extensions are always sliced by (at least) url",,"open","Element.extension",0,*,"","ele-1:All FHIR elements must have a @value or children {hasValue() or (children().count() > id.count())}
ext-1:Must have either extensions or value[x], not both {extension.exists() != value.exists()}","n/a"
"Observation.category:laboratory.coding.system","Observation.category.coding.system","","","",1,1,"","","Y","uri {[]} {[]}
","検体検査では、http://jpfhir.jp/fhir/core/CodeSystem/JP_SimpleObservationCategory_CS のコード表を使用する。","検体検査では、http://jpfhir.jp/fhir/core/CodeSystem/JP_SimpleObservationCategory_CS のコード表を使用する。","The URI may be an OID (urn:oid:...) or a UUID (urn:uuid:...).  OIDs and UUIDs SHALL be references to the HL7 OID registry. Otherwise, the URI should come from HL7's list of FHIR defined special URIs or it should reference to some definition that establishes the system clearly and unambiguously.","Need to be unambiguous about the source of the definition of the symbol.","","","<valueUri xmlns=""http://hl7.org/fhir"" value=""http://jpfhir.jp/fhir/core/CodeSystem/JP_SimpleObservationCategory_CS""/>","","","","",,,,,"",,,,"Coding.system",0,1,"","ele-1:All FHIR elements must have a @value or children {hasValue() or (children().count() > id.count())}
","C*E.3","./codeSystem"
"Observation.category:laboratory.coding.version","Observation.category.coding.version","","","",0,1,"","","Y","string {[]} {[]}
","Version of the system - if relevant","The version of the code system which was used when choosing this code. Note that a well-maintained code system does not need the version reported, because the meaning of codes is consistent across versions. However this cannot consistently be assured, and when the meaning is not guaranteed to be consistent, the version SHOULD be exchanged.","Where the terminology does not clearly define what string should be used to identify code system versions, the recommendation is to use the date (expressed in FHIR date format) on which that version was officially published as the version date.","","","","","","","","",,,,,"",,,,"Coding.version",0,1,"","ele-1:All FHIR elements must have a @value or children {hasValue() or (children().count() > id.count())}
","C*E.7","./codeSystemVersion"
"Observation.category:laboratory.coding.code","Observation.category.coding.code","","","",1,1,"","","Y","code {[]} {[]}
","検体検査を表すコード laboratory を設定する。","検体検査を表すコード laboratory を設定する。","","Need to refer to a particular code in the system.","","","<valueCode xmlns=""http://hl7.org/fhir"" value=""laboratory""/>","","","","",,,,,"",,,,"Coding.code",0,1,"","ele-1:All FHIR elements must have a @value or children {hasValue() or (children().count() > id.count())}
","C*E.1","./code"
"Observation.category:laboratory.coding.display","Observation.category.coding.display","","","",0,1,"","","Y","string {[]} {[]}
","Representation defined by the system","A representation of the meaning of the code in the system, following the rules of the system.","","Need to be able to carry a human-readable meaning of the code for readers that do not know  the system.","","","","","","","",,,,,"",,,,"Coding.display",0,1,"","ele-1:All FHIR elements must have a @value or children {hasValue() or (children().count() > id.count())}
","C*E.2 - but note this is not well followed","CV.displayName"
"Observation.category:laboratory.coding.userSelected","Observation.category.coding.userSelected","","","",0,1,"","","Y","boolean {[]} {[]}
","If this coding was chosen directly by the user","Indicates that this coding was chosen by a user directly - e.g. off a pick list of available items (codes or displays).","Amongst a set of alternatives, a directly chosen code is the most appropriate starting point for new translations. There is some ambiguity about what exactly 'directly chosen' implies, and trading partner agreement may be needed to clarify the use of this element and its consequences more completely.","This has been identified as a clinical safety criterium - that this exact system/code pair was chosen explicitly, rather than inferred by the system based on some rules or language processing.","","","","","","","",,,,,"",,,,"Coding.userSelected",0,1,"","ele-1:All FHIR elements must have a @value or children {hasValue() or (children().count() > id.count())}
","Sometimes implied by being first","CD.codingRationale"
"Observation.category:laboratory.text","Observation.category.text","","","",0,1,"","","Y","string {[]} {[]}
","Plain text representation of the concept","A human language representation of the concept as seen/selected/uttered by the user who entered the data and/or which represents the intended meaning of the user.","Very often the text is the same as a displayName of one of the codings.","The codes from the terminologies do not always capture the correct meaning with all the nuances of the human using them, or sometimes there is no appropriate code at all. In these cases, the text is used to capture the full meaning of the source.","","","","","","","",,,,,"",,,,"CodeableConcept.text",0,1,"","ele-1:All FHIR elements must have a @value or children {hasValue() or (children().count() > id.count())}
","C*E.9. But note many systems use C*E.2 for this","./originalText[mediaType/code=""text/plain""]/data"
"Observation.code","Observation.code","","Name
","",1,1,"","","Y","CodeableConcept {[]} {[]}
","このObservationの対象を特定するコード","検査の内容の説明。検査名称。","*JLAC10","Knowing what kind of observation is being made is essential to understanding the observation.","","","","","","","",,"preferred","MEDIS 臨床検査マスター","http://jpfhir.jp/fhir/core/ValueSet/JP_ObservationLabResultCode_VS","",,,,"Observation.code",1,1,"","ele-1:All FHIR elements must have a @value or children {hasValue() or (children().count() > id.count())}
","Event.code","< 363787002 |Observable entity| OR < 386053000 |Evaluation procedure|","OBX-3","code","FiveWs.what[x]","116680003 |Is a|"
"Observation.code.id","Observation.code.id","","","",0,1,"","","","id {[]} {[]}
","Unique id for inter-element referencing","Unique id for the element within a resource (for internal references). This may be any string value that does not contain spaces.","","","","","","","","","",,,,,"",,,,"Element.id",0,1,"","","n/a"
"Observation.code.extension","Observation.code.extension","","extensions
user content","",0,*,"","","","Extension {[]} {[]}
","Additional content defined by implementations","May be used to represent additional information that is not part of the basic definition of the element. To make the use of extensions safe and manageable, there is a strict set of governance  applied to the definition and use of extensions. Though any implementer can define an extension, there is a set of requirements that SHALL be met as part of the definition of the extension.","There can be no stigma associated with the use of extensions by any application, project, or standard - regardless of the institution or jurisdiction that uses or defines the extensions.  The use of extensions is what allows the FHIR specification to retain a core level of simplicity for everyone.","","","","","","","","",,,,,"","value:url}
","Extensions are always sliced by (at least) url",,"open","Element.extension",0,*,"","ele-1:All FHIR elements must have a @value or children {hasValue() or (children().count() > id.count())}
ext-1:Must have either extensions or value[x], not both {extension.exists() != value.exists()}","n/a"
"Observation.code.coding","Observation.code.coding","","","",1,*,"","","Y","Coding {[]} {[]}
","Code defined by a terminology system","コード体系によって定義されたコードへの参照。","【JP Core仕様】SS-MIX2にならい、標準コード、ローカルコードの2つを設定可能とし、いずれか一方は必須とする。さらにJLAC10とJLAC11などの複数の標準コードも設定できるよう、上限は設けない。  
標準コード、ローカルコードの2つまで格納可。順不同。  
SS-MIX2だとCWE.1 ～CWE.3に標準コード、CWE.4～CWE.6にローカルコード、など（順不同）。","Allows for alternative encodings within a code system, and translations to other code systems.","","","","","","","",,,,,"",,,,"CodeableConcept.coding",0,*,"","ele-1:All FHIR elements must have a @value or children {hasValue() or (children().count() > id.count())}
","C*E.1-8, C*E.10-22","union(., ./translation)"
"Observation.code.coding.id","Observation.code.coding.id","","","",0,1,"","","","id {[]} {[]}
","Unique id for inter-element referencing","Unique id for the element within a resource (for internal references). This may be any string value that does not contain spaces.","","","","","","","","","",,,,,"",,,,"Element.id",0,1,"","","n/a"
"Observation.code.coding.extension","Observation.code.coding.extension","","extensions
user content","",0,*,"","","","Extension {[]} {[]}
","Additional content defined by implementations","May be used to represent additional information that is not part of the basic definition of the element. To make the use of extensions safe and manageable, there is a strict set of governance  applied to the definition and use of extensions. Though any implementer can define an extension, there is a set of requirements that SHALL be met as part of the definition of the extension.","There can be no stigma associated with the use of extensions by any application, project, or standard - regardless of the institution or jurisdiction that uses or defines the extensions.  The use of extensions is what allows the FHIR specification to retain a core level of simplicity for everyone.","","","","","","","","",,,,,"","value:url}
","Extensions are always sliced by (at least) url",,"open","Element.extension",0,*,"","ele-1:All FHIR elements must have a @value or children {hasValue() or (children().count() > id.count())}
ext-1:Must have either extensions or value[x], not both {extension.exists() != value.exists()}","n/a"
"Observation.code.coding.system","Observation.code.coding.system","","","",0,1,"","","Y","uri {[]} {[]}
","Identity of the terminology system","コード体系。","【JP Core仕様】標準コードの場合、JLAC10を表すURIを設定。  
URIは本WGで定義する。","Need to be unambiguous about the source of the definition of the symbol.","","","","","","","",,,,,"",,,,"Coding.system",0,1,"","ele-1:All FHIR elements must have a @value or children {hasValue() or (children().count() > id.count())}
","C*E.3","./codeSystem"
"Observation.code.coding.version","Observation.code.coding.version","","","",0,1,"","","Y","string {[]} {[]}
","Version of the system - if relevant","The version of the code system which was used when choosing this code. Note that a well-maintained code system does not need the version reported, because the meaning of codes is consistent across versions. However this cannot consistently be assured, and when the meaning is not guaranteed to be consistent, the version SHOULD be exchanged.","Where the terminology does not clearly define what string should be used to identify code system versions, the recommendation is to use the date (expressed in FHIR date format) on which that version was officially published as the version date.","","","","","","","","",,,,,"",,,,"Coding.version",0,1,"","ele-1:All FHIR elements must have a @value or children {hasValue() or (children().count() > id.count())}
","C*E.7","./codeSystemVersion"
"Observation.code.coding.code","Observation.code.coding.code","","","",0,1,"","","Y","code {[]} {[]}
","Symbol in syntax defined by the system","A symbol in syntax defined by the system. The symbol may be a predefined code or an expression in a syntax defined by the coding system (e.g. post-coordination).","Note that FHIR strings SHALL NOT exceed 1MB in size","Need to refer to a particular code in the system.","","","","","","","",,,,,"",,,,"Coding.code",0,1,"","ele-1:All FHIR elements must have a @value or children {hasValue() or (children().count() > id.count())}
","C*E.1","./code"
"Observation.code.coding.display","Observation.code.coding.display","","","",0,1,"","","Y","string {[]} {[]}
","Representation defined by the system","A representation of the meaning of the code in the system, following the rules of the system.","Note that FHIR strings SHALL NOT exceed 1MB in size","Need to be able to carry a human-readable meaning of the code for readers that do not know  the system.","","","","","","","",,,,,"",,,,"Coding.display",0,1,"","ele-1:All FHIR elements must have a @value or children {hasValue() or (children().count() > id.count())}
","C*E.2 - but note this is not well followed","CV.displayName"
"Observation.code.coding.userSelected","Observation.code.coding.userSelected","","","",0,1,"","","Y","boolean {[]} {[]}
","If this coding was chosen directly by the user","このコードが利用者によって、例えば利用可能なコードの選択リストから、など、直接選択されたものであることを示す。","【JP Core仕様】当面は未使用とする。","This has been identified as a clinical safety criterium - that this exact system/code pair was chosen explicitly, rather than inferred by the system based on some rules or language processing.","","","","","","","",,,,,"",,,,"Coding.userSelected",0,1,"","ele-1:All FHIR elements must have a @value or children {hasValue() or (children().count() > id.count())}
","Sometimes implied by being first","CD.codingRationale"
"Observation.code.text","Observation.code.text","","","",1,1,"","","Y","string {[]} {[]}
","Plain text representation of the concept","コードの表示名。報告書などに記載する場合に使用する表示名。コードを複数指定した場合(標準コード、ローカルコード)、その一般的な表現。","【JP Core仕様】このプロファイルでは、表示名として必須とする。  
多くの場合、coding.display と同一になるが、coding.display に異なる複数の表現が格納される場合を想定し、code間で共通の表現として必須とする。","The codes from the terminologies do not always capture the correct meaning with all the nuances of the human using them, or sometimes there is no appropriate code at all. In these cases, the text is used to capture the full meaning of the source.","","","","","","","",,,,,"",,,,"CodeableConcept.text",0,1,"","ele-1:All FHIR elements must have a @value or children {hasValue() or (children().count() > id.count())}
","C*E.9. But note many systems use C*E.2 for this","./originalText[mediaType/code=""text/plain""]/data"
"Observation.subject","Observation.subject","","","",1,1,"","","Y","Reference {[]} {[CanonicalType[http://jpfhir.jp/fhir/core/StructureDefinition/JP_Patient]]}
","このObservationの対象となる患者や患者群、機器、場所に関する情報","検体検査の対象となる患者。","【JP Core仕様】このプロファイルでは、Patient 限定、かつ必須とする。","Observations have no value if you don't know who or what they're about.","","","","","","","",,,,,"",,,,"Observation.subject",0,1,"","ele-1:All FHIR elements must have a @value or children {hasValue() or (children().count() > id.count())}
","Event.subject","PID-3","participation[typeCode=RTGT]","FiveWs.subject[x]","FiveWs.subject"
"Observation.focus","Observation.focus","","","",0,*,"","","Y","Reference {[]} {[CanonicalType[http://hl7.org/fhir/StructureDefinition/Resource]]}
","配偶者、親、胎児、ドナーなど、このObservationのsubject要素が実際の対象でない場合、その実際の対象に関する情報","患者当人ではなく、患者の胎児、親、ドナーなどの検査、観察の場合、その対象を示す。","【JP Core仕様】当面は未使用とする。","","","","","","","","",,,,,"",,,,"Observation.focus",0,*,"","ele-1:All FHIR elements must have a @value or children {hasValue() or (children().count() > id.count())}
","OBX-3","participation[typeCode=SBJ]","FiveWs.subject[x]","FiveWs.subject"
"Observation.encounter","Observation.encounter","","Context
","",0,1,"","","Y","Reference {[]} {[CanonicalType[http://jpfhir.jp/fhir/core/StructureDefinition/JP_Encounter]]}
","診察や入院など、このObservationが実施されるきっかけとなった診療イベントに関する情報","この検査が行われるヘルスケアイベント。医療提供者と患者の接点。","【JP Core仕様】入院外来の区別や所在場所、担当診療科の情報に使用する。  
※このプロファイルの用途では通常は必須と考えられるが、ユースケースにより使用されない場合を考慮し、1..1に制約しない。","For some observations it may be important to know the link between an observation and a particular encounter.","","","","","","","",,,,,"",,,,"Observation.encounter",0,1,"","ele-1:All FHIR elements must have a @value or children {hasValue() or (children().count() > id.count())}
","Event.context","PV1","inboundRelationship[typeCode=COMP].source[classCode=ENC, moodCode=EVN]","FiveWs.context"
"Observation.effective[x]","Observation.effective[x]","","Occurrence
","",1,1,"","","Y","dateTime {[]} {[]}
Period {[]} {[]}Timing {[]} {[]}","取得された結果が臨床的に確定された日時または期間","検体検査の場合は、検体採取日時。","【JP Core仕様】このプロファイルでは、検体採取日時を設定し、必須とする。  
effectiveInstant  
instant型はイベント発生のログ時間であり、未使用とする。","Knowing when an observation was deemed true is important to its relevance as well as determining trends.","","","","","","","",,,,,"",,,,"Observation.effective[x]",0,1,"","ele-1:All FHIR elements must have a @value or children {hasValue() or (children().count() > id.count())}
","Event.occurrence[x]","OBX-14, and/or OBX-19 after v2.4  (depends on who observation made)","effectiveTime","FiveWs.done[x]"
"Observation.issued","Observation.issued","","","",0,1,"","","Y","instant {[]} {[]}
","このバージョンのObservationが医療者に提供された日時。通常、結果を確認し検証後に提供される日時","この情報の発生日時。システム時刻であり、人が報告する時刻ではないことに注意。このリソースの発生時間と同じになる場合がある。","【JP Core仕様】検査結果が**システムにより**Observationリソースに格納または更新された日時。","","","","","","","","",,,,,"",,,,"Observation.issued",0,1,"","ele-1:All FHIR elements must have a @value or children {hasValue() or (children().count() > id.count())}
","OBR.22 (or MSH.7), or perhaps OBX-19 (depends on who observation made)","participation[typeCode=AUT].time","FiveWs.recorded"
"Observation.performer","Observation.performer","","","",0,*,"","","Y","Reference {[]} {[CanonicalType[http://jpfhir.jp/fhir/core/StructureDefinition/JP_Practitioner], CanonicalType[http://jpfhir.jp/fhir/core/StructureDefinition/JP_PractitionerRole], CanonicalType[http://jpfhir.jp/fhir/core/StructureDefinition/JP_Organization], CanonicalType[http://hl7.org/fhir/StructureDefinition/CareTeam], CanonicalType[http://jpfhir.jp/fhir/core/StructureDefinition/JP_Patient], CanonicalType[http://hl7.org/fhir/StructureDefinition/RelatedPerson]]}
","このObservationの責任者/実施者に関する情報","検査値を確認した責任者。検査実施責任者情報。","【JP Core仕様】検査に直接責任を負う個人(つまり検査を実行、もしくは検証した人)の識別子。","May give a degree of confidence in the observation and also indicates where follow-up questions should be directed.","","","","","","","",,,,,"",,,,"Observation.performer",0,*,"","ele-1:All FHIR elements must have a @value or children {hasValue() or (children().count() > id.count())}
","Event.performer.actor","OBX.15 / (Practitioner)  OBX-16,  PRT-5:PRT-4='RO' /  (Device)  OBX-18 , PRT-10:PRT-4='EQUIP' / (Organization)  OBX-23,  PRT-8:PRT-4='PO'","participation[typeCode=PRF]","FiveWs.actor"
"Observation.value[x]","Observation.value[x]","","","",0,1,"","","Y","Quantity {[]} {[]}
CodeableConcept {[]} {[]}string {[]} {[]}","同じ検査項目でも、システム（施設）により、使うデータ型が異なる可能性あり【詳細参照】","検体検査の結果として決定された情報。","以下のデータ型はSS-MIX2では未使用のため、未使用とした。今後の議論で使用の必要性が出れば復活させる。  
valueBoolean  
valueInteger ： 検査結果値を整数値（Integer）で定義したい場合に指定する。ただし、valueQuantityで単位付き数値を示すので、通常は使わない。　SS-MIX2／HL7 V2.5→ OBX-2＝「NW」の時の OBX-5(結果値)  
valueRange  
valueRatio  
valueSampledData  
valueTime ： 検査結果値が「時間」の場合、その時間を指定する。　SS-MIX2／HL7 V2.5→ OBX-2＝「TM」の時の OBX-5(結果値)  
valueDateTime ： 検査結果値が「日時」の場合、その日時を指定する。　SS-MIX2／HL7 V2.5→ OBX-2＝「DT」の時の OBX-5(結果値)  
valuePeriod","An observation exists to have a value, though it might not if it is in error, or if it represents a group of observations.","","","","","","","",,,,,"","type:$this}
","",,"closed","Observation.value[x]",0,1,"obs-7
","ele-1:All FHIR elements must have a @value or children {hasValue() or (children().count() > id.count())}
","< 441742003 |Evaluation finding|","OBX.2, OBX.5, OBX.6","value","363714003 |Interprets|"
"Observation.value[x]:valueQuantity","Observation.value[x]","valueQuantity","","",0,1,"","","Y","Quantity {[]} {[]}
","検査結果が「数値」の場合、値、単位を設定する。　SS-MIX2／HL7 V2.5→ OBX-2＝「NM」の時の OBX-5(結果値)、OBX-6(単位)【詳細参照】","取得された結果","valueQuantity.value　：結果値（数値）を定義。　SS-MIX2／HL7 V2.5：OBX-5(結果値)  
valueQuantity.comparator ： QuantityComparator Value setから設定。　SS-MIX2／HL7 V2.5→ 検体検査結果メッセージでは未使用となっているデータ型だが、SN型のSN.1(比較演算子)が該当する。検査値の「0未満」の場合の「未満」などに相当するコードを設定。  
valueQuantity.unit ： systemで示す単位のValue setの文字列を指定。　SS-MIX2／HL7 V2.5→ OBX-6(単位) CWE.2 テキスト  
valueQuantity.system ： 単位のValue set名を指定。　SS-MIX2／HL7 V2.5→ OBX-6(単位) CWE.3 コード体系 HL7では「ISO+」だが、ローカルコード99zzzのHL7標準の「ISO+」が示すOID、ローカルコードの場合はOIDを別途取得必要  
valueQuantity.code ： systemで示す単位のValue setのコードを指定。　SS-MIX2／HL7 V2.5→ OBX-6(単位) CWE.1 識別子","An observation exists to have a value, though it might not if it is in error, or if it represents a group of observations.","","","","","","","",,,,,"",,,,"Observation.value[x]",0,1,"obs-7
","ele-1:All FHIR elements must have a @value or children {hasValue() or (children().count() > id.count())}
","< 441742003 |Evaluation finding|","OBX.2, OBX.5, OBX.6","value","363714003 |Interprets|"
"Observation.value[x]:valueCodeableConcept","Observation.value[x]","valueCodeableConcept","","",0,1,"","","Y","CodeableConcept {[]} {[]}
","検査結果が「コード値」の場合、コード、テキスト、コードのValue setを定義する。　SS-MIX2／HL7 V2.5→ OBX-2＝「CWE」の時の OBX-5(結果値)【詳細参照】","取得された結果","valueCodeableConcept.coding　：ローカルコードと国際標準コードなど複数指定できる。　SS-MIX2／HL7 V2.5→ CWEは正規コード＋代替コードの2種類登録可能。  
valueCodeableConcept.coding.system ： 対象のValue set名を指定。　SS-MIX2／HL7 V2.5→ CWE.3 or 6 コード体系。対象コードの OIDを設定  
valueCodeableConcept.coding.version ： 対象のValue setのバージョンを指定。　SS-MIX2／HL7 V2.5→ CWE.7 コード体系バージョン ID valueCodeableConcept.coding.code　：対象のValue setのコードを指定。　SS-MIX2／HL7 V2.5→ CWE.1 or 4 識別子。対象コードシステムのコード  
valueCodeableConcept.coding.display ： 対象のValue setのテキストを指定。　SS-MIX2／HL7 V2.5→ CWE.2 or 5 テキスト。対象コードの名称  
valueCodeableConcept.coding.userselected ： 未使用。  
valueCodeableConcept.text ： コードが示す意味を指定する。通常は.coding.displayの値を指定するが、複数ある場合は適宜編集すること。　SS-MIX2／HL7 V2.5→ CWE.2 テキスト。coding.display と同じ。","An observation exists to have a value, though it might not if it is in error, or if it represents a group of observations.","","","","","","","",,,,,"",,,,"Observation.value[x]",0,1,"obs-7
","ele-1:All FHIR elements must have a @value or children {hasValue() or (children().count() > id.count())}
","< 441742003 |Evaluation finding|","OBX.2, OBX.5, OBX.6","value","363714003 |Interprets|"
"Observation.value[x]:valueString","Observation.value[x]","valueString","","",0,1,"","","Y","string {[]} {[]}
","検査結果値が「文字列」の場合、その文字列を指定する。SS-MIX2／HL7 V2.5→ OBX-2＝「ST」の時の OBX-5(結果値)","取得された結果","An observation may have; 1)  a single value here, 2)  both a value and a set of related or component values,  or 3)  only a set of related or component values. If a value is present, the datatype for this element should be determined by Observation.code.  A CodeableConcept with just a text would be used instead of a string if the field was usually coded, or if the type associated with the Observation.code defines a coded value.  For additional guidance, see the [Notes section](http://hl7.org/fhir/R4B/observation.html#notes) below.","An observation exists to have a value, though it might not if it is in error, or if it represents a group of observations.","","","","","","","",,,,,"",,,,"Observation.value[x]",0,1,"obs-7
","ele-1:All FHIR elements must have a @value or children {hasValue() or (children().count() > id.count())}
","< 441742003 |Evaluation finding|","OBX.2, OBX.5, OBX.6","value","363714003 |Interprets|"
"Observation.dataAbsentReason","Observation.dataAbsentReason","","","",0,1,"","","","CodeableConcept {[]} {[]}
","このObservationのvalue[x]要素に期待される結果が存在しなかった場合、その理由","検査結果値が欠落している理由。","【JP Core仕様】SS-MIX2で未使用だが、valueの欠落時に使用する必要があり、重要な項目である。  
制約「obs-6」に示す通り、valueが存在する場合、当該項目は存在してはならない。  
textのみでの使用は基本的に不可とし、必ずcodingを設定すること。  
(unknown |   asked-unknown |   temp-unknown |   not-asked |   asked-declined | masked | not-applicable | unsupported | as-text | error |   not-a-number |   negative-infinity |   positive-infinity | not-performed | not-permitted)","For many results it is necessary to handle exceptional values in measurements.","","","","","","","",,"extensible","Codes specifying why the result (`Observation.value[x]`) is missing.","http://hl7.org/fhir/ValueSet/data-absent-reason","",,,,"Observation.dataAbsentReason",0,1,"obs-6
","ele-1:All FHIR elements must have a @value or children {hasValue() or (children().count() > id.count())}
","N/A","value.nullFlavor"
"Observation.interpretation","Observation.interpretation","","Abnormal Flag
","",0,*,"","","","CodeableConcept {[]} {[]}
","High, low, normal, etc. 高、低、正常など","検査結果値の、（高、低、正常）といったカテゴリー評価。結果報告書に記載されることもある情報。","【JP Core仕様】拡張可コード表「ObservationInterpretationCodes」を使用する。  
コード表が大きいため、下記参照。  
https://www.hl7.org/fhir/R4/valueset-observation-interpretation.html","特に数値結果については、結果の重要性を完全に理解するために解釈を必要とする場合がある。","","","","","","","",,"extensible","Codes identifying interpretations of observations.","http://hl7.org/fhir/ValueSet/observation-interpretation","",,,,"Observation.interpretation",0,*,"","ele-1:All FHIR elements must have a @value or children {hasValue() or (children().count() > id.count())}
","< 260245000 |Findings values|","OBX-8","interpretationCode","363713009 |Has interpretation|"
"Observation.note","Observation.note","","","",0,*,"","","","Annotation {[]} {[]}
","このObservationに関するコメント","検査、あるいは結果に関するコメント。フリーテキストの追加情報として使用可能。","May include general statements about the observation, or statements about significant, unexpected or unreliable results values, or information about its source when relevant to its interpretation.","Need to be able to provide free text additional information.  
フリーテキストの追加情報を提供できる必要がある。","","","","","","","",,,,,"",,,,"Observation.note",0,*,"","ele-1:All FHIR elements must have a @value or children {hasValue() or (children().count() > id.count())}
","NTE.3 (partner NTE to OBX, or sometimes another (child?) OBX)","subjectOf.observationEvent[code=""annotation""].value"
"Observation.note.id","Observation.note.id","","","",0,1,"","","","id {[]} {[]}
","Unique id for inter-element referencing","Unique id for the element within a resource (for internal references). This may be any string value that does not contain spaces.","","","","","","","","","",,,,,"",,,,"Element.id",0,1,"","","n/a"
"Observation.note.extension","Observation.note.extension","","extensions
user content","",0,*,"","","","Extension {[]} {[]}
","Additional content defined by implementations","May be used to represent additional information that is not part of the basic definition of the element. To make the use of extensions safe and manageable, there is a strict set of governance  applied to the definition and use of extensions. Though any implementer can define an extension, there is a set of requirements that SHALL be met as part of the definition of the extension.","There can be no stigma associated with the use of extensions by any application, project, or standard - regardless of the institution or jurisdiction that uses or defines the extensions.  The use of extensions is what allows the FHIR specification to retain a core level of simplicity for everyone.","","","","","","","","",,,,,"","value:url}
","Extensions are always sliced by (at least) url",,"open","Element.extension",0,*,"","ele-1:All FHIR elements must have a @value or children {hasValue() or (children().count() > id.count())}
ext-1:Must have either extensions or value[x], not both {extension.exists() != value.exists()}","n/a"
"Observation.note.author[x]","Observation.note.author[x]","","","",0,1,"","","Y","Reference {[]} {[CanonicalType[http://hl7.org/fhir/StructureDefinition/Practitioner], CanonicalType[http://hl7.org/fhir/StructureDefinition/Patient], CanonicalType[http://hl7.org/fhir/StructureDefinition/RelatedPerson], CanonicalType[http://hl7.org/fhir/StructureDefinition/Organization]]}
string {[]} {[]}","Individual responsible for the annotation","The individual responsible for making the annotation.","Organization is used when there's no need for specific attribution as to who made the comment.","","","","","","","","",,,,,"",,,,"Annotation.author[x]",0,1,"","ele-1:All FHIR elements must have a @value or children {hasValue() or (children().count() > id.count())}
","N/A","Act.participant[typeCode=AUT].role"
"Observation.note.time","Observation.note.time","","","",0,1,"","","Y","dateTime {[]} {[]}
","When the annotation was made","Indicates when this particular annotation was made.","","","","","","","","","",,,,,"",,,,"Annotation.time",0,1,"","ele-1:All FHIR elements must have a @value or children {hasValue() or (children().count() > id.count())}
","N/A","Act.effectiveTime"
"Observation.note.text","Observation.note.text","","","",1,1,"","","Y","markdown {[]} {[]}
","The annotation  - text content (as markdown)","The text of the annotation in markdown format.","Systems are not required to have markdown support, so the text should be readable without markdown processing. The markdown syntax is GFM - see https://github.github.com/gfm/","","","","","","","","",,,,,"",,,,"Annotation.text",1,1,"","ele-1:All FHIR elements must have a @value or children {hasValue() or (children().count() > id.count())}
","N/A","Act.text"
"Observation.bodySite","Observation.bodySite","","","",0,1,"","","","CodeableConcept {[]} {[]}
","対象となった身体部位","検査が行われた患者の体の部位。検体検査に関しては、当面は使用しない。","【JP Core仕様】当面は未使用とする。","","","","","","","","",,"example","SNOMED CT Body site concepts","http://hl7.org/fhir/ValueSet/body-site","",,,,"Observation.bodySite",0,1,"","ele-1:All FHIR elements must have a @value or children {hasValue() or (children().count() > id.count())}
","< 123037004 |Body structure|","OBX-20","targetSiteCode","718497002 |Inherent location|"
"Observation.method","Observation.method","","","",0,1,"","","","CodeableConcept {[]} {[]}
","実施の方法","検体検査の検査方法、測定方法。","Observation.code の code から測定方法が暗黙的でない場合にのみ使用する。  
【JP Core仕様】Observation.code に JLAC10コードを使用する場合、測定方法コードが含まれているため method は使用しない。Observation.code から測定方法が判明しない場合や、実際の測定方法が異なる場合に使用することになるが、現状では運用が困難と想定されるため、当面は未使用とする。","In some cases, method can impact results and is thus used for determining whether results can be compared or determining significance of results.  
場合により、測定方法は結果に影響を与える可能性があるため、結果を比較できるかどうかを判断したり、結果の重要性を判断したりするために使用される。","","","","","","","",,"example","Methods for simple observations.","http://hl7.org/fhir/ValueSet/observation-methods","",,,,"Observation.method",0,1,"","ele-1:All FHIR elements must have a @value or children {hasValue() or (children().count() > id.count())}
","OBX-17","methodCode"
"Observation.specimen","Observation.specimen","","","",1,1,"","","","Reference {[]} {[CanonicalType[http://hl7.org/fhir/StructureDefinition/Specimen]]}
","このObservationに使われた検体/標本に関する情報","この検査に使用された検体（標本）。","【JP Core仕様】検体検査プロファイルでは必須とする。","","","","","","","","",,,,,"",,,,"Observation.specimen",0,1,"","ele-1:All FHIR elements must have a @value or children {hasValue() or (children().count() > id.count())}
","< 123038009 |Specimen|","SPM segment","participation[typeCode=SPC].specimen","704319004 |Inherent in|"
"Observation.device","Observation.device","","","",0,1,"","","","Reference {[]} {[CanonicalType[http://hl7.org/fhir/StructureDefinition/Device], CanonicalType[http://hl7.org/fhir/StructureDefinition/DeviceMetric]]}
","このObservationでデータを得るために使われた測定機器に関する情報","検査装置、機器。","【JP Core仕様】検査に使用した機器等の情報に使用する。","","","","","","","","",,,,,"",,,,"Observation.device",0,1,"","ele-1:All FHIR elements must have a @value or children {hasValue() or (children().count() > id.count())}
","< 49062001 |Device|","OBX-17 / PRT -10","participation[typeCode=DEV]","424226004 |Using device|"
"Observation.referenceRange","Observation.referenceRange","","","",0,*,"","","","BackboneElement {[]} {[]}
","基準範囲との比較による結果の解釈方法のガイダンス","推奨範囲として結果値を解釈するためのガイダンス。基準値。","【JP Core仕様】可能な限りlow、highに構造化すべき。構造化できない場合、あるいはlow、highに該当しない場合はtextを使用。","どの値が「正常」と見なされるかを知ることは、特定の結果の意義を評価するのに役立つ。さまざまなコンテキストに対応するため複数の参照範囲を提供できる必要がある。","","","","","","","",,,,,"",,,,"Observation.referenceRange",0,*,"","ele-1:All FHIR elements must have a @value or children unless an empty Parameters resource {hasValue() or (children().count() > id.count()) or $this is Parameters}
obs-3:Must have at least a low or a high or text {low.exists() or high.exists() or text.exists()}","OBX.7","outboundRelationship[typeCode=REFV]/target[classCode=OBS, moodCode=EVN]"
"Observation.referenceRange.id","Observation.referenceRange.id","","","",0,1,"","","","string {[]} {[]}
","Unique id for inter-element referencing","Unique id for the element within a resource (for internal references). This may be any string value that does not contain spaces.","","","","","","","","","",,,,,"",,,,"Element.id",0,1,"","","n/a"
"Observation.referenceRange.extension","Observation.referenceRange.extension","","extensions
user content","",0,*,"","","","Extension {[]} {[]}
","Additional content defined by implementations","May be used to represent additional information that is not part of the basic definition of the element. To make the use of extensions safe and manageable, there is a strict set of governance  applied to the definition and use of extensions. Though any implementer can define an extension, there is a set of requirements that SHALL be met as part of the definition of the extension.","There can be no stigma associated with the use of extensions by any application, project, or standard - regardless of the institution or jurisdiction that uses or defines the extensions.  The use of extensions is what allows the FHIR specification to retain a core level of simplicity for everyone.","","","","","","","","",,,,,"",,,,"Element.extension",0,*,"","ele-1:All FHIR elements must have a @value or children {hasValue() or (children().count() > id.count())}
ext-1:Must have either extensions or value[x], not both {extension.exists() != value.exists()}","n/a"
"Observation.referenceRange.modifierExtension","Observation.referenceRange.modifierExtension","","extensions
user contentmodifiers","",0,*,"","Y","Y","Extension {[]} {[]}
","Extensions that cannot be ignored even if unrecognized","May be used to represent additional information that is not part of the basic definition of the element and that modifies the understanding of the element in which it is contained and/or the understanding of the containing element's descendants. Usually modifier elements provide negation or qualification. To make the use of extensions safe and manageable, there is a strict set of governance applied to the definition and use of extensions. Though any implementer can define an extension, there is a set of requirements that SHALL be met as part of the definition of the extension. Applications processing a resource are required to check for modifier extensions.

Modifier extensions SHALL NOT change the meaning of any elements on Resource or DomainResource (including cannot change the meaning of modifierExtension itself).","There can be no stigma associated with the use of extensions by any application, project, or standard - regardless of the institution or jurisdiction that uses or defines the extensions.  The use of extensions is what allows the FHIR specification to retain a core level of simplicity for everyone.","Modifier extensions allow for extensions that *cannot* be safely ignored to be clearly distinguished from the vast majority of extensions which can be safely ignored.  This promotes interoperability by eliminating the need for implementers to prohibit the presence of extensions. For further information, see the [definition of modifier extensions](http://hl7.org/fhir/R4B/extensibility.html#modifierExtension).","","","","","","","",,,,,"",,,,"BackboneElement.modifierExtension",0,*,"","ele-1:All FHIR elements must have a @value or children {hasValue() or (children().count() > id.count())}
ext-1:Must have either extensions or value[x], not both {extension.exists() != value.exists()}","N/A"
"Observation.referenceRange.low","Observation.referenceRange.low","","","",0,1,"","","","Quantity {[CanonicalType[http://hl7.org/fhir/StructureDefinition/SimpleQuantity]]} {[]}
","Low Range, if relevant","The value of the low bound of the reference range.  The low bound of the reference range endpoint is inclusive of the value (e.g.  reference range is >=5 - <=9). If the low bound is omitted,  it is assumed to be meaningless (e.g. reference range is <=2.3).","The context of use may frequently define what kind of quantity this is and therefore what kind of units can be used. The context of use may also restrict the values for the comparator.","","","","","","","","",,,,,"",,,,"Observation.referenceRange.low",0,1,"obs-3
","ele-1:All FHIR elements must have a @value or children {hasValue() or (children().count() > id.count())}
","OBX-7","value:IVL_PQ.low"
"Observation.referenceRange.high","Observation.referenceRange.high","","","",0,1,"","","","Quantity {[CanonicalType[http://hl7.org/fhir/StructureDefinition/SimpleQuantity]]} {[]}
","High Range, if relevant","The value of the high bound of the reference range.  The high bound of the reference range endpoint is inclusive of the value (e.g.  reference range is >=5 - <=9). If the high bound is omitted,  it is assumed to be meaningless (e.g. reference range is >= 2.3).","The context of use may frequently define what kind of quantity this is and therefore what kind of units can be used. The context of use may also restrict the values for the comparator.","","","","","","","","",,,,,"",,,,"Observation.referenceRange.high",0,1,"obs-3
","ele-1:All FHIR elements must have a @value or children {hasValue() or (children().count() > id.count())}
","OBX-7","value:IVL_PQ.high"
"Observation.referenceRange.type","Observation.referenceRange.type","","","",0,1,"","","","CodeableConcept {[]} {[]}
","Reference range qualifier","対象となる母集団のどの部分に適用するかを示すコード。正常範囲、要治療範囲、など。","This SHOULD be populated if there is more than one range.  If this element is not present then the normal range is assumed.","Need to be able to say what kind of reference range this is - normal, recommended, therapeutic, etc.,  - for proper interpretation.","","","","","","","",,"preferred","Code for the meaning of a reference range.","http://hl7.org/fhir/ValueSet/referencerange-meaning","",,,,"Observation.referenceRange.type",0,1,"","ele-1:All FHIR elements must have a @value or children {hasValue() or (children().count() > id.count())}
","< 260245000 |Findings values| OR  < 365860008 |General clinical state finding| OR < 250171008 |Clinical history or observation findings| OR  < 415229000 |Racial group| OR < 365400002 |Finding of puberty stage| OR< 443938003 |Procedure carried out on subject|","OBX-10","interpretationCode"
"Observation.referenceRange.appliesTo","Observation.referenceRange.appliesTo","","","",0,*,"","","","CodeableConcept {[]} {[]}
","Reference range population","基準値が適用される母集団を示すコード。人種、性別など。","This SHOULD be populated if there is more than one range.  If this element is not present then the normal population is assumed.","Need to be able to identify the target population for proper interpretation.","","","","","","","",,"example","Codes identifying the population the reference range applies to.","http://hl7.org/fhir/ValueSet/referencerange-appliesto","",,,,"Observation.referenceRange.appliesTo",0,*,"","ele-1:All FHIR elements must have a @value or children {hasValue() or (children().count() > id.count())}
","< 260245000 |Findings values| OR  < 365860008 |General clinical state finding| OR < 250171008 |Clinical history or observation findings| OR  < 415229000 |Racial group| OR < 365400002 |Finding of puberty stage| OR< 443938003 |Procedure carried out on subject|","OBX-10","interpretationCode"
"Observation.referenceRange.age","Observation.referenceRange.age","","","",0,1,"","","","Range {[]} {[]}
","Applicable age range, if relevant","基準値が適用される年齢。新生児の場合、週数もありうる。","The stated low and high value are assumed to have arbitrarily high precision when it comes to determining which values are in the range. I.e. 1.99 is not in the range 2 -> 3.","Some analytes vary greatly over age.","","","","","","","",,,,,"",,,,"Observation.referenceRange.age",0,1,"","ele-1:All FHIR elements must have a @value or children {hasValue() or (children().count() > id.count())}
","outboundRelationship[typeCode=PRCN].targetObservationCriterion[code=""age""].value"
"Observation.referenceRange.text","Observation.referenceRange.text","","","",0,1,"","","","string {[]} {[]}
","Text based reference range in an observation","量的範囲で表せない場合などに使用する。","Note that FHIR strings SHALL NOT exceed 1MB in size","","","","","","","","",,,,,"",,,,"Observation.referenceRange.text",0,1,"","ele-1:All FHIR elements must have a @value or children {hasValue() or (children().count() > id.count())}
","OBX-7","value:ST"
"Observation.hasMember","Observation.hasMember","","","",0,*,"","","Y","Reference {[]} {[CanonicalType[http://jpfhir.jp/fhir/core/StructureDefinition/JP_Observation_Common], CanonicalType[http://hl7.org/fhir/StructureDefinition/QuestionnaireResponse], CanonicalType[http://hl7.org/fhir/StructureDefinition/MolecularSequence]]}
","このObservationに関連する子リソースに関する情報。このObservationに関連する/属するパネル検査や検査セットなどのObservationグループ","グループ検査の場合、この検査に含まれる複数の検査結果項目を示す。","【JP Core仕様】この1検査結果で複数の検査結果項目を含むような場合、value[x]には結果値を設定せず、それら検査結果項目を示すJP_Observation_LabResultへのReferenceをhasMemberに設定する。","","","","","","","","",,,,,"",,,,"Observation.hasMember",0,*,"","ele-1:All FHIR elements must have a @value or children {hasValue() or (children().count() > id.count())}
","Relationships established by OBX-4 usage","outBoundRelationship"
"Observation.derivedFrom","Observation.derivedFrom","","","",0,*,"","","Y","Reference {[]} {[CanonicalType[http://hl7.org/fhir/StructureDefinition/DocumentReference], CanonicalType[http://hl7.org/fhir/StructureDefinition/ImagingStudy], CanonicalType[http://hl7.org/fhir/StructureDefinition/Media], CanonicalType[http://hl7.org/fhir/StructureDefinition/QuestionnaireResponse], CanonicalType[http://jpfhir.jp/fhir/core/StructureDefinition/JP_Observation_Common], CanonicalType[http://hl7.org/fhir/StructureDefinition/MolecularSequence]]}
","このObservationの結果の導出元に関する情報。例えば、画像検査から取得された結果となる場合その導出元となる画像検査結果を示すImagingStudyリソース","この検査値の発生元である関連リソース。例えば他のObservation を受けて、本検査値が発生した場合など。","All the reference choices that are listed in this element can represent clinical observations and other measurements that may be the source for a derived value.  The most common reference will be another Observation.  For a discussion on the ways Observations can assembled in groups together, see [Notes](observation.html#obsgrouping) below.","","","","","","","","",,,,,"",,,,"Observation.derivedFrom",0,*,"","ele-1:All FHIR elements must have a @value or children {hasValue() or (children().count() > id.count())}
","Relationships established by OBX-4 usage",".targetObservation"
"Observation.component","Observation.component","","","",0,*,"","","Y","BackboneElement {[]} {[]}
","複合的な結果。例えば、血圧測定値ではそれを構成する収縮期および拡張期の値の組み合わせ","一度のタイミングでの1回の検査で複数の結果を同時に得る場合にのみ使用される。例えば、血圧の収縮期、拡張期。新生児のApgarスコア。質問に対する複数の回答（飲んだアルコールの種類、など）。","For a discussion on the ways Observations can be assembled in groups together see [Notes](observation.html#notes) below.","コンポーネントobservation は プライマリobservation としてのobservation リソースの中で同じ属性を共有し、常に単一のobservation の一部として扱われる（つまりそれらは分離可能ではないん）。ただし、プライマリobservationのreference rangeはコンポーネント値に継承されないため、reference rangeは各コンポーネントobservation に適切であれば必要である。","","","","","","","",,,,,"",,,,"Observation.component",0,*,"","ele-1:All FHIR elements must have a @value or children unless an empty Parameters resource {hasValue() or (children().count() > id.count()) or $this is Parameters}
","containment by OBX-4?","outBoundRelationship[typeCode=COMP]"
"Observation.component.id","Observation.component.id","","","",0,1,"","","","string {[]} {[]}
","Unique id for inter-element referencing","Unique id for the element within a resource (for internal references). This may be any string value that does not contain spaces.","","","","","","","","","",,,,,"",,,,"Element.id",0,1,"","","n/a"
"Observation.component.extension","Observation.component.extension","","extensions
user content","",0,*,"","","","Extension {[]} {[]}
","Additional content defined by implementations","May be used to represent additional information that is not part of the basic definition of the element. To make the use of extensions safe and manageable, there is a strict set of governance  applied to the definition and use of extensions. Though any implementer can define an extension, there is a set of requirements that SHALL be met as part of the definition of the extension.","There can be no stigma associated with the use of extensions by any application, project, or standard - regardless of the institution or jurisdiction that uses or defines the extensions.  The use of extensions is what allows the FHIR specification to retain a core level of simplicity for everyone.","","","","","","","","",,,,,"",,,,"Element.extension",0,*,"","ele-1:All FHIR elements must have a @value or children {hasValue() or (children().count() > id.count())}
ext-1:Must have either extensions or value[x], not both {extension.exists() != value.exists()}","n/a"
"Observation.component.modifierExtension","Observation.component.modifierExtension","","extensions
user contentmodifiers","",0,*,"","Y","Y","Extension {[]} {[]}
","Extensions that cannot be ignored even if unrecognized","May be used to represent additional information that is not part of the basic definition of the element and that modifies the understanding of the element in which it is contained and/or the understanding of the containing element's descendants. Usually modifier elements provide negation or qualification. To make the use of extensions safe and manageable, there is a strict set of governance applied to the definition and use of extensions. Though any implementer can define an extension, there is a set of requirements that SHALL be met as part of the definition of the extension. Applications processing a resource are required to check for modifier extensions.

Modifier extensions SHALL NOT change the meaning of any elements on Resource or DomainResource (including cannot change the meaning of modifierExtension itself).","There can be no stigma associated with the use of extensions by any application, project, or standard - regardless of the institution or jurisdiction that uses or defines the extensions.  The use of extensions is what allows the FHIR specification to retain a core level of simplicity for everyone.","Modifier extensions allow for extensions that *cannot* be safely ignored to be clearly distinguished from the vast majority of extensions which can be safely ignored.  This promotes interoperability by eliminating the need for implementers to prohibit the presence of extensions. For further information, see the [definition of modifier extensions](http://hl7.org/fhir/R4B/extensibility.html#modifierExtension).","","","","","","","",,,,,"",,,,"BackboneElement.modifierExtension",0,*,"","ele-1:All FHIR elements must have a @value or children {hasValue() or (children().count() > id.count())}
ext-1:Must have either extensions or value[x], not both {extension.exists() != value.exists()}","N/A"
"Observation.component.code","Observation.component.code","","","",1,1,"","","Y","CodeableConcept {[]} {[]}
","Type of component observation (code / type)","Describes what was observed. Sometimes this is called the observation ""code"".","*All* code-value and  component.code-component.value pairs need to be taken into account to correctly understand the meaning of the observation.","Knowing what kind of observation is being made is essential to understanding the observation.","","","","","","","",,"example","Codes identifying names of simple observations.","http://hl7.org/fhir/ValueSet/observation-codes","",,,,"Observation.component.code",1,1,"","ele-1:All FHIR elements must have a @value or children {hasValue() or (children().count() > id.count())}
","< 363787002 |Observable entity| OR < 386053000 |Evaluation procedure|","OBX-3","code","FiveWs.what[x]"
"Observation.component.value[x]","Observation.component.value[x]","","","",0,1,"","","Y","Quantity {[]} {[]}
CodeableConcept {[]} {[]}string {[]} {[]}boolean {[]} {[]}integer {[]} {[]}Range {[]} {[]}Ratio {[]} {[]}SampledData {[]} {[]}time {[]} {[]}dateTime {[]} {[]}Period {[]} {[]}","Actual component result","The information determined as a result of making the observation, if the information has a simple value.","Used when observation has a set of component observations. An observation may have both a value (e.g. an  Apgar score)  and component observations (the observations from which the Apgar score was derived). If a value is present, the datatype for this element should be determined by Observation.code. A CodeableConcept with just a text would be used instead of a string if the field was usually coded, or if the type associated with the Observation.code defines a coded value.  For additional guidance, see the [Notes section](http://hl7.org/fhir/R4B/observation.html#notes) below.","An observation exists to have a value, though it might not if it is in error, or if it represents a group of observations.","","","","","","","",,,,,"",,,,"Observation.component.value[x]",0,1,"","ele-1:All FHIR elements must have a @value or children {hasValue() or (children().count() > id.count())}
","363714003 |Interprets| < 441742003 |Evaluation finding|","OBX.2, OBX.5, OBX.6","value","363714003 |Interprets|"
"Observation.component.dataAbsentReason","Observation.component.dataAbsentReason","","","",0,1,"","","","CodeableConcept {[]} {[]}
","Why the component result is missing","Provides a reason why the expected value in the element Observation.component.value[x] is missing.","""Null"" or exceptional values can be represented two ways in FHIR Observations.  One way is to simply include them in the value set and represent the exceptions in the value.  For example, measurement values for a serology test could be  ""detected"", ""not detected"", ""inconclusive"", or  ""test not done"". 

The alternate way is to use the value element for actual observations and use the explicit dataAbsentReason element to record exceptional values.  For example, the dataAbsentReason code ""error"" could be used when the measurement was not completed.  Because of these options, use-case agreements are required to interpret general observations for exceptional values.","For many results it is necessary to handle exceptional values in measurements.","","","","","","","",,"extensible","Codes specifying why the result (`Observation.value[x]`) is missing.","http://hl7.org/fhir/ValueSet/data-absent-reason","",,,,"Observation.component.dataAbsentReason",0,1,"obs-6
","ele-1:All FHIR elements must have a @value or children {hasValue() or (children().count() > id.count())}
","N/A","value.nullFlavor"
"Observation.component.interpretation","Observation.component.interpretation","","Abnormal Flag
","",0,*,"","","","CodeableConcept {[]} {[]}
","High, low, normal, etc.","A categorical assessment of an observation value.  For example, high, low, normal.","Historically used for laboratory results (known as 'abnormal flag' ),  its use extends to other use cases where coded interpretations  are relevant.  Often reported as one or more simple compact codes this element is often placed adjacent to the result value in reports and flow sheets to signal the meaning/normalcy status of the result.","For some results, particularly numeric results, an interpretation is necessary to fully understand the significance of a result.","","","","","","","",,"extensible","Codes identifying interpretations of observations.","http://hl7.org/fhir/ValueSet/observation-interpretation","",,,,"Observation.component.interpretation",0,*,"","ele-1:All FHIR elements must have a @value or children {hasValue() or (children().count() > id.count())}
","< 260245000 |Findings values|","OBX-8","interpretationCode","363713009 |Has interpretation|"
"Observation.component.referenceRange","Observation.component.referenceRange","","","",0,*,"","","","null {[]} {[]}
","Provides guide for interpretation of component result","Guidance on how to interpret the value by comparison to a normal or recommended range.","Most observations only have one generic reference range. Systems MAY choose to restrict to only supplying the relevant reference range based on knowledge about the patient (e.g., specific to the patient's age, gender, weight and other factors), but this might not be possible or appropriate. Whenever more than one reference range is supplied, the differences between them SHOULD be provided in the reference range and/or age properties.","Knowing what values are considered ""normal"" can help evaluate the significance of a particular result. Need to be able to provide multiple reference ranges for different contexts.","","","","","","","",,,,,"",,,,"Observation.component.referenceRange",0,*,"","ele-1:All FHIR elements must have a @value or children {hasValue() or (children().count() > id.count())}
","OBX.7","outboundRelationship[typeCode=REFV]/target[classCode=OBS, moodCode=EVN]"
