"Id","Path","Slice Name","Alias(s)","Label","Min","Max","Must Support?","Is Modifier?","Is Summary?","Type(s)","Short","Definition","Comments","Requirements","Default Value","Meaning When Missing","Fixed Value","Pattern","Example","Minimum Value","Maximum Value","Maximum Length","Binding Strength","Binding Description","Binding Value Set","Code","Slicing Discriminator","Slicing Description","Slicing Ordered","Slicing Rules","Base Path","Base Min","Base Max","Condition(s)","Constraint(s)","Mapping: Workflow Pattern","Mapping: HL7 v2 Mapping","Mapping: RIM Mapping","Mapping: FiveWs Pattern Mapping"
"DiagnosticReport","DiagnosticReport","","Report
TestResultResultsLabsLaboratory","",0,*,"","","","null {[]} {[]}
","診断レポート-依頼情報、１項目単位の結果、画像、解釈、およびフォーマットされたレポートの組み合わせ　【JP Core仕様】検体検査結果レポートのプロフィール","患者、患者のグループ、デバイス、場所、これらから派生した検体に対して実行された診断的検査の結果と解釈。レポートには、依頼情報や依頼者情報などの臨床コンテキスト（文脈）、および１項目単位の結果、画像、テキストとコード化された解釈、および診断レポートのフォーマットされた表現のいくつかの組み合わせが含まれる。  
【JP Core仕様】検体検査結果レポートのプロフィール","これは単一のレポートをキャプチャすることを目的としており、複数のレポートをカバーする要約情報の表示に使用するのには適していない。たとえば、このリソースは、検査結果の累積レポート形式やシーケンスの詳細な構造化レポート用に作られていない。  
【JP Core仕様】DiagnosticReportリソースの共通プロフィール","","","","","","","","",,,,,"",,,,"DiagnosticReport",0,*,"","dom-2:If the resource is contained in another resource, it SHALL NOT contain nested Resources {contained.contained.empty()}
dom-3:If the resource is contained in another resource, it SHALL be referred to from elsewhere in the resource or SHALL refer to the containing resource {contained.where(((id.exists() and ('#'+id in (%resource.descendants().reference | %resource.descendants().as(canonical) | %resource.descendants().as(uri) | %resource.descendants().as(url)))) or descendants().where(reference = '#').exists() or descendants().where(as(canonical) = '#').exists() or descendants().where(as(uri) = '#').exists()).not()).trace('unmatched', id).empty()}dom-4:If a resource is contained in another resource, it SHALL NOT have a meta.versionId or a meta.lastUpdated {contained.meta.versionId.empty() and contained.meta.lastUpdated.empty()}dom-5:If a resource is contained in another resource, it SHALL NOT have a security label {contained.meta.security.empty()}dom-6:A resource should have narrative for robust management {text.`div`.exists()}","Event","ORU -> OBR","Entity. Role, or Act","Observation[classCode=OBS, moodCode=EVN]","clinical.diagnostics"
"DiagnosticReport.id","DiagnosticReport.id","","","",0,1,"","","Y","id {[]} {[]}
","Logical id of this artifact","The logical id of the resource, as used in the URL for the resource. Once assigned, this value never changes.","The only time that a resource does not have an id is when it is being submitted to the server using a create operation.","","","","","","","","",,,,,"",,,,"Resource.id",0,1,"",""
"DiagnosticReport.meta","DiagnosticReport.meta","","","",0,1,"","","Y","Meta {[]} {[]}
","Metadata about the resource","The metadata about the resource. This is content that is maintained by the infrastructure. Changes to the content might not always be associated with version changes to the resource.","","","","","","","","","",,,,,"",,,,"Resource.meta",0,1,"","ele-1:All FHIR elements must have a @value or children {hasValue() or (children().count() > id.count())}
"
"DiagnosticReport.implicitRules","DiagnosticReport.implicitRules","","","",0,1,"","Y","Y","uri {[]} {[]}
","A set of rules under which this content was created","A reference to a set of rules that were followed when the resource was constructed, and which must be understood when processing the content. Often, this is a reference to an implementation guide that defines the special rules along with other profiles etc.","Asserting this rule set restricts the content to be only understood by a limited set of trading partners. This inherently limits the usefulness of the data in the long term. However, the existing health eco-system is highly fractured, and not yet ready to define, collect, and exchange data in a generally computable sense. Wherever possible, implementers and/or specification writers should avoid using this element. Often, when used, the URL is a reference to an implementation guide that defines these special rules as part of it's narrative along with other profiles, value sets, etc.","","","","","","","","",,,,,"",,,,"Resource.implicitRules",0,1,"","ele-1:All FHIR elements must have a @value or children {hasValue() or (children().count() > id.count())}
"
"DiagnosticReport.language","DiagnosticReport.language","","","",0,1,"","","","code {[]} {[]}
","Language of the resource content","The base language in which the resource is written.","Language is provided to support indexing and accessibility (typically, services such as text to speech use the language tag). The html language tag in the narrative applies  to the narrative. The language tag on the resource may be used to specify the language of other presentations generated from the data in the resource. Not all the content has to be in the base language. The Resource.language should not be assumed to apply to the narrative automatically. If a language is specified, it should it also be specified on the div element in the html (see rules in HTML5 for information about the relationship between xml:lang and the html lang attribute).","","","","","","","","",,"preferred","IETF language tag","http://hl7.org/fhir/ValueSet/languages","",,,,"Resource.language",0,1,"","ele-1:All FHIR elements must have a @value or children {hasValue() or (children().count() > id.count())}
"
"DiagnosticReport.text","DiagnosticReport.text","","narrative
htmlxhtmldisplay","",0,1,"","","","Narrative {[]} {[]}
","Text summary of the resource, for human interpretation","A human-readable narrative that contains a summary of the resource and can be used to represent the content of the resource to a human. The narrative need not encode all the structured data, but is required to contain sufficient detail to make it ""clinically safe"" for a human to just read the narrative. Resource definitions may define what content should be represented in the narrative to ensure clinical safety.","Contained resources do not have narrative. Resources that are not contained SHOULD have a narrative. In some cases, a resource may only have text with little or no additional discrete data (as long as all minOccurs=1 elements are satisfied).  This may be necessary for data from legacy systems where information is captured as a ""text blob"" or where text is additionally entered raw or narrated and encoded information is added later.","","","","","","","","",,,,,"",,,,"DomainResource.text",0,1,"","ele-1:All FHIR elements must have a @value or children {hasValue() or (children().count() > id.count())}
","Act.text?"
"DiagnosticReport.contained","DiagnosticReport.contained","","inline resources
anonymous resourcescontained resources","",0,*,"","","","Resource {[]} {[]}
","Contained, inline Resources","These resources do not have an independent existence apart from the resource that contains them - they cannot be identified independently, and nor can they have their own independent transaction scope.","This should never be done when the content can be identified properly, as once identification is lost, it is extremely difficult (and context dependent) to restore it again. Contained resources may have profiles and tags In their meta elements, but SHALL NOT have security labels.","","","","","","","","",,,,,"",,,,"DomainResource.contained",0,*,"","dom-r4b:Containing new R4B resources within R4 resources may cause interoperability issues if instances are shared with R4 systems {($this is Citation or $this is Evidence or $this is EvidenceReport or $this is EvidenceVariable or $this is MedicinalProductDefinition or $this is PackagedProductDefinition or $this is AdministrableProductDefinition or $this is Ingredient or $this is ClinicalUseDefinition or $this is RegulatedAuthorization or $this is SubstanceDefinition or $this is SubscriptionStatus or $this is SubscriptionTopic) implies (%resource is Citation or %resource is Evidence or %resource is EvidenceReport or %resource is EvidenceVariable or %resource is MedicinalProductDefinition or %resource is PackagedProductDefinition or %resource is AdministrableProductDefinition or %resource is Ingredient or %resource is ClinicalUseDefinition or %resource is RegulatedAuthorization or %resource is SubstanceDefinition or %resource is SubscriptionStatus or %resource is SubscriptionTopic)}
","N/A"
"DiagnosticReport.extension","DiagnosticReport.extension","","extensions
user content","",0,*,"","","","Extension {[]} {[]}
","Additional content defined by implementations","May be used to represent additional information that is not part of the basic definition of the resource. To make the use of extensions safe and manageable, there is a strict set of governance  applied to the definition and use of extensions. Though any implementer can define an extension, there is a set of requirements that SHALL be met as part of the definition of the extension.","There can be no stigma associated with the use of extensions by any application, project, or standard - regardless of the institution or jurisdiction that uses or defines the extensions.  The use of extensions is what allows the FHIR specification to retain a core level of simplicity for everyone.","","","","","","","","",,,,,"",,,,"DomainResource.extension",0,*,"","ele-1:All FHIR elements must have a @value or children {hasValue() or (children().count() > id.count())}
ext-1:Must have either extensions or value[x], not both {extension.exists() != value.exists()}","N/A"
"DiagnosticReport.modifierExtension","DiagnosticReport.modifierExtension","","extensions
user content","",0,*,"","Y","","Extension {[]} {[]}
","Extensions that cannot be ignored","May be used to represent additional information that is not part of the basic definition of the resource and that modifies the understanding of the element that contains it and/or the understanding of the containing element's descendants. Usually modifier elements provide negation or qualification. To make the use of extensions safe and manageable, there is a strict set of governance applied to the definition and use of extensions. Though any implementer is allowed to define an extension, there is a set of requirements that SHALL be met as part of the definition of the extension. Applications processing a resource are required to check for modifier extensions.

Modifier extensions SHALL NOT change the meaning of any elements on Resource or DomainResource (including cannot change the meaning of modifierExtension itself).","There can be no stigma associated with the use of extensions by any application, project, or standard - regardless of the institution or jurisdiction that uses or defines the extensions.  The use of extensions is what allows the FHIR specification to retain a core level of simplicity for everyone.","Modifier extensions allow for extensions that *cannot* be safely ignored to be clearly distinguished from the vast majority of extensions which can be safely ignored.  This promotes interoperability by eliminating the need for implementers to prohibit the presence of extensions. For further information, see the [definition of modifier extensions](http://hl7.org/fhir/R4B/extensibility.html#modifierExtension).","","","","","","","",,,,,"",,,,"DomainResource.modifierExtension",0,*,"","ele-1:All FHIR elements must have a @value or children {hasValue() or (children().count() > id.count())}
ext-1:Must have either extensions or value[x], not both {extension.exists() != value.exists()}","N/A"
"DiagnosticReport.identifier","DiagnosticReport.identifier","","ReportID
Filler IDPlacer ID","",0,*,"","","Y","Identifier {[]} {[]}
","レポートを識別するビジネス識別子","実施者または他のシステムによってこのレポートに割り当てられた識別子。","発生源の検査室からこのレポートについてクエリを作成するとき、およびFHIRコンテキスト外のレポートにリンクするときに使用する識別子を知る必要がある。  
【JP Core仕様】レポートをユニークに識別する識別子。依頼者オーダ番号と関連付ける場合が多い。  
検体検査の特性として、複数の容器の結果を含む。容器ごと（厳密には項目ごと）に結果のタイミングは異なる場合がある。","発生源の検査室からこのレポートについてクエリを作成するとき、およびFHIRコンテキスト外のレポートにリンクするときに使用する識別子を知る必要がある。","","","","","","","",,,,,"",,,,"DiagnosticReport.identifier",0,*,"","ele-1:All FHIR elements must have a @value or children {hasValue() or (children().count() > id.count())}
","Event.identifier","OBR-51/ for globally unique filler ID  - OBR-3 , For non-globally unique filler-id the flller/placer number must be combined with the universal service Id -  OBR-2(if present)+OBR-3+OBR-4","id","FiveWs.identifier"
"DiagnosticReport.basedOn","DiagnosticReport.basedOn","","Request
","",0,*,"","","","Reference {[]} {[CanonicalType[http://hl7.org/fhir/StructureDefinition/CarePlan], CanonicalType[http://hl7.org/fhir/StructureDefinition/ImmunizationRecommendation], CanonicalType[http://jpfhir.jp/fhir/core/StructureDefinition/JP_MedicationRequest], CanonicalType[http://jpfhir.jp/fhir/core/StructureDefinition/JP_MedicationRequest_Injection], CanonicalType[http://hl7.org/fhir/StructureDefinition/NutritionOrder], CanonicalType[http://hl7.org/fhir/StructureDefinition/ServiceRequest]]}
","元になった検査や診断の依頼に関する情報","元になった検査や診断の依頼に関する情報","通常、１結果ごとに１つの検査依頼があるが、状況によっては、複数の検査要求に対して１レポートがある場合がある。また 1つの検査依頼に対して複数のレポートが作成される場合もあることに注意。  
【JP Core仕様】ServiceRequestリソースを参照(ObservationLabResultと同様）","This allows tracing of authorization for the report and tracking whether proposals/recommendations were acted upon.","","","","","","","",,,,,"",,,,"DiagnosticReport.basedOn",0,*,"","ele-1:All FHIR elements must have a @value or children {hasValue() or (children().count() > id.count())}
","Event.basedOn","ORC? OBR-2/3?","outboundRelationship[typeCode=FLFS].target"
"DiagnosticReport.status","DiagnosticReport.status","","","",1,1,"","Y","Y","code {[]} {[]}
","診断レポートのステータス","診断レポートのステータス。","有れば：ORC-5  
もしくは  
無ければ：OBR-25(""F"")のAND結果  
　例：全部""F""なら""F""、それ以外の場合は要検討  
設定する値は、DiagnosticReportStatus（コード）から1つ選ぶ  
コード体系：HL7 Table 0038のコードと定義","Diagnostic services routinely issue provisional/incomplete reports, and sometimes withdraw previously released reports.","","","","","","","",,"required","The status of the diagnostic report.","http://hl7.org/fhir/ValueSet/diagnostic-report-status|4.3.0","",,,,"DiagnosticReport.status",1,1,"","ele-1:All FHIR elements must have a @value or children {hasValue() or (children().count() > id.count())}
","Event.status","OBR-25 (not 1:1 mapping)","statusCode  Note: final and amended are distinguished by whether observation is the subject of a ControlAct event of type ""revise""","FiveWs.status"
"DiagnosticReport.category","DiagnosticReport.category","","Department
Sub-departmentServiceDiscipline","",1,*,"","","Y","CodeableConcept {[]} {[]}
","診断レポートを作成した臨床分野、部門、または診断サービスを分類するコード。検体査では、LoincコードのLP29693-6 検体検査/LAB を使用する。","診断レポートを作成した臨床分野、部門、または診断サービスを分類するコード。検体査では、LoincコードのLP29693-6 検体検査/LAB を使用する。","これは、検索、並べ替え、および表示の目的で使用される。","","","","","","","","",,"example","HL7 V2 table 0074","http://hl7.org/fhir/ValueSet/diagnostic-service-sections","","value:$this}
","",,"open","DiagnosticReport.category",0,*,"","ele-1:All FHIR elements must have a @value or children {hasValue() or (children().count() > id.count())}
","OBR-24","inboundRelationship[typeCode=COMP].source[classCode=LIST, moodCode=EVN, code < LabService].code","FiveWs.class"
"DiagnosticReport.category.id","DiagnosticReport.category.id","","","",0,1,"","","","id {[]} {[]}
","Unique id for inter-element referencing","Unique id for the element within a resource (for internal references). This may be any string value that does not contain spaces.","","","","","","","","","",,,,,"",,,,"Element.id",0,1,"","","n/a"
"DiagnosticReport.category.extension","DiagnosticReport.category.extension","","extensions
user content","",0,*,"","","","Extension {[]} {[]}
","Additional content defined by implementations","May be used to represent additional information that is not part of the basic definition of the element. To make the use of extensions safe and manageable, there is a strict set of governance  applied to the definition and use of extensions. Though any implementer can define an extension, there is a set of requirements that SHALL be met as part of the definition of the extension.","There can be no stigma associated with the use of extensions by any application, project, or standard - regardless of the institution or jurisdiction that uses or defines the extensions.  The use of extensions is what allows the FHIR specification to retain a core level of simplicity for everyone.","","","","","","","","",,,,,"","value:url}
","Extensions are always sliced by (at least) url",,"open","Element.extension",0,*,"","ele-1:All FHIR elements must have a @value or children {hasValue() or (children().count() > id.count())}
ext-1:Must have either extensions or value[x], not both {extension.exists() != value.exists()}","n/a"
"DiagnosticReport.category.coding","DiagnosticReport.category.coding","","","",0,*,"","","Y","Coding {[]} {[]}
","Code defined by a terminology system","A reference to a code defined by a terminology system.","Codes may be defined very casually in enumerations, or code lists, up to very formal definitions such as SNOMED CT - see the HL7 v3 Core Principles for more information.  Ordering of codings is undefined and SHALL NOT be used to infer meaning. Generally, at most only one of the coding values will be labeled as UserSelected = true.","Allows for alternative encodings within a code system, and translations to other code systems.","","","","","","","",,,,,"",,,,"CodeableConcept.coding",0,*,"","ele-1:All FHIR elements must have a @value or children {hasValue() or (children().count() > id.count())}
","C*E.1-8, C*E.10-22","union(., ./translation)"
"DiagnosticReport.category.coding.id","DiagnosticReport.category.coding.id","","","",0,1,"","","","id {[]} {[]}
","Unique id for inter-element referencing","Unique id for the element within a resource (for internal references). This may be any string value that does not contain spaces.","","","","","","","","","",,,,,"",,,,"Element.id",0,1,"","","n/a"
"DiagnosticReport.category.coding.extension","DiagnosticReport.category.coding.extension","","extensions
user content","",0,*,"","","","Extension {[]} {[]}
","Additional content defined by implementations","May be used to represent additional information that is not part of the basic definition of the element. To make the use of extensions safe and manageable, there is a strict set of governance  applied to the definition and use of extensions. Though any implementer can define an extension, there is a set of requirements that SHALL be met as part of the definition of the extension.","There can be no stigma associated with the use of extensions by any application, project, or standard - regardless of the institution or jurisdiction that uses or defines the extensions.  The use of extensions is what allows the FHIR specification to retain a core level of simplicity for everyone.","","","","","","","","",,,,,"","value:url}
","Extensions are always sliced by (at least) url",,"open","Element.extension",0,*,"","ele-1:All FHIR elements must have a @value or children {hasValue() or (children().count() > id.count())}
ext-1:Must have either extensions or value[x], not both {extension.exists() != value.exists()}","n/a"
"DiagnosticReport.category.coding.system","DiagnosticReport.category.coding.system","","","",0,1,"","","Y","uri {[]} {[]}
","カテゴリーコードシステムの識別URL","カテゴリーコードシステムの識別URL","The URI may be an OID (urn:oid:...) or a UUID (urn:uuid:...).  OIDs and UUIDs SHALL be references to the HL7 OID registry. Otherwise, the URI should come from HL7's list of FHIR defined special URIs or it should reference to some definition that establishes the system clearly and unambiguously.","Need to be unambiguous about the source of the definition of the symbol.","","","","","","","",,,,,"",,,,"Coding.system",0,1,"","ele-1:All FHIR elements must have a @value or children {hasValue() or (children().count() > id.count())}
","C*E.3","./codeSystem"
"DiagnosticReport.category.coding.version","DiagnosticReport.category.coding.version","","","",0,1,"","","Y","string {[]} {[]}
","Version of the system - if relevant","The version of the code system which was used when choosing this code. Note that a well-maintained code system does not need the version reported, because the meaning of codes is consistent across versions. However this cannot consistently be assured, and when the meaning is not guaranteed to be consistent, the version SHOULD be exchanged.","Where the terminology does not clearly define what string should be used to identify code system versions, the recommendation is to use the date (expressed in FHIR date format) on which that version was officially published as the version date.","","","","","","","","",,,,,"",,,,"Coding.version",0,1,"","ele-1:All FHIR elements must have a @value or children {hasValue() or (children().count() > id.count())}
","C*E.7","./codeSystemVersion"
"DiagnosticReport.category.coding.code","DiagnosticReport.category.coding.code","","","",0,1,"","","Y","code {[]} {[]}
","カテゴリーコード","カテゴリーコード","","Need to refer to a particular code in the system.","","","","","","","",,,,,"",,,,"Coding.code",0,1,"","ele-1:All FHIR elements must have a @value or children {hasValue() or (children().count() > id.count())}
","C*E.1","./code"
"DiagnosticReport.category.coding.display","DiagnosticReport.category.coding.display","","","",0,1,"","","Y","string {[]} {[]}
","カテゴリー表示名","カテゴリー表示名","","Need to be able to carry a human-readable meaning of the code for readers that do not know  the system.","","","","","","","",,,,,"",,,,"Coding.display",0,1,"","ele-1:All FHIR elements must have a @value or children {hasValue() or (children().count() > id.count())}
","C*E.2 - but note this is not well followed","CV.displayName"
"DiagnosticReport.category.coding.userSelected","DiagnosticReport.category.coding.userSelected","","","",0,1,"","","Y","boolean {[]} {[]}
","If this coding was chosen directly by the user","Indicates that this coding was chosen by a user directly - e.g. off a pick list of available items (codes or displays).","Amongst a set of alternatives, a directly chosen code is the most appropriate starting point for new translations. There is some ambiguity about what exactly 'directly chosen' implies, and trading partner agreement may be needed to clarify the use of this element and its consequences more completely.","This has been identified as a clinical safety criterium - that this exact system/code pair was chosen explicitly, rather than inferred by the system based on some rules or language processing.","","","","","","","",,,,,"",,,,"Coding.userSelected",0,1,"","ele-1:All FHIR elements must have a @value or children {hasValue() or (children().count() > id.count())}
","Sometimes implied by being first","CD.codingRationale"
"DiagnosticReport.category.text","DiagnosticReport.category.text","","","",0,1,"","","Y","string {[]} {[]}
","Plain text representation of the concept","A human language representation of the concept as seen/selected/uttered by the user who entered the data and/or which represents the intended meaning of the user.","Very often the text is the same as a displayName of one of the codings.","The codes from the terminologies do not always capture the correct meaning with all the nuances of the human using them, or sometimes there is no appropriate code at all. In these cases, the text is used to capture the full meaning of the source.","","","","","","","",,,,,"",,,,"CodeableConcept.text",0,1,"","ele-1:All FHIR elements must have a @value or children {hasValue() or (children().count() > id.count())}
","C*E.9. But note many systems use C*E.2 for this","./originalText[mediaType/code=""text/plain""]/data"
"DiagnosticReport.category:laboratory","DiagnosticReport.category","laboratory","Department
Sub-departmentServiceDiscipline","",1,1,"","","Y","CodeableConcept {[]} {[]}
","診断レポートを作成した臨床分野、部門、または診断サービス（心臓病学、生化学、血液学、放射線医学など）を分類するコード","診断レポートを作成した臨床分野、部門、または診断サービス（心臓病学、生化学、血液学、放射線医学など）を分類するコード","【JP Core仕様】レポートカテゴリーとして、LoincコードのLP29693-6(検体検査/LAB)を使用する。","","","","","","","","",,"required","","http://jpfhir.jp/fhir/core/ValueSet/JP_DiagnosticReportCategory_VS","",,,,"DiagnosticReport.category",0,*,"","ele-1:All FHIR elements must have a @value or children {hasValue() or (children().count() > id.count())}
","OBR-24","inboundRelationship[typeCode=COMP].source[classCode=LIST, moodCode=EVN, code < LabService].code","FiveWs.class"
"DiagnosticReport.category:laboratory.id","DiagnosticReport.category.id","","","",0,1,"","","","id {[]} {[]}
","Unique id for inter-element referencing","Unique id for the element within a resource (for internal references). This may be any string value that does not contain spaces.","","","","","","","","","",,,,,"",,,,"Element.id",0,1,"","","n/a"
"DiagnosticReport.category:laboratory.extension","DiagnosticReport.category.extension","","extensions
user content","",0,*,"","","","Extension {[]} {[]}
","Additional content defined by implementations","May be used to represent additional information that is not part of the basic definition of the element. To make the use of extensions safe and manageable, there is a strict set of governance  applied to the definition and use of extensions. Though any implementer can define an extension, there is a set of requirements that SHALL be met as part of the definition of the extension.","There can be no stigma associated with the use of extensions by any application, project, or standard - regardless of the institution or jurisdiction that uses or defines the extensions.  The use of extensions is what allows the FHIR specification to retain a core level of simplicity for everyone.","","","","","","","","",,,,,"","value:url}
","Extensions are always sliced by (at least) url",,"open","Element.extension",0,*,"","ele-1:All FHIR elements must have a @value or children {hasValue() or (children().count() > id.count())}
ext-1:Must have either extensions or value[x], not both {extension.exists() != value.exists()}","n/a"
"DiagnosticReport.category:laboratory.coding","DiagnosticReport.category.coding","","","",0,*,"","","Y","Coding {[]} {[]}
","Code defined by a terminology system","A reference to a code defined by a terminology system.","Codes may be defined very casually in enumerations, or code lists, up to very formal definitions such as SNOMED CT - see the HL7 v3 Core Principles for more information.  Ordering of codings is undefined and SHALL NOT be used to infer meaning. Generally, at most only one of the coding values will be labeled as UserSelected = true.","Allows for alternative encodings within a code system, and translations to other code systems.","","","","","","","",,,,,"",,,,"CodeableConcept.coding",0,*,"","ele-1:All FHIR elements must have a @value or children {hasValue() or (children().count() > id.count())}
","C*E.1-8, C*E.10-22","union(., ./translation)"
"DiagnosticReport.category:laboratory.coding.id","DiagnosticReport.category.coding.id","","","",0,1,"","","","id {[]} {[]}
","Unique id for inter-element referencing","Unique id for the element within a resource (for internal references). This may be any string value that does not contain spaces.","","","","","","","","","",,,,,"",,,,"Element.id",0,1,"","","n/a"
"DiagnosticReport.category:laboratory.coding.extension","DiagnosticReport.category.coding.extension","","extensions
user content","",0,*,"","","","Extension {[]} {[]}
","Additional content defined by implementations","May be used to represent additional information that is not part of the basic definition of the element. To make the use of extensions safe and manageable, there is a strict set of governance  applied to the definition and use of extensions. Though any implementer can define an extension, there is a set of requirements that SHALL be met as part of the definition of the extension.","There can be no stigma associated with the use of extensions by any application, project, or standard - regardless of the institution or jurisdiction that uses or defines the extensions.  The use of extensions is what allows the FHIR specification to retain a core level of simplicity for everyone.","","","","","","","","",,,,,"","value:url}
","Extensions are always sliced by (at least) url",,"open","Element.extension",0,*,"","ele-1:All FHIR elements must have a @value or children {hasValue() or (children().count() > id.count())}
ext-1:Must have either extensions or value[x], not both {extension.exists() != value.exists()}","n/a"
"DiagnosticReport.category:laboratory.coding.system","DiagnosticReport.category.coding.system","","","",0,1,"","","Y","uri {[]} {[]}
","カテゴリーコードシステムの識別URL","カテゴリーコードシステムの識別URL","The URI may be an OID (urn:oid:...) or a UUID (urn:uuid:...).  OIDs and UUIDs SHALL be references to the HL7 OID registry. Otherwise, the URI should come from HL7's list of FHIR defined special URIs or it should reference to some definition that establishes the system clearly and unambiguously.","Need to be unambiguous about the source of the definition of the symbol.","","","<valueUri xmlns=""http://hl7.org/fhir"" value=""http://loinc.org""/>","","","","",,,,,"",,,,"Coding.system",0,1,"","ele-1:All FHIR elements must have a @value or children {hasValue() or (children().count() > id.count())}
","C*E.3","./codeSystem"
"DiagnosticReport.category:laboratory.coding.version","DiagnosticReport.category.coding.version","","","",0,1,"","","Y","string {[]} {[]}
","Version of the system - if relevant","The version of the code system which was used when choosing this code. Note that a well-maintained code system does not need the version reported, because the meaning of codes is consistent across versions. However this cannot consistently be assured, and when the meaning is not guaranteed to be consistent, the version SHOULD be exchanged.","Where the terminology does not clearly define what string should be used to identify code system versions, the recommendation is to use the date (expressed in FHIR date format) on which that version was officially published as the version date.","","","","","","","","",,,,,"",,,,"Coding.version",0,1,"","ele-1:All FHIR elements must have a @value or children {hasValue() or (children().count() > id.count())}
","C*E.7","./codeSystemVersion"
"DiagnosticReport.category:laboratory.coding.code","DiagnosticReport.category.coding.code","","","",0,1,"","","Y","code {[]} {[]}
","カテゴリーコード","カテゴリーコード","","Need to refer to a particular code in the system.","","","<valueCode xmlns=""http://hl7.org/fhir"" value=""LP29693-6""/>","","","","",,,,,"",,,,"Coding.code",0,1,"","ele-1:All FHIR elements must have a @value or children {hasValue() or (children().count() > id.count())}
","C*E.1","./code"
"DiagnosticReport.category:laboratory.coding.display","DiagnosticReport.category.coding.display","","","",0,1,"","","Y","string {[]} {[]}
","カテゴリー表示名","カテゴリー表示名","","Need to be able to carry a human-readable meaning of the code for readers that do not know  the system.","","","","","","","",,,,,"",,,,"Coding.display",0,1,"","ele-1:All FHIR elements must have a @value or children {hasValue() or (children().count() > id.count())}
","C*E.2 - but note this is not well followed","CV.displayName"
"DiagnosticReport.category:laboratory.coding.userSelected","DiagnosticReport.category.coding.userSelected","","","",0,1,"","","Y","boolean {[]} {[]}
","If this coding was chosen directly by the user","Indicates that this coding was chosen by a user directly - e.g. off a pick list of available items (codes or displays).","Amongst a set of alternatives, a directly chosen code is the most appropriate starting point for new translations. There is some ambiguity about what exactly 'directly chosen' implies, and trading partner agreement may be needed to clarify the use of this element and its consequences more completely.","This has been identified as a clinical safety criterium - that this exact system/code pair was chosen explicitly, rather than inferred by the system based on some rules or language processing.","","","","","","","",,,,,"",,,,"Coding.userSelected",0,1,"","ele-1:All FHIR elements must have a @value or children {hasValue() or (children().count() > id.count())}
","Sometimes implied by being first","CD.codingRationale"
"DiagnosticReport.category:laboratory.text","DiagnosticReport.category.text","","","",0,1,"","","Y","string {[]} {[]}
","Plain text representation of the concept","A human language representation of the concept as seen/selected/uttered by the user who entered the data and/or which represents the intended meaning of the user.","Very often the text is the same as a displayName of one of the codings.","The codes from the terminologies do not always capture the correct meaning with all the nuances of the human using them, or sometimes there is no appropriate code at all. In these cases, the text is used to capture the full meaning of the source.","","","","","","","",,,,,"",,,,"CodeableConcept.text",0,1,"","ele-1:All FHIR elements must have a @value or children {hasValue() or (children().count() > id.count())}
","C*E.9. But note many systems use C*E.2 for this","./originalText[mediaType/code=""text/plain""]/data"
"DiagnosticReport.code","DiagnosticReport.code","","Type
","",1,1,"","","Y","CodeableConcept {[]} {[]}
","診断レポートを説明するコードまたは名前","診断レポートを説明するコードまたは名前","","","","","","","","","",,"preferred","","http://jpfhir.jp/fhir/core/ValueSet/JP_DocumentCodes_DiagnosticReport_VS","",,,,"DiagnosticReport.code",1,1,"","ele-1:All FHIR elements must have a @value or children {hasValue() or (children().count() > id.count())}
","Event.code","OBR-4 (HL7 v2 doesn't provide an easy way to indicate both the ordered test and the performed panel)","code","FiveWs.what[x]"
"DiagnosticReport.code.id","DiagnosticReport.code.id","","","",0,1,"","","","id {[]} {[]}
","Unique id for inter-element referencing","Unique id for the element within a resource (for internal references). This may be any string value that does not contain spaces.","","","","","","","","","",,,,,"",,,,"Element.id",0,1,"","","n/a"
"DiagnosticReport.code.extension","DiagnosticReport.code.extension","","extensions
user content","",0,*,"","","","Extension {[]} {[]}
","Additional content defined by implementations","May be used to represent additional information that is not part of the basic definition of the element. To make the use of extensions safe and manageable, there is a strict set of governance  applied to the definition and use of extensions. Though any implementer can define an extension, there is a set of requirements that SHALL be met as part of the definition of the extension.","There can be no stigma associated with the use of extensions by any application, project, or standard - regardless of the institution or jurisdiction that uses or defines the extensions.  The use of extensions is what allows the FHIR specification to retain a core level of simplicity for everyone.","","","","","","","","",,,,,"","value:url}
","Extensions are always sliced by (at least) url",,"open","Element.extension",0,*,"","ele-1:All FHIR elements must have a @value or children {hasValue() or (children().count() > id.count())}
ext-1:Must have either extensions or value[x], not both {extension.exists() != value.exists()}","n/a"
"DiagnosticReport.code.coding","DiagnosticReport.code.coding","","","",0,*,"","","Y","Coding {[]} {[]}
","Code defined by a terminology system","A reference to a code defined by a terminology system.","Codes may be defined very casually in enumerations, or code lists, up to very formal definitions such as SNOMED CT - see the HL7 v3 Core Principles for more information.  Ordering of codings is undefined and SHALL NOT be used to infer meaning. Generally, at most only one of the coding values will be labeled as UserSelected = true.","Allows for alternative encodings within a code system, and translations to other code systems.","","","","","","","",,,,,"","value:system}
","",,"open","CodeableConcept.coding",0,*,"","ele-1:All FHIR elements must have a @value or children {hasValue() or (children().count() > id.count())}
","C*E.1-8, C*E.10-22","union(., ./translation)"
"DiagnosticReport.code.coding:laboratoryCode","DiagnosticReport.code.coding","laboratoryCode","","",0,1,"","","Y","Coding {[]} {[]}
","検体検査レポート項目コード。本ユースケースにおける項目コード推奨値をスライスにて示している【詳細参照】","検体検査レポート項目コード。本ユースケースにおける項目コード推奨値をスライスにて示している。","推奨コードは必須ではない、派生先によるコード体系を作成し割り振ることを否定しない","Allows for alternative encodings within a code system, and translations to other code systems.","","","","","","","",,,,,"",,,,"CodeableConcept.coding",0,*,"","ele-1:All FHIR elements must have a @value or children {hasValue() or (children().count() > id.count())}
","C*E.1-8, C*E.10-22","union(., ./translation)"
"DiagnosticReport.code.coding:laboratoryCode.id","DiagnosticReport.code.coding.id","","","",0,1,"","","","id {[]} {[]}
","Unique id for inter-element referencing","Unique id for the element within a resource (for internal references). This may be any string value that does not contain spaces.","","","","","","","","","",,,,,"",,,,"Element.id",0,1,"","","n/a"
"DiagnosticReport.code.coding:laboratoryCode.extension","DiagnosticReport.code.coding.extension","","extensions
user content","",0,*,"","","","Extension {[]} {[]}
","Additional content defined by implementations","May be used to represent additional information that is not part of the basic definition of the element. To make the use of extensions safe and manageable, there is a strict set of governance  applied to the definition and use of extensions. Though any implementer can define an extension, there is a set of requirements that SHALL be met as part of the definition of the extension.","There can be no stigma associated with the use of extensions by any application, project, or standard - regardless of the institution or jurisdiction that uses or defines the extensions.  The use of extensions is what allows the FHIR specification to retain a core level of simplicity for everyone.","","","","","","","","",,,,,"","value:url}
","Extensions are always sliced by (at least) url",,"open","Element.extension",0,*,"","ele-1:All FHIR elements must have a @value or children {hasValue() or (children().count() > id.count())}
ext-1:Must have either extensions or value[x], not both {extension.exists() != value.exists()}","n/a"
"DiagnosticReport.code.coding:laboratoryCode.system","DiagnosticReport.code.coding.system","","","",1,1,"","","Y","uri {[]} {[]}
","Identity of the terminology system","The identification of the code system that defines the meaning of the symbol in the code.","The URI may be an OID (urn:oid:...) or a UUID (urn:uuid:...).  OIDs and UUIDs SHALL be references to the HL7 OID registry. Otherwise, the URI should come from HL7's list of FHIR defined special URIs or it should reference to some definition that establishes the system clearly and unambiguously.","Need to be unambiguous about the source of the definition of the symbol.","","","","<valueUri xmlns=""http://hl7.org/fhir"" value=""http://jpfhir.jp/fhir/core/CodeSystem/JP_DocumentCodes_CS""/>","","","",,,,,"",,,,"Coding.system",0,1,"","ele-1:All FHIR elements must have a @value or children {hasValue() or (children().count() > id.count())}
","C*E.3","./codeSystem"
"DiagnosticReport.code.coding:laboratoryCode.version","DiagnosticReport.code.coding.version","","","",0,1,"","","Y","string {[]} {[]}
","Version of the system - if relevant","The version of the code system which was used when choosing this code. Note that a well-maintained code system does not need the version reported, because the meaning of codes is consistent across versions. However this cannot consistently be assured, and when the meaning is not guaranteed to be consistent, the version SHOULD be exchanged.","Where the terminology does not clearly define what string should be used to identify code system versions, the recommendation is to use the date (expressed in FHIR date format) on which that version was officially published as the version date.","","","","","","","","",,,,,"",,,,"Coding.version",0,1,"","ele-1:All FHIR elements must have a @value or children {hasValue() or (children().count() > id.count())}
","C*E.7","./codeSystemVersion"
"DiagnosticReport.code.coding:laboratoryCode.code","DiagnosticReport.code.coding.code","","","",0,1,"","","Y","code {[]} {[]}
","Symbol in syntax defined by the system","A symbol in syntax defined by the system. The symbol may be a predefined code or an expression in a syntax defined by the coding system (e.g. post-coordination).","","Need to refer to a particular code in the system.","","","","<valueCode xmlns=""http://hl7.org/fhir"" value=""11502-2""/>","","","",,,,,"",,,,"Coding.code",0,1,"","ele-1:All FHIR elements must have a @value or children {hasValue() or (children().count() > id.count())}
","C*E.1","./code"
"DiagnosticReport.code.coding:laboratoryCode.display","DiagnosticReport.code.coding.display","","","",0,1,"","","Y","string {[]} {[]}
","Representation defined by the system","A representation of the meaning of the code in the system, following the rules of the system.","","Need to be able to carry a human-readable meaning of the code for readers that do not know  the system.","","","","<valueString xmlns=""http://hl7.org/fhir"" value=""検体検査報告書""/>","","","",,,,,"",,,,"Coding.display",0,1,"","ele-1:All FHIR elements must have a @value or children {hasValue() or (children().count() > id.count())}
","C*E.2 - but note this is not well followed","CV.displayName"
"DiagnosticReport.code.coding:laboratoryCode.userSelected","DiagnosticReport.code.coding.userSelected","","","",0,1,"","","Y","boolean {[]} {[]}
","If this coding was chosen directly by the user","Indicates that this coding was chosen by a user directly - e.g. off a pick list of available items (codes or displays).","Amongst a set of alternatives, a directly chosen code is the most appropriate starting point for new translations. There is some ambiguity about what exactly 'directly chosen' implies, and trading partner agreement may be needed to clarify the use of this element and its consequences more completely.","This has been identified as a clinical safety criterium - that this exact system/code pair was chosen explicitly, rather than inferred by the system based on some rules or language processing.","","","","","","","",,,,,"",,,,"Coding.userSelected",0,1,"","ele-1:All FHIR elements must have a @value or children {hasValue() or (children().count() > id.count())}
","Sometimes implied by being first","CD.codingRationale"
"DiagnosticReport.code.text","DiagnosticReport.code.text","","","",0,1,"","","Y","string {[]} {[]}
","Plain text representation of the concept","A human language representation of the concept as seen/selected/uttered by the user who entered the data and/or which represents the intended meaning of the user.","Very often the text is the same as a displayName of one of the codings.","The codes from the terminologies do not always capture the correct meaning with all the nuances of the human using them, or sometimes there is no appropriate code at all. In these cases, the text is used to capture the full meaning of the source.","","","","","","","",,,,,"",,,,"CodeableConcept.text",0,1,"","ele-1:All FHIR elements must have a @value or children {hasValue() or (children().count() > id.count())}
","C*E.9. But note many systems use C*E.2 for this","./originalText[mediaType/code=""text/plain""]/data"
"DiagnosticReport.subject","DiagnosticReport.subject","","Patient
","",0,1,"","","Y","Reference {[]} {[CanonicalType[http://jpfhir.jp/fhir/core/StructureDefinition/JP_Patient]]}
","レポートの対象、常にではないが、通常は患者","診断レポートの対象患者に関する情報","参照は、実際のFHIRリソースへの参照である必要があり、内容に辿り着ける（解決できる）必要がある（アクセス制御、一時的な使用不可などを考慮に入れる）。解決は、URLから取得するか、リソースタイプによって該当する場合は、絶対参照を正規URLとして扱い、ローカルレジストリ/リポジトリで検索することによって行うことができる。  
【JP Core仕様】Patientリソースを参照","SHALL know the subject context.","","","","","","","",,,,,"",,,,"DiagnosticReport.subject",0,1,"","ele-1:All FHIR elements must have a @value or children {hasValue() or (children().count() > id.count())}
","Event.subject","PID-3 (no HL7 v2 mapping for Group or Device)","participation[typeCode=SBJ]","FiveWs.subject[x]","FiveWs.subject"
"DiagnosticReport.encounter","DiagnosticReport.encounter","","Context
","",0,1,"","","Y","Reference {[]} {[CanonicalType[http://jpfhir.jp/fhir/core/StructureDefinition/JP_Encounter]]}
","診断レポートが関係するヘルスケアイベントに関する情報","診断レポートが関係するヘルスケアイベントに関する情報","【JP Core仕様】入院外来の区別や所在場所、担当診療科の情報に使用する。  
※このプロファイルの用途では通常は必須と考えられるが、ユースケースにより使用されない場合を考慮し、1..1に制約しない。","Links the request to the Encounter context.","","","","","","","",,,,,"",,,,"DiagnosticReport.encounter",0,1,"","ele-1:All FHIR elements must have a @value or children {hasValue() or (children().count() > id.count())}
","Event.encounter","PV1-19","inboundRelationship[typeCode=COMP].source[classCode=ENC, moodCode=EVN]","FiveWs.context"
"DiagnosticReport.effective[x]","DiagnosticReport.effective[x]","","Observation time
Effective TimeOccurrence","",0,1,"","","Y","dateTime {[]} {[]}
Period {[]} {[]}","診断レポートの作成日時","診断レポートの作成日時","診断手順が患者に対して実行された場合、これは実施された時刻。対象が検体である場合は、検体採取時間から診断関連時刻を導き出すことができるが、検体情報が常に入手できるとは限らず、検体と診断関連時刻の正確な関係は必ずしも自明ではない。  
【JP Core仕様】検体採取時間","Need to know where in the patient history to file/present this report.","","","","","","","",,,,,"",,,,"DiagnosticReport.effective[x]",0,1,"","ele-1:All FHIR elements must have a @value or children {hasValue() or (children().count() > id.count())}
","Event.occurrence[x]","OBR-7","effectiveTime","FiveWs.done[x]"
"DiagnosticReport.issued","DiagnosticReport.issued","","Date published
Date IssuedDate Verified","",0,1,"","","Y","instant {[]} {[]}
","このバージョンの診断レポートが医療者に提供/確定された日時","このバージョンの診断レポートが医療者に提供/確定された日時","リソース自体の更新時刻とは異なる場合がある。これは、レポートの実際の提供時刻ではなく、リソース自体の更新時刻はレコード（場合によってはセカンダリコピー）のステータスの更新時刻となるため。  
【JP Core仕様】このデータが出来た時間","Clinicians need to be able to check the date that the report was released.","","","","","","","",,,,,"",,,,"DiagnosticReport.issued",0,1,"","ele-1:All FHIR elements must have a @value or children {hasValue() or (children().count() > id.count())}
","OBR-22","participation[typeCode=VRF or AUT].time","FiveWs.recorded"
"DiagnosticReport.performer","DiagnosticReport.performer","","Laboratory
ServicePractitionerDepartmentCompanyAuthorized byDirector","",0,*,"","","Y","Reference {[]} {[CanonicalType[http://jpfhir.jp/fhir/core/StructureDefinition/JP_Practitioner], CanonicalType[http://jpfhir.jp/fhir/core/StructureDefinition/JP_PractitionerRole], CanonicalType[http://jpfhir.jp/fhir/core/StructureDefinition/JP_Organization], CanonicalType[http://hl7.org/fhir/StructureDefinition/CareTeam]]}
","診断レポートの作成発行に責任をもつ診断サービス/担当者に関する情報","診断レポートの作成発行に責任をもつ診断サービス/担当者に関する情報","必ずしも１項目データ単位のデータソースまたは結果を解釈した主体でなない。臨床レポートに責任をもつ主体のこと。  
【JP Core仕様】検査に関わった人もしくは組織","Need to know whom to contact if there are queries about the results. Also may need to track the source of reports for secondary data analysis.","","","","","","","",,,,,"",,,,"DiagnosticReport.performer",0,*,"","ele-1:All FHIR elements must have a @value or children {hasValue() or (children().count() > id.count())}
","Event.performer.actor","PRT-8 (where this PRT-4-Participation = ""PO"")",".participation[typeCode=PRF]","FiveWs.actor"
"DiagnosticReport.resultsInterpreter","DiagnosticReport.resultsInterpreter","","Analyzed by
Reported by","",0,*,"","","Y","Reference {[]} {[CanonicalType[http://jpfhir.jp/fhir/core/StructureDefinition/JP_Practitioner], CanonicalType[http://jpfhir.jp/fhir/core/StructureDefinition/JP_PractitionerRole], CanonicalType[http://jpfhir.jp/fhir/core/StructureDefinition/JP_Organization], CanonicalType[http://hl7.org/fhir/StructureDefinition/CareTeam]]}
","診断レポートの結論と解釈に責任を持つ医療者/組織に関する情報","診断レポートの結論と解釈に責任を持つ医療者/組織に関する情報","レポートに責任を持つ主体とは異なる場合がある。  
【JP Core仕様】検査責任者","Need to know whom to contact if there are queries about the results. Also may need to track the source of reports for secondary data analysis.","","","","","","","",,,,,"",,,,"DiagnosticReport.resultsInterpreter",0,*,"","ele-1:All FHIR elements must have a @value or children {hasValue() or (children().count() > id.count())}
","Event.performer.actor","OBR-32, PRT-8 (where this PRT-4-Participation = ""PI"")",".participation[typeCode=PRF]","FiveWs.actor"
"DiagnosticReport.specimen","DiagnosticReport.specimen","","","",0,*,"","","","Reference {[]} {[CanonicalType[http://hl7.org/fhir/StructureDefinition/Specimen]]}
","診断レポートのもとになった検体に関する情報","診断レポートのもとになった検体に関する情報","検査結果名称のコードを見れば検体情報が十分に判明するような場合には、この検体情報は冗長になる。複数の検体が関与する場合には、検査や検査グループごとに検体情報が記述されることがある。  
【JP Core仕様】該当するspecimenを設定","Need to be able to report information about the collected specimens on which the report is based.","","","","","","","",,,,,"",,,,"DiagnosticReport.specimen",0,*,"","ele-1:All FHIR elements must have a @value or children {hasValue() or (children().count() > id.count())}
","SPM","participation[typeCode=SBJ]"
"DiagnosticReport.result","DiagnosticReport.result","","Data
Atomic ValueResultAtomic resultDataTestAnalyteBatteryOrganizer","",0,*,"","","","Reference {[]} {[CanonicalType[http://jpfhir.jp/fhir/core/StructureDefinition/JP_Observation_LabResult]]}
","診断レポートの一部となるObservationsに関する情報","診断レポートの一部","Observationはobservationを含みうる。  
【JP Core仕様】該当するObservationを設定","個々の結果または結果のグループをサポートする必要がある。結果のグループ化は任意だが、意味がある場合にグループ化される。","","","","","","","",,,,,"",,,,"DiagnosticReport.result",0,*,"","ele-1:All FHIR elements must have a @value or children {hasValue() or (children().count() > id.count())}
","OBXs","outboundRelationship[typeCode=COMP].target"
"DiagnosticReport.imagingStudy","DiagnosticReport.imagingStudy","","","",0,*,"","","","Reference {[]} {[CanonicalType[http://hl7.org/fhir/StructureDefinition/ImagingStudy]]}
","診断レポートに関連づけれられたDICOM検査画像に関する情報","診断レポートに関連づけれられたDICOM検査画像に関する情報","ImagingStudyと画像要素は多少重複する。通常、画像要素内の画像参照のリストは、画像検査リソースのひとつにも存在する。ただし、それぞれがさまざまなタイプの目的のためにさまざまなタイプのディスプレイに対応している。どちらも、どちらか、または両方を提供することはできない。  
【JP Core仕様】使わない","","","","","","","","",,,,,"",,,,"DiagnosticReport.imagingStudy",0,*,"","ele-1:All FHIR elements must have a @value or children {hasValue() or (children().count() > id.count())}
","outboundRelationship[typeCode=COMP].target[classsCode=DGIMG, moodCode=EVN]"
"DiagnosticReport.media","DiagnosticReport.media","","DICOM
SlidesScans","",0,*,"","","Y","BackboneElement {[]} {[]}
","診断レポートに関連づけられたメディアに関する情報","診断レポートに関連づけられたメディアに関する情報","【JP Core仕様】レポート1つに対して、複数の画像・コメントがぶら下がる","多くの診断業務では提供情報の一部としてレポートに画像を含む。","","","","","","","",,,,,"",,,,"DiagnosticReport.media",0,*,"","ele-1:All FHIR elements must have a @value or children unless an empty Parameters resource {hasValue() or (children().count() > id.count()) or $this is Parameters}
","OBX?","outboundRelationship[typeCode=COMP].target"
"DiagnosticReport.media.id","DiagnosticReport.media.id","","","",0,1,"","","","string {[]} {[]}
","Unique id for inter-element referencing","Unique id for the element within a resource (for internal references). This may be any string value that does not contain spaces.","","","","","","","","","",,,,,"",,,,"Element.id",0,1,"","","n/a"
"DiagnosticReport.media.extension","DiagnosticReport.media.extension","","extensions
user content","",0,*,"","","","Extension {[]} {[]}
","Additional content defined by implementations","May be used to represent additional information that is not part of the basic definition of the element. To make the use of extensions safe and manageable, there is a strict set of governance  applied to the definition and use of extensions. Though any implementer can define an extension, there is a set of requirements that SHALL be met as part of the definition of the extension.","There can be no stigma associated with the use of extensions by any application, project, or standard - regardless of the institution or jurisdiction that uses or defines the extensions.  The use of extensions is what allows the FHIR specification to retain a core level of simplicity for everyone.","","","","","","","","",,,,,"",,,,"Element.extension",0,*,"","ele-1:All FHIR elements must have a @value or children {hasValue() or (children().count() > id.count())}
ext-1:Must have either extensions or value[x], not both {extension.exists() != value.exists()}","n/a"
"DiagnosticReport.media.modifierExtension","DiagnosticReport.media.modifierExtension","","extensions
user contentmodifiers","",0,*,"","Y","Y","Extension {[]} {[]}
","Extensions that cannot be ignored even if unrecognized","May be used to represent additional information that is not part of the basic definition of the element and that modifies the understanding of the element in which it is contained and/or the understanding of the containing element's descendants. Usually modifier elements provide negation or qualification. To make the use of extensions safe and manageable, there is a strict set of governance applied to the definition and use of extensions. Though any implementer can define an extension, there is a set of requirements that SHALL be met as part of the definition of the extension. Applications processing a resource are required to check for modifier extensions.

Modifier extensions SHALL NOT change the meaning of any elements on Resource or DomainResource (including cannot change the meaning of modifierExtension itself).","There can be no stigma associated with the use of extensions by any application, project, or standard - regardless of the institution or jurisdiction that uses or defines the extensions.  The use of extensions is what allows the FHIR specification to retain a core level of simplicity for everyone.","Modifier extensions allow for extensions that *cannot* be safely ignored to be clearly distinguished from the vast majority of extensions which can be safely ignored.  This promotes interoperability by eliminating the need for implementers to prohibit the presence of extensions. For further information, see the [definition of modifier extensions](http://hl7.org/fhir/R4B/extensibility.html#modifierExtension).","","","","","","","",,,,,"",,,,"BackboneElement.modifierExtension",0,*,"","ele-1:All FHIR elements must have a @value or children {hasValue() or (children().count() > id.count())}
ext-1:Must have either extensions or value[x], not both {extension.exists() != value.exists()}","N/A"
"DiagnosticReport.media.comment","DiagnosticReport.media.comment","","","",0,1,"","","","string {[]} {[]}
","Comment about the image (e.g. explanation)","A comment about the image. Typically, this is used to provide an explanation for why the image is included, or to draw the viewer's attention to important features.","【JP Core仕様】画像に対するコメント","The provider of the report should make a comment about each image included in the report.","","","","","","","",,,,,"",,,,"DiagnosticReport.media.comment",0,1,"","ele-1:All FHIR elements must have a @value or children {hasValue() or (children().count() > id.count())}
",".inboundRelationship[typeCode=COMP].source[classCode=OBS, moodCode=EVN, code=""annotation""].value"
"DiagnosticReport.media.link","DiagnosticReport.media.link","","","",1,1,"","","Y","Reference {[]} {[CanonicalType[http://hl7.org/fhir/StructureDefinition/Media]]}
","Reference to the image source","Reference to the image source.","【JP Core仕様】画像に対するリンク","","","","","","","","",,,,,"",,,,"DiagnosticReport.media.link",1,1,"","ele-1:All FHIR elements must have a @value or children {hasValue() or (children().count() > id.count())}
",".value.reference"
"DiagnosticReport.conclusion","DiagnosticReport.conclusion","","Report
","",0,1,"","","","string {[]} {[]}
","簡潔かつ臨床的な文脈で表現した診断レポートの要約結論（解釈、インプレッション）","診断レポートの簡潔で臨床的に文脈化された要約結論（解釈/印象）。","【JP Core仕様】原則使わない","Need to be able to provide a conclusion that is not lost among the basic result data.","","","","","","","",,,,,"",,,,"DiagnosticReport.conclusion",0,1,"","ele-1:All FHIR elements must have a @value or children {hasValue() or (children().count() > id.count())}
","OBX","inboundRelationship[typeCode=""SPRT""].source[classCode=OBS, moodCode=EVN, code=LOINC:48767-8].value (type=ST)"
"DiagnosticReport.conclusionCode","DiagnosticReport.conclusionCode","","","",0,*,"","","","CodeableConcept {[]} {[]}
","診断レポートの要約結論（解釈、インプレッション）を表すコード","診断レポートの要約結論（解釈、インプレッション）を表すコード","【JP Core仕様】原則使わない","","","","","","","","",,"example","SNOMED CT Clinical Findings","http://hl7.org/fhir/ValueSet/clinical-findings","",,,,"DiagnosticReport.conclusionCode",0,*,"","ele-1:All FHIR elements must have a @value or children {hasValue() or (children().count() > id.count())}
","OBX","inboundRelationship[typeCode=SPRT].source[classCode=OBS, moodCode=EVN, code=LOINC:54531-9].value (type=CD)"
"DiagnosticReport.presentedForm","DiagnosticReport.presentedForm","","","",0,*,"","","","Attachment {[]} {[]}
","診断サービス/担当者によって発行された診断レポート全体のコンテンツ（例えばPDFファイルなど）","診断サービス/担当者によって発行された診断レポート全体のコンテンツ（例えばPDFファイルなど）","application/pdfがこのコンテキストで最も信頼でき相互運用可能なものとして推奨される。  
【JP Core仕様】原則使わない","Gives laboratory the ability to provide its own fully formatted report for clinical fidelity.","","","","","","","",,,,,"",,,,"DiagnosticReport.presentedForm",0,*,"","ele-1:All FHIR elements must have a @value or children {hasValue() or (children().count() > id.count())}
","OBX","text (type=ED)"
