Source File	Size	loadResources	load-configure	scan	loadDepInfo	loadInfo	load	generateSnapshots	checkR4R4B	generateNarratives	validate	loadLists	checkConformanceResources	checkConformanceResources2	checkConformanceResources3	generateLogicalMaps	validateExpressions	scanForUsageStats	checkURLsUnique	processProvenanceDetails	translate	generate1	generate2	generateLogicals	makeDependencies	generateExampleZip	generateValidationPack	scanProfilesForR5	scanExamplesForR5
/fsh-generated/resources/ImplementationGuide-jpfhir.jp.core.json	140272	-	0	0	0	0	0	0	40	150	0	0	0	0	0	0	0	2	0	0	45	826	461	0	0	0	21	0	5
fsh-generated/resources/AllergyIntolerance-jp-allergyintolerance-example-1.json	1189	4	0	0	0	1	0	0	0	71	0	0	0	0	0	0	0	0	0	0	4	19	25	0	0	0	0	0	0
fsh-generated/resources/CapabilityStatement-jp-client-capabilitystatement.json	42039	9	1	0	0	0	0	0	4	100	0	0	0	0	0	0	0	1	0	0	6	251	67	0	2	0	5	0	1
fsh-generated/resources/CapabilityStatement-jp-server-capabilitystatement.json	42030	5	0	0	0	0	0	0	3	45	0	0	0	0	0	0	0	1	0	0	6	245	78	0	3	0	4	0	0
fsh-generated/resources/CodeSystem-jp-chemotherapyregimen-regimentype-cs.json	647	3	0	0	0	0	0	0	1	1	0	0	1	0	0	0	0	0	0	0	4	17	1470	0	0	0	0	0	0
fsh-generated/resources/CodeSystem-jp-condition-disease-code-icd10-cs.json	568	2	0	0	0	0	0	0	0	0	0	0	0	0	0	0	0	0	0	0	3	17	82	0	0	0	0	0	0
fsh-generated/resources/CodeSystem-jp-condition-disease-code-medis-exchange-cs.json	724	2	0	0	0	0	0	0	0	0	0	0	0	0	0	0	0	0	0	0	2	16	46	0	0	0	0	0	0
fsh-generated/resources/CodeSystem-jp-condition-disease-code-medis-record-no-cs.json	728	3	0	0	0	0	0	0	0	0	0	0	0	0	0	0	0	0	0	0	3	17	52	0	0	0	0	0	0
fsh-generated/resources/CodeSystem-jp-condition-disease-code-receipt-cs.json	656	2	1	0	0	0	0	0	0	0	0	0	0	0	0	0	0	0	0	0	2	15	49	0	0	0	0	0	0
fsh-generated/resources/CodeSystem-jp-condition-disease-modifier-medis-exchange-cs.json	791	2	0	0	0	0	0	0	0	0	0	0	0	0	0	0	0	0	0	0	4	16	52	0	0	0	0	0	0
fsh-generated/resources/CodeSystem-jp-condition-disease-modifier-medis-record-no-cs.json	796	2	0	0	0	0	0	0	0	0	0	0	0	0	0	0	0	0	0	0	3	16	50	0	0	0	0	0	0
fsh-generated/resources/CodeSystem-jp-condition-disease-modifier-receipt-cs.json	571	2	0	0	0	0	0	0	0	0	0	0	0	0	0	0	0	0	0	0	3	16	46	0	0	0	1	0	0
fsh-generated/resources/CodeSystem-jp-condition-disease-outcome-hl70241-cs.json	1014	2	0	0	0	0	0	0	1	0	0	0	0	0	0	0	0	0	0	0	3	17	45	0	0	0	0	0	0
fsh-generated/resources/CodeSystem-jp-condition-disease-outcome-jhsd0006-cs.json	933	5	0	0	0	0	0	0	0	0	0	0	0	0	0	0	0	0	0	0	2	16	46	0	0	1	0	0	0
fsh-generated/resources/CodeSystem-jp-condition-disease-outcome-receipt-cs.json	862	2	0	0	0	0	0	0	0	0	0	0	0	0	0	0	0	0	0	0	3	16	44	0	0	0	0	0	0
fsh-generated/resources/CodeSystem-jp-documentcodes-cs.json	11901	3	1	0	0	0	0	0	2	0	0	0	0	0	0	0	0	0	0	0	5	36	88	0	0	0	0	0	0
fsh-generated/resources/CodeSystem-jp-endoscopyterminology-codes-jed-cs.json	182256	33	2	0	0	0	0	0	34	0	0	0	2	0	0	0	0	2	0	0	32	357	742	0	0	0	10	0	1
fsh-generated/resources/CodeSystem-jp-medication-example-dosagecomment-cs.json	1107	3	0	0	0	0	0	0	0	0	0	0	0	0	0	0	0	0	0	0	6	19	33	0	0	0	1	0	0
fsh-generated/resources/CodeSystem-jp-medication-example-line-cs.json	1977	2	0	0	0	0	0	0	1	0	0	0	0	0	0	0	0	0	0	0	6	20	32	0	0	0	0	0	0
fsh-generated/resources/CodeSystem-jp-medication-example-linecomment-cs.json	942	2	0	0	0	0	0	0	0	0	0	0	0	0	0	0	0	0	0	0	5	16	33	0	0	0	0	0	0
fsh-generated/resources/CodeSystem-jp-medication-example-methodcomment-cs.json	968	2	0	0	0	0	0	0	0	0	0	0	0	0	0	0	0	0	0	0	3	19	28	0	0	0	0	0	0
fsh-generated/resources/CodeSystem-jp-medication-example-ratecomment-cs.json	1188	3	0	0	0	0	0	0	0	0	0	0	0	0	0	0	0	0	0	0	3	12	30	0	0	0	0	0	0
fsh-generated/resources/CodeSystem-jp-medication-example-routecomment-cs.json	875	2	0	0	0	0	0	0	0	0	0	0	0	0	0	0	0	0	0	0	3	15	29	0	0	0	0	0	0
fsh-generated/resources/CodeSystem-jp-medication-example-sitecomment-cs.json	824	2	0	0	0	0	0	0	0	0	0	0	0	0	0	0	0	0	0	0	3	11	29	0	0	0	0	0	0
fsh-generated/resources/CodeSystem-jp-medication-example-uncategorized-comment-cs.json	1472	2	0	0	0	0	0	0	0	0	0	0	0	0	0	0	0	0	0	0	3	17	28	0	0	0	1	0	0
fsh-generated/resources/CodeSystem-jp-microbiology-anti-microbial-drug-cs.json	35776	5	0	0	0	0	0	0	4	0	0	0	0	0	0	0	0	0	0	0	12	61	89	0	0	0	1	0	0
fsh-generated/resources/CodeSystem-jp-microbiology-category-cs.json	1144	2	1	0	0	0	0	0	0	0	0	0	0	0	0	0	0	0	0	0	5	13	29	0	0	0	1	0	0
fsh-generated/resources/CodeSystem-jp-microbiology-infectious-agent-cs.json	42373	8	0	0	0	0	0	0	5	0	0	0	1	0	0	0	0	1	0	0	12	85	224	0	0	0	3	0	1
fsh-generated/resources/CodeSystem-jp-observation-bodymeasurement-category-cs.json	2169	2	1	0	0	0	0	0	0	0	0	0	0	0	0	0	0	0	0	0	5	13	38	0	0	0	0	0	0
fsh-generated/resources/CodeSystem-jp-observation-bodymeasurement-code-cs.json	11515	4	0	0	0	0	0	0	1	0	0	0	0	0	0	0	0	0	0	0	6	26	60	0	0	0	1	0	0
fsh-generated/resources/CodeSystem-jp-observation-bodysite-cs.json	733	2	0	0	0	0	0	0	1	0	0	0	0	0	0	0	0	0	0	0	2	11	31	0	0	0	0	0	0
fsh-generated/resources/CodeSystem-jp-physicalexamcode-cs.json	928	2	0	0	0	0	0	0	0	0	0	0	0	0	0	0	0	0	0	0	3	13	34	0	0	0	0	0	0
fsh-generated/resources/CodeSystem-jp-procedure-body-site-cs.json	535	2	0	0	0	0	0	0	0	0	0	0	0	0	0	0	0	0	0	0	2	11	31	0	0	0	0	0	0
fsh-generated/resources/CodeSystem-jp-procedure-not-performed-reason-cs.json	1348	2	0	0	0	0	0	0	0	0	0	0	0	0	0	0	0	0	0	0	3	12	34	0	0	0	0	0	0
fsh-generated/resources/CodeSystem-jp-procedure-outcome-cs.json	1031	3	0	0	0	0	0	0	0	0	0	0	0	0	0	0	0	0	0	0	3	12	33	0	0	0	1	0	0
fsh-generated/resources/CodeSystem-jp-simpleobservationcategory-cs.json	4316	2	0	0	0	0	0	0	0	0	0	0	0	0	0	0	0	0	0	0	3	16	47	0	0	0	0	0	0
fsh-generated/resources/CodeSystem-jp-undefined-cs.json	525	2	1	0	0	0	0	0	0	0	0	0	0	0	0	0	0	0	0	0	2	10	33	0	0	0	0	0	0
fsh-generated/resources/Condition-jp-condition-diagnosis-example-1.json	3252	3	0	0	0	0	0	0	1	304	0	0	0	0	0	0	0	0	0	0	3	19	23	0	0	0	0	0	0
fsh-generated/resources/Condition-jp-condition-example-1.json	1398	2	0	0	0	0	0	0	0	3	0	0	0	0	0	0	0	0	0	0	3	18	20	0	0	0	0	0	0
fsh-generated/resources/Coverage-jp-coverage-example-1.json	1180	3	0	0	0	0	0	0	0	142	0	0	0	0	0	0	0	0	0	0	3	12	16	0	0	0	0	0	0
fsh-generated/resources/DiagnosticReport-jp-diagnosticreport-endoscopy-example-1.json	44410	3	0	0	0	0	0	0	0	4	0	0	0	0	0	0	0	0	0	0	4	125	40	0	0	0	0	0	0
fsh-generated/resources/DiagnosticReport-jp-diagnosticreport-labresult-example-1.json	7189	3	0	0	0	0	0	0	0	30	0	0	0	0	0	0	0	0	0	0	5	42	40	0	0	0	0	0	0
fsh-generated/resources/DiagnosticReport-jp-diagnosticreport-microbiology-example-1.json	151492	11	0	0	0	0	0	0	4	1	0	0	0	0	0	0	0	0	0	0	7	331	102	0	0	0	0	0	0
fsh-generated/resources/DiagnosticReport-jp-diagnosticreport-radiology-example-1.json	184073	6	0	0	0	0	0	0	0	0	0	0	0	0	0	0	0	0	0	0	5	461	39	0	0	0	0	0	0
fsh-generated/resources/Encounter-jp-encounter-example-1.json	810	2	0	0	0	0	0	0	0	3	0	0	0	0	0	0	0	0	0	0	4	11	18	0	0	0	0	0	0
fsh-generated/resources/Endpoint-endpoint-dicom-wadors-example.json	603	2	0	0	0	0	0	0	0	9	0	0	0	0	0	0	0	0	0	0	4	11	10	0	0	0	0	0	0
fsh-generated/resources/FamilyMemberHistory-jp-familymemberhistory-example-1.json	833	2	0	0	0	0	0	0	0	28	0	0	0	0	0	0	0	0	0	0	4	11	15	0	0	0	0	0	0
fsh-generated/resources/ImagingStudy-jp-imagingstudy-endoscopy-example-1.json	2571	3	0	0	0	0	0	0	0	78	0	0	0	0	0	0	0	0	0	0	3	19	17	0	0	0	0	0	0
fsh-generated/resources/ImagingStudy-jp-imagingstudy-radiology-example-1.json	1276	2	0	0	0	0	0	0	0	7	0	0	0	0	0	0	0	0	0	0	2	14	10	0	0	0	0	0	0
fsh-generated/resources/Immunization-jp-immunization-example-1.json	2037	2	0	0	0	0	0	0	1	3	0	0	0	0	0	0	0	0	0	0	3	16	17	0	0	0	0	0	0
fsh-generated/resources/Location-jp-location-example-examinationroom.json	776	2	0	0	0	0	0	0	0	5	0	0	0	0	0	0	0	0	0	0	3	10	11	0	0	0	0	0	0
fsh-generated/resources/Location-jp-location-example-ope.json	1095	3	1	0	0	0	0	0	0	2	0	0	0	0	0	0	0	0	0	0	2	16	7	0	0	0	0	0	0
fsh-generated/resources/Location-jp-location-example-ward.json	795	2	0	0	0	0	0	0	0	1	0	0	0	0	0	0	0	0	0	0	2	12	7	0	0	0	0	0	0
fsh-generated/resources/Media-jp-media-endoscopy-example-1.json	1005	2	0	0	0	0	0	0	0	5	0	0	0	0	0	0	0	0	0	0	3	13	13	0	0	0	0	0	0
fsh-generated/resources/Medication-jp-medication-example-1.json	1471	2	0	0	0	0	0	0	0	2	0	0	0	0	0	0	0	0	0	0	2	11	11	0	0	0	0	0	0
fsh-generated/resources/Medication-jp-medication-example-2.json	1472	4	0	0	0	0	0	0	0	1	0	0	0	0	0	0	0	0	0	0	2	13	7	0	0	0	0	0	0
fsh-generated/resources/MedicationAdministration-jp-medicationadministration-example-1.json	3146	2	0	0	0	0	0	0	0	4	0	0	0	0	0	0	0	0	0	0	3	18	19	0	0	0	0	0	0
fsh-generated/resources/MedicationAdministration-jp-medicationadministration-example-2.json	1981	3	0	0	0	0	0	0	0	2	0	0	0	0	0	0	0	0	0	0	2	15	11	0	0	0	0	0	0
fsh-generated/resources/MedicationAdministration-jp-medicationadministration-injection-example-1.json	5730	6	1	0	0	0	0	0	1	5	0	0	0	0	0	0	0	0	0	0	3	30	18	0	0	0	0	0	0
fsh-generated/resources/MedicationAdministration-jp-medicationadministration-injection-example-2.json	7027	6	0	0	0	0	0	0	0	5	0	0	0	0	0	0	0	0	0	0	3	35	81	0	0	0	0	0	0
fsh-generated/resources/MedicationDispense-jp-medicationdispense-example-1.json	4142	5	0	0	0	0	0	0	1	5	0	0	0	0	0	0	0	0	0	0	2	21	39	0	0	0	0	0	0
fsh-generated/resources/MedicationDispense-jp-medicationdispense-injection-example-1.json	5380	6	0	0	0	0	0	0	0	4	0	0	0	0	0	0	0	0	0	0	3	26	45	0	0	0	0	0	0
fsh-generated/resources/MedicationRequest-jp-medicationrequest-example-1.json	3372	3	0	0	0	0	0	0	0	7	0	0	0	0	0	0	0	0	0	0	2	17	29	0	0	0	0	0	0
fsh-generated/resources/MedicationRequest-jp-medicationrequest-example-2.json	3389	3	0	0	0	0	0	0	1	3	0	0	0	0	0	0	0	0	0	0	2	22	19	0	0	0	0	0	0
fsh-generated/resources/MedicationRequest-jp-medicationrequest-injection-example-1.json	5530	3	0	0	0	0	0	0	0	4	0	0	0	0	0	0	0	0	0	0	3	25	24	0	0	0	0	0	0
fsh-generated/resources/MedicationRequest-jp-medicationrequest-injection-example-2.json	7549	3	0	0	0	0	0	0	1	4	0	0	0	0	0	0	0	1	0	0	3	31	26	0	0	0	0	0	0
fsh-generated/resources/MedicationStatement-jp-medicationstatement-example-1.json	2699	2	0	0	0	0	0	0	0	4	0	0	0	0	0	0	0	0	0	0	4	15	25	0	0	0	0	0	0
fsh-generated/resources/MedicationStatement-jp-medicationstatement-injection-example-1.json	7028	3	0	0	0	0	0	0	0	5	0	0	0	0	0	0	0	0	0	0	3	29	26	0	0	0	0	0	0
fsh-generated/resources/NamingSystem-jp-department-ssmix-namingsystem.json	564	2	0	0	0	0	18	0	0	6	70	0	0	0	0	0	0	0	0	0	3	15	13	0	0	0	0	0	1
fsh-generated/resources/NamingSystem-jp-endoscopyterminology-codes-jed-ns.json	673	3	1	0	0	0	3	0	0	4	11	0	0	0	0	0	0	0	0	0	3	15	19	0	0	0	1	0	0
fsh-generated/resources/NamingSystem-jp-medicalfeescoretype-namingsystem.json	580	2	0	0	0	0	3	0	1	5	10	0	0	0	0	0	0	0	0	0	2	15	12	0	0	0	0	0	0
fsh-generated/resources/NamingSystem-jp-medicationbodysitejamiexternal-namingsystem.json	631	2	0	0	0	0	3	0	0	4	10	0	0	0	0	0	0	0	0	0	2	15	22	0	0	0	0	0	0
fsh-generated/resources/NamingSystem-jp-medicationcodecommon-namingsystem.json	585	2	0	0	0	0	3	0	0	4	10	0	0	0	0	0	0	0	0	0	3	15	12	0	0	0	1	0	0
fsh-generated/resources/NamingSystem-jp-medicationcodehot13-namingsystem.json	581	2	0	0	0	0	2	0	0	4	12	0	0	0	0	0	0	0	0	0	2	15	12	0	0	0	0	0	0
fsh-generated/resources/NamingSystem-jp-medicationcodehot7-namingsystem.json	577	2	0	0	0	0	5	0	0	3	10	0	0	0	0	0	0	0	0	0	3	15	13	0	0	0	0	0	0
fsh-generated/resources/NamingSystem-jp-medicationcodehot9-namingsystem.json	733	2	1	0	0	0	4	0	0	5	13	0	0	0	0	0	0	0	0	0	2	16	13	0	0	0	1	0	0
fsh-generated/resources/NamingSystem-jp-medicationcodeyj-namingsystem.json	569	2	0	0	0	0	4	0	0	4	10	0	0	0	0	0	0	0	0	0	2	15	13	0	0	0	0	0	0
fsh-generated/resources/NamingSystem-jp-medicationingredientstrengthstrengthtype-namingsystem.json	666	4	0	0	0	0	3	0	0	3	12	0	0	0	0	0	0	0	0	0	3	16	12	0	0	0	0	0	0
fsh-generated/resources/NamingSystem-jp-medicationmethodjamibasicusage-namingsystem.json	630	2	0	0	0	0	2	0	1	7	10	0	0	0	0	0	0	0	0	0	2	15	12	0	0	0	0	0	0
fsh-generated/resources/NamingSystem-jp-medicationmethodjamidetailusage-namingsystem.json	634	2	0	0	0	0	3	0	0	4	11	0	0	0	0	0	0	0	0	0	3	16	12	0	0	0	1	0	0
fsh-generated/resources/NamingSystem-jp-medicationroute-hl7-0162-namingsystem.json	761	2	0	0	0	0	2	0	0	5	11	0	0	0	0	0	0	0	0	0	2	16	14	0	0	0	0	0	0
fsh-generated/resources/NamingSystem-jp-medicationsubstitutionnotallowedreason-namingsystem.json	657	2	0	0	0	0	2	0	0	4	10	0	0	0	0	0	0	0	0	0	3	16	13	0	0	0	0	0	0
fsh-generated/resources/NamingSystem-jp-medicationunitmerit9-namingsystem.json	587	3	0	0	0	0	3	0	0	4	8	0	0	0	0	0	0	0	0	0	2	15	12	0	0	0	1	0	0
fsh-generated/resources/NamingSystem-jp-medicationusagejami-namingsystem.json	574	2	0	0	0	0	2	0	0	4	9	0	0	0	0	0	0	0	0	0	3	17	12	0	0	0	0	0	0
fsh-generated/resources/NamingSystem-jp-medicationusagejamiadditional-namingsystem.json	626	2	0	0	0	0	3	0	0	4	9	0	0	0	0	0	0	0	0	0	2	16	15	0	0	0	0	0	0
fsh-generated/resources/NamingSystem-jp-microbiology-antimicrobialdrug-ns.json	812	2	1	0	0	0	2	0	0	4	9	0	0	0	0	0	0	0	0	0	3	15	13	0	0	0	0	0	0
fsh-generated/resources/NamingSystem-jp-microbiology-infectious-agent-ns.json	811	2	0	0	0	0	3	0	1	4	8	0	0	0	0	0	0	0	0	0	3	15	11	0	0	0	0	0	0
fsh-generated/resources/NamingSystem-jp-observation-jlac10-namingsystem.json	576	2	0	0	0	0	2	0	0	4	8	0	0	0	0	0	0	0	0	0	3	16	14	0	0	0	1	0	0
fsh-generated/resources/NamingSystem-jp-observation-vitalsignscode-namingsystem.json	603	2	0	0	0	0	3	0	0	4	6	0	0	0	0	0	0	0	0	0	3	15	13	0	0	0	0	0	0
fsh-generated/resources/NamingSystem-jp-prefecturenumber-namingsystem.json	568	2	0	0	0	0	2	0	0	4	8	0	0	0	0	0	0	0	0	0	3	14	13	0	0	0	0	0	0
fsh-generated/resources/Observation-jp-observation-bodyMeasurement-example-1.json	1360	2	0	0	0	0	0	0	0	3	0	0	0	0	0	0	0	0	0	0	3	13	19	0	0	0	0	0	0
fsh-generated/resources/Observation-jp-observation-labresult-example-1.json	2621	3	0	0	0	0	0	0	0	16	0	0	0	0	0	0	0	0	0	0	2	20	19	0	0	0	0	0	0
fsh-generated/resources/Observation-jp-observation-physicalexam-example-1.json	1567	2	0	0	0	0	0	0	0	3	0	0	0	0	0	0	0	0	0	0	2	14	12	0	0	0	0	0	0
fsh-generated/resources/Observation-jp-observation-socialhistory-example-1.json	1912	2	1	0	0	0	0	0	0	1	0	0	0	0	0	0	0	0	0	0	2	14	14	0	0	0	0	0	0
fsh-generated/resources/Observation-jp-observation-vitalsigns-example-1.json	1373	2	0	0	0	0	0	0	1	2	0	0	0	0	0	0	0	0	0	0	3	13	15	0	0	0	0	0	0
fsh-generated/resources/Organization-jp-organization-example-clinic.json	1282	3	0	0	0	0	0	0	0	1	0	0	0	0	0	0	0	0	0	0	2	10	14	0	0	0	0	0	0
fsh-generated/resources/Organization-jp-organization-example-hospital.json	1275	2	2	0	0	0	0	0	0	0	0	0	0	0	0	0	0	0	0	0	2	11	11	0	0	0	0	0	0
fsh-generated/resources/Organization-jp-organization-example-inspection.json	625	4	0	0	0	0	0	0	0	0	0	0	0	0	0	0	0	0	0	0	2	9	7	0	0	0	0	0	0
fsh-generated/resources/Organization-jp-organization-example-payer.json	551	2	0	0	0	0	0	0	0	1	0	0	0	0	0	0	0	0	0	0	5	9	7	0	0	0	0	0	0
fsh-generated/resources/Patient-jp-patient-example-1.json	1999	2	0	0	0	0	0	0	0	2	0	0	0	0	0	0	0	0	0	0	3	15	13	0	0	0	0	0	0
fsh-generated/resources/Practitioner-jp-practitioner-example-female-1.json	1945	2	0	0	0	0	0	0	0	2	0	0	0	0	0	0	0	0	0	0	4	13	10	0	0	0	0	0	0
fsh-generated/resources/Practitioner-jp-practitioner-example-female-2.json	804	2	1	0	0	0	0	0	0	1	0	0	0	0	0	0	0	0	0	0	4	9	7	0	0	0	0	0	0
fsh-generated/resources/Practitioner-jp-practitioner-example-male-1.json	1199	3	0	0	0	0	0	0	0	1	0	0	0	0	0	0	0	0	0	0	3	11	7	0	0	0	0	0	0
fsh-generated/resources/Practitioner-jp-practitioner-example-male-2.json	791	2	0	0	0	0	0	0	0	0	0	0	0	0	0	0	0	0	0	0	4	9	7	0	0	0	0	0	0
fsh-generated/resources/PractitionerRole-jp-practitionerrole-example-1.json	1846	2	0	0	0	0	0	0	1	4	0	0	0	0	0	0	0	0	0	0	4	14	14	0	0	0	0	0	0
fsh-generated/resources/Procedure-jp-procedure-example-1.json	1128	2	0	0	0	0	0	0	0	2	0	0	0	0	0	0	0	0	0	0	4	10	13	0	0	0	0	0	0
fsh-generated/resources/SearchParameter-jp-coverage-insuredpersonnumber-sp.json	1246	3	0	0	0	0	0	0	0	7	0	0	0	0	0	0	0	0	0	0	3	15	8	0	0	0	0	0	0
fsh-generated/resources/SearchParameter-jp-coverage-insuredpersonsubnumber-sp.json	1276	2	0	0	0	0	0	0	0	4	0	0	0	0	0	0	0	0	0	0	4	15	8	0	0	0	0	0	0
fsh-generated/resources/SearchParameter-jp-coverage-insuredpersonsymbol-sp.json	1246	2	0	0	0	0	0	0	0	3	0	0	0	0	0	0	0	0	0	0	4	15	8	0	0	0	1	0	0
fsh-generated/resources/SearchParameter-jp-medicationrequest-start-sp.json	987	2	1	0	0	0	0	0	0	4	0	0	0	0	0	0	0	0	0	0	3	14	12	0	0	0	0	0	0
fsh-generated/resources/SearchParameter-jp-organization-insuranceorganizationcategory-sp.json	1329	2	0	0	0	0	0	0	0	5	0	0	0	0	0	0	0	0	0	0	3	15	12	0	0	0	0	0	0
fsh-generated/resources/SearchParameter-jp-organization-insuranceorganizationno-sp.json	1293	3	0	0	0	0	0	0	0	52	0	0	0	0	0	0	0	0	0	0	2	14	12	0	0	0	0	0	0
fsh-generated/resources/SearchParameter-jp-organization-prefectureno-sp.json	1209	2	0	0	0	0	0	0	0	6	0	0	0	0	0	0	0	0	0	0	3	14	13	0	0	0	0	0	0
fsh-generated/resources/SearchParameter-jp-patient-kanasort-sp.json	1366	2	0	0	0	0	0	0	1	7	0	0	0	0	0	0	0	0	0	0	3	14	12	0	0	0	1	0	0
fsh-generated/resources/Specimen-jp-specimen-example-1.json	961	4	0	0	0	0	0	0	0	4	0	0	0	0	0	0	0	0	0	0	3	12	16	0	0	0	0	0	0
fsh-generated/resources/Specimen-jp-specimen-example-2.json	990	3	0	0	0	0	0	0	0	1	0	0	0	0	0	0	0	0	0	0	2	12	10	0	0	0	0	0	0
fsh-generated/resources/Specimen-jp-specimen-example-3.json	989	2	0	0	0	0	0	0	0	2	0	0	0	0	0	0	0	0	0	0	2	11	8	0	0	0	0	0	0
fsh-generated/resources/StructureDefinition-JP-Binary.json	623	3	1	0	0	0	0	29	0	41	0	0	0	0	0	0	0	0	0	0	1	84	1283	0	0	0	1	0	0
fsh-generated/resources/StructureDefinition-JP-Device.json	625	2	0	0	0	0	0	78	0	23	0	0	0	0	0	0	0	1	0	0	0	266	925	0	0	0	4	0	1
fsh-generated/resources/StructureDefinition-JP-DocumentReference.json	713	4	0	0	0	0	0	54	0	20	0	0	0	0	0	0	0	1	0	0	1	241	649	0	0	0	4	0	0
fsh-generated/resources/StructureDefinition-JP-RelatedPerson.json	679	3	0	0	0	0	0	37	0	15	0	0	0	0	0	0	0	0	0	0	0	153	397	0	0	0	3	0	0
fsh-generated/resources/StructureDefinition-JP-ResearchStudy.json	679	2	0	0	0	0	0	37	0	17	0	0	1	0	0	0	0	1	0	0	0	204	393	0	0	0	4	0	1
fsh-generated/resources/StructureDefinition-JP-ResearchSubject.json	695	2	0	0	0	0	0	19	0	12	0	0	0	0	0	0	0	0	0	0	0	119	271	0	0	0	2	0	0
fsh-generated/resources/StructureDefinition-JP-ServiceRequest.json	689	2	1	0	0	0	0	51	0	17	0	0	0	0	0	0	0	0	0	0	1	213	467	0	0	0	4	1	0
fsh-generated/resources/StructureDefinition-JP-Specimen.json	641	3	0	0	0	0	0	43	0	17	0	0	0	0	0	0	0	1	0	0	0	212	442	0	0	0	4	0	1
fsh-generated/resources/StructureDefinition-jp-activitydefinition-chemotherapyregimen-injection.json	1752	2	0	0	0	0	0	224	0	21	0	0	0	0	0	0	0	1	0	0	0	246	568	0	0	0	4	0	0
fsh-generated/resources/StructureDefinition-jp-activitydefinition-chemotherapyregimen-oral.json	1722	2	0	0	0	0	0	67	0	26	0	0	0	0	0	0	0	0	0	0	1	249	709	0	0	0	5	0	1
fsh-generated/resources/StructureDefinition-jp-allergyintolerance.json	16699	3	0	0	0	0	0	417	0	24	0	0	0	0	0	0	0	1	0	0	3	329	656	0	0	0	6	0	0
fsh-generated/resources/StructureDefinition-jp-careplan.json	7284	2	0	0	0	0	0	42	2	24	0	0	0	0	0	0	1	0	0	0	1	320	595	0	2	0	6	0	1
fsh-generated/resources/StructureDefinition-jp-condition-diagnosis.json	14169	5	0	0	0	0	0	67	0	488	0	0	1	0	0	0	0	2	0	0	1	573	921	0	0	0	12	0	1
fsh-generated/resources/StructureDefinition-jp-condition-disease-postfix-modifier.json	4941	2	0	0	0	0	0	8	0	24	0	0	0	0	0	0	0	0	0	0	1	201	334	0	0	0	3	0	0
fsh-generated/resources/StructureDefinition-jp-condition-disease-prefix-modifier.json	4936	3	0	0	0	0	0	8	0	16	0	0	0	0	0	0	0	0	0	0	1	199	330	0	0	0	3	0	0
fsh-generated/resources/StructureDefinition-jp-condition.json	10031	3	1	0	0	0	0	0	0	22	0	0	0	0	0	0	0	1	0	0	1	277	377	0	1	0	6	0	1
fsh-generated/resources/StructureDefinition-jp-consent.json	7029	2	0	0	0	0	0	25	0	28	0	0	0	0	0	0	0	0	0	0	1	320	352	0	0	0	5	0	0
fsh-generated/resources/StructureDefinition-jp-coverage-insuredpersonnumber.json	1580	2	0	0	0	0	0	3	0	9	0	0	0	0	0	0	0	0	0	0	0	52	100	0	0	0	1	0	0
fsh-generated/resources/StructureDefinition-jp-coverage-insuredpersonsubnumber.json	1675	3	0	0	0	0	0	4	0	9	0	0	0	0	0	0	0	0	0	0	1	51	83	0	0	0	1	0	0
fsh-generated/resources/StructureDefinition-jp-coverage-insuredpersonsymbol.json	1580	2	0	0	0	0	0	3	0	9	0	0	0	0	0	0	0	0	0	0	0	51	79	0	0	0	1	0	0
fsh-generated/resources/StructureDefinition-jp-coverage.json	32504	3	0	0	0	0	0	13	0	30	0	0	0	0	0	0	0	1	0	0	5	441	408	0	1	0	9	0	0
fsh-generated/resources/StructureDefinition-jp-diagnosticreport-common.json	15178	3	0	0	0	0	0	17	0	23	0	0	0	0	0	0	0	1	0	0	3	292	280	0	1	0	5	1	1
fsh-generated/resources/StructureDefinition-jp-diagnosticreport-endoscopy.json	11971	2	1	0	0	0	0	28	0	26	0	0	1	0	0	0	0	0	0	0	2	341	499	0	0	0	6	0	0
fsh-generated/resources/StructureDefinition-jp-diagnosticreport-labresult.json	12433	3	0	0	0	0	0	30	2	29	0	0	0	0	0	0	0	1	0	0	1	404	651	0	0	0	7	0	1
fsh-generated/resources/StructureDefinition-jp-diagnosticreport-microbiology.json	8130	3	0	0	0	0	0	33	0	98	0	0	0	0	0	0	0	1	0	0	1	326	488	0	0	0	5	0	0
fsh-generated/resources/StructureDefinition-jp-diagnosticreport-radiology.json	23329	3	0	0	0	0	0	33	0	38	0	0	0	0	0	0	0	1	0	0	2	491	697	0	1	0	9	0	1
fsh-generated/resources/StructureDefinition-jp-encounter.json	11420	2	0	0	0	0	0	13	0	33	0	0	0	0	0	0	0	0	0	0	2	389	561	0	0	0	7	0	1
fsh-generated/resources/StructureDefinition-jp-familymemberhistory.json	2279	3	0	0	0	0	0	17	5	16	0	0	0	0	0	0	0	1	0	0	0	162	242	0	1	0	3	0	0
fsh-generated/resources/StructureDefinition-jp-humanname.json	2108	2	0	0	0	0	0	5	0	14	0	0	0	0	0	0	0	0	0	0	1	67	115	0	0	0	1	0	0
fsh-generated/resources/StructureDefinition-jp-imagingstudy-endoscopy.json	16441	3	0	0	0	0	0	18	0	28	0	0	0	0	0	0	0	1	0	0	4	397	451	0	0	0	7	0	0
fsh-generated/resources/StructureDefinition-jp-imagingstudy-radiology.json	31254	3	0	0	0	0	0	12	0	33	0	0	0	0	0	0	0	0	0	0	4	430	433	0	1	0	8	0	1
fsh-generated/resources/StructureDefinition-jp-immunization-certificateddate.json	1342	2	0	0	0	0	0	4	0	9	0	0	0	0	0	0	0	0	0	0	1	51	84	0	0	0	1	1	0
fsh-generated/resources/StructureDefinition-jp-immunization-duedateofnextdose.json	1365	2	0	0	0	0	0	4	0	9	0	0	0	0	0	0	0	0	0	0	0	51	76	0	0	0	0	0	0
fsh-generated/resources/StructureDefinition-jp-immunization-manufactureddate.json	1342	3	0	0	0	0	0	5	0	8	0	0	0	0	0	0	0	1	0	0	1	50	72	0	0	0	1	0	0
fsh-generated/resources/StructureDefinition-jp-immunization.json	11858	2	1	0	0	0	0	16	0	31	0	0	1	0	0	0	0	0	0	0	2	384	403	0	1	0	7	0	1
fsh-generated/resources/StructureDefinition-jp-location.json	14937	3	0	0	0	0	0	9	0	21	0	0	0	0	0	0	0	1	0	0	2	264	337	0	0	0	4	0	0
fsh-generated/resources/StructureDefinition-jp-media-endoscopy.json	9085	3	0	0	0	0	0	18	0	20	0	0	0	0	0	0	0	0	0	0	2	226	232	0	0	0	4	0	0
fsh-generated/resources/StructureDefinition-jp-medication-ingredient-drugno.json	1652	2	0	0	0	0	0	4	0	9	0	0	0	0	0	0	0	0	0	0	1	54	84	0	0	0	1	0	0
fsh-generated/resources/StructureDefinition-jp-medication-ingredientstrength-strengthtype.json	1775	2	0	0	0	0	0	3	0	9	0	0	0	0	0	0	0	0	0	0	0	57	82	0	0	0	1	0	0
fsh-generated/resources/StructureDefinition-jp-medication.json	13110	4	0	0	0	0	0	7	0	23	0	0	0	0	0	0	0	1	0	0	2	269	239	0	1	0	4	0	1
fsh-generated/resources/StructureDefinition-jp-medicationadministration-injection.json	16408	6	0	0	0	0	0	69	0	50	0	0	0	0	0	0	0	1	0	0	3	562	457	0	1	0	10	0	1
fsh-generated/resources/StructureDefinition-jp-medicationadministration-location.json	1655	2	0	0	0	0	0	5	0	9	0	0	0	0	0	0	0	0	0	0	0	51	77	0	0	0	1	0	0
fsh-generated/resources/StructureDefinition-jp-medicationadministration-requestauthoredon.json	1474	2	0	0	0	0	0	4	0	9	0	0	0	0	0	0	0	0	0	0	1	51	70	0	0	0	1	0	0
fsh-generated/resources/StructureDefinition-jp-medicationadministration-requestdepartment.json	1622	3	0	0	0	0	0	3	0	9	0	0	0	0	0	0	0	0	0	0	0	53	71	0	0	0	0	0	0
fsh-generated/resources/StructureDefinition-jp-medicationadministration-requester.json	1624	2	0	0	1	0	0	3	0	8	0	0	0	0	0	0	0	0	0	0	1	51	71	0	0	0	1	0	0
fsh-generated/resources/StructureDefinition-jp-medicationadministration-uncategorizedcomment.json	2555	2	0	0	0	0	0	4	0	12	0	0	0	0	0	0	0	0	0	0	0	76	89	0	0	0	1	0	0
fsh-generated/resources/StructureDefinition-jp-medicationadministration.json	19594	3	1	0	0	0	0	15	0	37	0	0	0	0	0	0	0	1	0	0	3	516	474	0	1	0	10	1	1
fsh-generated/resources/StructureDefinition-jp-medicationadministrationBase.json	11032	3	0	0	0	0	0	0	0	54	0	0	0	0	0	0	0	1	0	0	2	347	299	0	0	0	6	0	0
fsh-generated/resources/StructureDefinition-jp-medicationdispense-injection.json	2496	2	0	0	0	0	0	26	0	21	0	0	0	0	0	0	0	1	0	0	0	259	302	0	0	1	5	0	1
fsh-generated/resources/StructureDefinition-jp-medicationdispense-preparation.json	2543	3	0	0	0	0	0	5	0	11	0	0	0	0	0	0	0	0	0	0	1	75	79	0	0	0	1	0	0
fsh-generated/resources/StructureDefinition-jp-medicationdispense.json	3689	4	0	0	0	0	0	16	0	29	0	0	0	0	0	0	0	1	0	0	0	310	350	0	0	0	6	0	0
fsh-generated/resources/StructureDefinition-jp-medicationdispensebase.json	25582	3	0	0	0	0	0	0	0	48	0	0	1	0	0	0	0	0	0	0	3	444	453	0	0	0	8	0	1
fsh-generated/resources/StructureDefinition-jp-medicationdosage-device.json	1546	3	0	0	0	0	0	4	0	15	0	0	0	0	0	0	0	0	0	0	1	52	74	0	0	0	1	0	0
fsh-generated/resources/StructureDefinition-jp-medicationdosage-dosagecomment.json	2539	2	0	0	0	0	0	4	0	11	0	0	0	0	0	0	0	1	0	0	0	74	80	0	0	0	1	0	0
fsh-generated/resources/StructureDefinition-jp-medicationdosage-injection.json	9421	3	0	0	0	0	0	23	0	96	0	0	0	0	0	0	0	0	0	0	1	431	349	0	0	0	7	0	1
fsh-generated/resources/StructureDefinition-jp-medicationdosage-line.json	1729	2	0	0	0	0	0	4	0	11	0	0	0	0	0	0	0	1	0	0	1	70	86	0	0	0	2	0	0
fsh-generated/resources/StructureDefinition-jp-medicationdosage-linecomment.json	2527	2	0	0	0	0	0	6	0	14	0	0	0	0	0	0	0	0	0	0	0	75	82	0	0	0	1	0	0
fsh-generated/resources/StructureDefinition-jp-medicationdosage-methodcomment.json	2559	3	0	0	0	0	0	5	0	12	0	0	0	0	0	0	0	0	0	0	1	75	80	0	0	0	1	0	0
fsh-generated/resources/StructureDefinition-jp-medicationdosage-periodofuse.json	1923	2	1	0	0	0	0	4	0	19	0	0	0	0	0	0	0	0	0	0	0	65	83	0	0	0	1	1	0
fsh-generated/resources/StructureDefinition-jp-medicationdosage-ratecomment.json	2563	2	0	0	0	0	0	4	0	11	0	0	0	0	0	0	0	0	0	0	1	75	78	0	0	0	1	0	0
fsh-generated/resources/StructureDefinition-jp-medicationdosage-routecomment.json	2569	2	0	0	0	0	0	3	0	10	0	0	0	0	0	0	0	0	0	0	0	75	78	0	1	0	1	0	0
fsh-generated/resources/StructureDefinition-jp-medicationdosage-sitecomment.json	2561	3	0	0	0	0	0	4	0	10	0	0	0	0	0	0	0	0	0	0	1	74	78	0	0	0	1	0	0
fsh-generated/resources/StructureDefinition-jp-medicationdosage-usageduration.json	2982	2	0	0	0	0	0	4	0	9	0	0	0	0	0	0	0	0	0	0	1	95	99	0	0	0	2	0	0
fsh-generated/resources/StructureDefinition-jp-medicationdosage.json	7493	3	0	0	0	0	0	17	1	19	0	0	0	0	0	0	0	1	0	0	1	372	313	0	0	0	6	0	1
fsh-generated/resources/StructureDefinition-jp-medicationdosagebase.json	13811	2	0	0	0	0	0	0	0	15	0	0	0	0	0	0	0	1	0	0	2	284	244	0	0	0	5	0	0
fsh-generated/resources/StructureDefinition-jp-medicationquantity.json	4102	3	0	0	0	0	0	5	0	11	0	0	0	0	0	0	0	0	0	0	1	75	92	0	0	0	1	0	0
fsh-generated/resources/StructureDefinition-jp-medicationrange-unitoftime.json	2743	2	0	0	0	0	0	5	0	16	0	0	0	0	0	0	0	0	0	0	1	126	122	0	0	0	2	0	1
fsh-generated/resources/StructureDefinition-jp-medicationrange.json	1618	2	0	0	0	0	0	7	0	7	0	1	0	0	0	0	0	0	0	0	1	53	74	0	0	0	1	0	0
fsh-generated/resources/StructureDefinition-jp-medicationratio-amount.json	1717	2	1	0	0	0	0	3	0	6	0	0	0	0	0	0	0	0	0	0	1	51	73	0	0	0	1	0	0
fsh-generated/resources/StructureDefinition-jp-medicationratio-doseperday.json	1783	2	0	0	0	0	0	13	0	11	0	0	0	0	0	0	0	0	0	0	0	107	113	0	0	0	2	0	0
fsh-generated/resources/StructureDefinition-jp-medicationratio-doseperperiod.json	2606	3	0	0	0	0	0	0	0	9	0	0	0	0	0	0	0	1	0	0	2	118	124	0	0	0	1	0	0
fsh-generated/resources/StructureDefinition-jp-medicationrequest-dispenserequest-expectedrepeatcount.json	1715	2	0	0	0	0	0	6	0	7	0	0	0	0	0	0	0	0	0	0	0	50	71	0	0	0	1	0	0
fsh-generated/resources/StructureDefinition-jp-medicationrequest-dispenserequest-instructionfordispense.json	1973	2	0	0	0	0	0	5	0	6	0	0	1	0	0	0	0	0	0	0	1	71	84	0	0	0	1	0	0
fsh-generated/resources/StructureDefinition-jp-medicationrequest-injection.json	44536	4	0	0	0	0	0	18	0	32	0	0	0	0	0	0	0	1	0	0	9	730	554	0	1	0	14	0	1
fsh-generated/resources/StructureDefinition-jp-medicationrequest.json	46064	4	0	0	0	0	0	20	0	41	0	0	0	0	0	0	0	1	0	0	6	756	677	0	0	0	15	0	1
fsh-generated/resources/StructureDefinition-jp-medicationsimplequantity.json	3413	2	0	0	0	0	0	4	0	6	0	0	0	0	0	0	0	1	0	0	2	71	89	0	0	0	1	0	0
fsh-generated/resources/StructureDefinition-jp-medicationstatement-injection.json	11641	3	0	0	0	0	0	18	0	13	0	0	0	0	0	0	0	0	0	0	2	248	217	0	0	0	5	0	1
fsh-generated/resources/StructureDefinition-jp-medicationstatement.json	11909	2	0	0	0	0	0	16	0	14	0	0	0	0	0	0	0	0	0	0	2	256	216	0	0	0	4	0	0
fsh-generated/resources/StructureDefinition-jp-medicationtiming.json	10732	3	1	0	0	0	0	6	0	10	0	0	0	0	0	0	0	1	0	0	1	186	155	0	0	0	3	0	0
fsh-generated/resources/StructureDefinition-jp-observation-bodymeasurement.json	5976	2	0	0	0	0	0	34	0	23	0	0	0	0	0	0	0	1	0	0	1	378	342	0	0	0	7	0	1
fsh-generated/resources/StructureDefinition-jp-observation-common.json	21256	3	0	0	0	0	0	0	0	23	0	0	1	0	0	0	0	0	0	0	2	359	304	0	1	0	7	0	0
fsh-generated/resources/StructureDefinition-jp-observation-labresult.json	26058	4	0	0	0	0	0	16	0	46	0	0	0	0	0	0	0	1	0	0	3	645	484	0	0	0	12	1	1
fsh-generated/resources/StructureDefinition-jp-observation-microbiology.json	11825	2	0	0	0	0	0	17	1	31	0	0	0	0	0	0	0	2	0	0	1	601	562	0	0	0	11	0	1
fsh-generated/resources/StructureDefinition-jp-observation-physicalexam.json	10619	4	0	0	0	0	0	31	0	92	0	0	0	0	0	0	0	1	0	0	1	501	394	0	0	0	9	0	1
fsh-generated/resources/StructureDefinition-jp-observation-socialhistory.json	4568	2	0	0	0	0	0	22	0	28	0	0	0	0	0	0	0	0	0	0	0	328	290	0	1	0	7	0	1
fsh-generated/resources/StructureDefinition-jp-observation-vitalsigns.json	6190	3	0	0	0	0	0	63	0	31	0	0	0	0	0	0	0	1	0	0	1	388	334	0	0	0	7	0	0
fsh-generated/resources/StructureDefinition-jp-organization-insuranceorganizationcategory.json	2575	2	0	0	0	0	0	5	0	13	0	0	0	0	0	0	0	0	0	0	0	101	92	0	0	0	1	0	0
fsh-generated/resources/StructureDefinition-jp-organization-insuranceorganizationno.json	2747	3	0	0	0	0	0	4	0	12	0	0	0	0	0	0	0	1	0	0	1	89	108	0	0	0	2	0	0
fsh-generated/resources/StructureDefinition-jp-organization-prefectureno.json	2470	2	0	0	0	0	0	4	0	11	0	0	0	0	0	0	0	0	0	0	0	87	95	0	0	0	1	0	1
fsh-generated/resources/StructureDefinition-jp-organization.json	23355	3	1	0	0	0	0	37	0	41	0	0	0	0	0	0	0	1	0	0	2	463	369	0	0	0	8	0	0
fsh-generated/resources/StructureDefinition-jp-patient-race.json	1781	2	0	0	0	0	0	6	0	12	0	0	0	0	0	0	0	0	0	0	0	56	74	0	0	0	1	0	0
fsh-generated/resources/StructureDefinition-jp-patient.json	35275	4	0	0	0	0	0	24	0	29	0	0	1	0	0	0	0	1	0	0	3	540	427	0	0	0	10	0	1
fsh-generated/resources/StructureDefinition-jp-plandefinition-chemotherapyregimen-regimentype.json	1826	2	0	0	0	0	0	8	0	7	0	0	0	0	0	0	0	0	0	0	1	54	73	0	0	0	1	0	0
fsh-generated/resources/StructureDefinition-jp-plandefinition-chemotherapyregimen-timingdaysofcycle.json	1572	3	0	0	0	0	0	7	0	6	0	0	0	0	0	0	0	0	0	0	0	50	77	0	0	0	1	0	0
fsh-generated/resources/StructureDefinition-jp-plandefinition-chemotherapyregimen.json	3621	5	0	0	0	0	0	66	0	20	0	0	0	0	0	0	0	1	0	0	0	415	421	0	0	0	8	0	0
fsh-generated/resources/StructureDefinition-jp-practitioner.json	29538	4	1	0	0	0	0	23	0	38	0	0	0	0	0	0	0	0	0	0	2	562	472	0	1	0	10	0	1
fsh-generated/resources/StructureDefinition-jp-practitionerrole.json	13076	3	0	0	0	0	0	13	0	14	0	0	0	0	0	0	0	1	0	0	2	246	198	0	0	0	3	0	0
fsh-generated/resources/StructureDefinition-jp-procedure.json	31511	3	0	0	0	0	0	30	0	45	0	0	0	0	0	0	0	1	0	0	2	593	427	0	1	0	11	0	1
fsh-generated/resources/ValueSet-jp-chemotherapyregimen-regimentype-vs.json	611	3	0	0	0	0	0	0	0	106	0	0	0	0	0	0	0	0	0	0	4	12	2911	0	0	0	0	0	0
fsh-generated/resources/ValueSet-jp-conclusion-codes-jed-vs.json	89432	6	0	0	0	0	0	0	8	175	0	0	0	0	0	0	0	0	0	0	119	432	1340	0	0	0	10	0	0
fsh-generated/resources/ValueSet-jp-condition-disease-code-icd10-vs.json	762	3	0	0	0	0	0	0	0	4	0	0	0	0	0	0	0	0	0	0	5	12	36	0	0	0	0	0	0
fsh-generated/resources/ValueSet-jp-condition-disease-code-medis-exchange-vs.json	803	2	0	0	0	0	0	0	0	148	0	0	0	0	0	0	0	0	0	0	4	12	1162	0	0	0	0	0	0
fsh-generated/resources/ValueSet-jp-condition-disease-code-medis-record-no-vs.json	798	2	0	0	0	0	0	0	0	68	0	0	0	0	0	0	0	0	0	0	4	12	1091	0	0	0	0	0	0
fsh-generated/resources/ValueSet-jp-condition-disease-code-receipt-vs.json	650	2	0	0	0	0	0	0	0	3	0	0	0	0	0	0	0	0	0	0	4	12	30	0	0	0	0	0	0
fsh-generated/resources/ValueSet-jp-condition-disease-modifier-medis-exchange-vs.json	941	2	0	0	0	0	0	0	0	3	0	0	0	0	0	0	0	1	0	0	2	12	43	0	0	0	1	0	0
fsh-generated/resources/ValueSet-jp-condition-disease-modifier-medis-record-no-vs.json	824	2	0	0	0	0	0	0	0	10	0	0	0	0	0	0	0	0	0	0	1	13	1130	0	0	0	0	0	0
fsh-generated/resources/ValueSet-jp-condition-disease-modifier-receipt-vs.json	670	2	0	0	0	0	0	0	0	3	0	0	0	0	0	0	0	0	0	0	2	11	30	0	0	0	0	0	0
fsh-generated/resources/ValueSet-jp-condition-disease-outcome-hl70241-jhsd0006-vs.json	905	2	0	0	0	0	0	0	0	3	0	0	0	0	0	0	0	0	0	0	1	13	39	0	0	0	0	0	0
fsh-generated/resources/ValueSet-jp-condition-disease-outcome-hl70241-vs.json	611	2	1	0	0	0	0	0	0	3	0	0	0	0	0	0	0	0	0	0	2	11	35	0	0	0	0	0	0
fsh-generated/resources/ValueSet-jp-condition-disease-outcome-jhsd0006-vs.json	724	2	0	0	0	0	0	0	1	3	0	0	0	0	0	0	0	0	0	0	1	12	29	0	0	0	0	0	0
fsh-generated/resources/ValueSet-jp-condition-disease-outcome-receipt-vs.json	674	2	0	0	0	0	0	0	0	3	0	0	0	0	0	0	0	0	0	0	1	12	30	0	0	0	0	0	0
fsh-generated/resources/ValueSet-jp-condition-severity-vs.json	577	3	0	0	0	0	0	0	0	4	0	0	0	0	0	0	0	0	0	0	2	11	35	0	0	0	1	0	0
fsh-generated/resources/ValueSet-jp-diagnosticreportcategory-vs.json	1744	2	0	0	0	0	0	0	0	457	0	0	0	0	0	0	0	0	0	0	1	17	46	0	0	0	0	0	0
fsh-generated/resources/ValueSet-jp-documentcodes-diagnosticreport-vs.json	4055	2	0	0	0	0	0	0	0	11	0	0	0	0	0	0	0	0	0	0	2	26	78	0	0	0	0	0	0
fsh-generated/resources/ValueSet-jp-documentcodes-endoscopy-vs.json	1285	2	0	0	0	0	0	0	0	6	0	0	0	0	0	0	0	0	0	0	2	14	32	0	0	0	0	0	0
fsh-generated/resources/ValueSet-jp-medicallicensecertificate-vs.json	548	2	0	0	0	0	0	0	1	5	0	0	0	0	0	0	0	0	0	0	1	12	29	0	0	0	1	0	1
fsh-generated/resources/ValueSet-jp-medication-example-dosagecomment-vs.json	812	3	0	0	0	0	0	0	0	5	0	0	0	0	0	0	0	0	0	0	2	12	30	0	0	0	0	0	0
fsh-generated/resources/ValueSet-jp-medication-example-line-vs.json	778	2	0	0	0	0	0	0	0	5	0	0	0	0	0	0	0	0	0	0	1	12	49	0	0	0	0	0	0
fsh-generated/resources/ValueSet-jp-medication-example-linecomment-vs.json	817	2	0	0	0	0	0	0	0	5	0	0	0	0	0	0	0	0	0	0	2	11	31	0	0	0	0	0	0
fsh-generated/resources/ValueSet-jp-medication-example-methodcomment-vs.json	824	2	0	0	0	0	0	0	0	5	0	0	0	0	0	0	0	0	0	0	1	13	32	0	0	0	0	0	0
fsh-generated/resources/ValueSet-jp-medication-example-ratecomment-vs.json	820	2	0	0	0	0	0	0	0	5	0	0	0	0	0	0	0	0	0	0	2	13	33	0	0	0	0	0	0
fsh-generated/resources/ValueSet-jp-medication-example-routecomment-vs.json	825	2	1	0	0	0	0	0	0	5	0	0	0	0	1	0	0	0	0	0	1	12	29	0	0	0	0	0	0
fsh-generated/resources/ValueSet-jp-medication-example-sitecomment-vs.json	820	2	0	0	0	0	0	0	0	5	0	0	0	0	0	0	0	0	0	0	1	12	28	0	0	0	1	0	0
fsh-generated/resources/ValueSet-jp-medication-example-uncategorized-comment-vs.json	872	2	0	0	0	0	0	0	0	5	0	0	0	0	0	0	0	0	0	0	2	12	36	0	0	0	0	0	0
fsh-generated/resources/ValueSet-jp-medication-instruction-for-dispense-jhsp0002-vs.json	798	2	0	0	0	0	0	0	0	7	0	0	0	0	0	0	0	0	0	0	2	13	35	0	0	0	0	0	0
fsh-generated/resources/ValueSet-jp-microbiology-anti-microbial-drug-vs.json	1040	2	0	0	0	0	0	0	0	5	0	0	0	0	0	0	0	0	0	0	1	12	378	0	0	0	0	0	0
fsh-generated/resources/ValueSet-jp-microbiology-category-laboratory-vs.json	635	2	0	0	0	0	0	0	0	30	0	0	0	0	0	0	0	0	0	0	1	12	37	0	0	0	0	0	0
fsh-generated/resources/ValueSet-jp-microbiology-category-vs.json	517	2	0	0	0	0	0	0	0	16	0	0	0	0	0	0	0	0	0	0	2	12	36	0	0	0	0	0	0
fsh-generated/resources/ValueSet-jp-microbiology-infectious-agent-vs.json	1024	3	0	0	0	0	0	0	1	6	0	0	0	0	0	0	0	0	0	0	1	12	632	0	0	0	0	0	0
fsh-generated/resources/ValueSet-jp-observation-bodymeasurement-category-vs.json	705	2	0	0	0	0	0	0	0	6	0	0	0	0	0	0	0	0	0	0	2	13	45	0	0	0	1	0	0
fsh-generated/resources/ValueSet-jp-observation-bodymeasurement-code-vs.json	679	2	0	0	0	0	0	0	0	5	0	0	0	0	0	0	0	0	0	0	1	12	192	0	0	0	0	0	0
fsh-generated/resources/ValueSet-jp-observation-bodysite-vs.json	744	2	0	0	0	0	0	0	0	7	0	0	0	0	0	0	0	0	0	0	2	11	24	0	0	0	0	0	0
fsh-generated/resources/ValueSet-jp-physicalexamcode-vs.json	718	2	0	0	0	0	0	0	0	5	0	0	0	0	0	0	0	0	0	0	1	13	30	0	0	0	0	0	0
fsh-generated/resources/ValueSet-jp-procedure-body-site-vs.json	510	2	1	0	0	0	0	0	0	5	0	0	0	0	0	0	0	0	0	0	2	12	23	0	0	0	0	0	0
fsh-generated/resources/ValueSet-jp-procedure-codes-ichi-vs.json	551	3	0	0	0	0	0	0	0	6	0	0	0	0	0	0	0	0	0	0	1	12	27	0	0	0	0	0	0
fsh-generated/resources/ValueSet-jp-procedure-condition-vs.json	576	2	0	0	0	0	0	0	0	4	0	0	0	0	0	0	0	0	0	0	1	12	38	0	0	0	0	0	0
fsh-generated/resources/ValueSet-jp-procedure-device-action-vs.json	540	2	0	0	0	0	0	0	0	3	0	0	0	0	0	0	0	0	0	0	2	13	31	0	0	0	0	0	0
fsh-generated/resources/ValueSet-jp-procedure-devicekind-vs.json	534	2	0	0	0	0	0	0	0	3	0	0	0	0	0	0	0	0	0	0	1	12	33	0	0	0	1	0	0
fsh-generated/resources/ValueSet-jp-procedure-followup-vs.json	529	3	0	0	0	0	0	0	0	3	0	0	0	0	0	0	0	0	0	0	3	18	26	0	0	0	0	0	0
fsh-generated/resources/ValueSet-jp-procedure-not-performed-reason-vs.json	638	5	0	0	0	0	0	0	0	3	0	0	0	0	0	0	0	0	0	0	2	17	33	0	0	0	0	0	0
fsh-generated/resources/ValueSet-jp-procedure-outcome-vs.json	516	4	1	0	0	0	0	0	1	4	0	0	0	0	0	0	0	0	0	0	3	12	29	0	0	0	0	0	0
fsh-generated/resources/ValueSet-jp-procedure-performer-role-vs.json	551	2	0	0	0	0	0	0	0	3	0	0	0	0	0	0	0	0	0	0	2	13	69	0	0	0	0	0	0
fsh-generated/resources/ValueSet-jp-procedure-reason-vs.json	496	3	0	0	0	0	0	0	0	3	0	0	0	0	0	0	0	0	0	0	3	11	37	0	0	0	0	0	0
fsh-generated/resources/ValueSet-jp-radiologymodality-vs.json	5698	2	0	0	0	0	0	0	0	10	0	0	0	0	0	0	0	0	0	0	4	43	109	0	0	0	1	0	0
fsh-generated/resources/ValueSet-jp-reason-codes-jed-vs.json	6065	6	0	0	0	0	0	0	1	6	0	0	0	0	0	0	0	0	0	0	83	40	81	0	0	0	0	0	0
fsh-generated/resources/ValueSet-jp-simpleobservationcategory-vs.json	582	4	0	0	0	0	0	0	0	4	0	0	0	0	0	0	0	0	0	0	3	12	40	0	1	0	1	0	0
fsh-generated/resources/ValueSet-jp-undefined-vs.json	590	5	1	0	0	0	0	0	0	3	0	0	0	0	0	0	0	0	0	0	2	12	22	0	0	0	0	0	0
