"Id","Path","Slice Name","Alias(s)","Label","Min","Max","Must Support?","Is Modifier?","Is Summary?","Type(s)","Short","Definition","Comments","Requirements","Default Value","Meaning When Missing","Fixed Value","Pattern","Example","Minimum Value","Maximum Value","Maximum Length","Binding Strength","Binding Description","Binding Value Set","Code","Slicing Discriminator","Slicing Description","Slicing Ordered","Slicing Rules","Base Path","Base Min","Base Max","Condition(s)","Constraint(s)","Mapping: Workflow Pattern","Mapping: HL7 v2 Mapping","Mapping: RIM Mapping","Mapping: FiveWs Pattern Mapping","Mapping: Quality Improvement and Clinical Knowledge (QUICK)"
"ServiceRequest","ServiceRequest","","diagnostic request
referralreferral requesttransfer of care request","",0,*,"","","","null {[]} {[]}
","サービスリクエスト","診断のための検査、治療、手術などのサービスリクエストの記録","","","","","","","","","",,,,,"",,,,"ServiceRequest",0,*,"","dom-2:If the resource is contained in another resource, it SHALL NOT contain nested Resources {contained.contained.empty()}
dom-3:If the resource is contained in another resource, it SHALL be referred to from elsewhere in the resource or SHALL refer to the containing resource {contained.where(((id.exists() and ('#'+id in (%resource.descendants().reference | %resource.descendants().as(canonical) | %resource.descendants().as(uri) | %resource.descendants().as(url)))) or descendants().where(reference = '#').exists() or descendants().where(as(canonical) = '#').exists() or descendants().where(as(uri) = '#').exists()).not()).trace('unmatched', id).empty()}dom-4:If a resource is contained in another resource, it SHALL NOT have a meta.versionId or a meta.lastUpdated {contained.meta.versionId.empty() and contained.meta.lastUpdated.empty()}dom-5:If a resource is contained in another resource, it SHALL NOT have a security label {contained.meta.security.empty()}dom-6:A resource should have narrative for robust management {text.`div`.exists()}prr-1:orderDetail SHALL only be present if code is present {orderDetail.empty() or code.exists()}","Request","ORC","Entity. Role, or Act","Act[moodCode<=INT]","clinical.general"
"ServiceRequest.id","ServiceRequest.id","","","",0,1,"","","Y","id {[]} {[]}
","Logical id of this artifact","The logical id of the resource, as used in the URL for the resource. Once assigned, this value never changes.","The only time that a resource does not have an id is when it is being submitted to the server using a create operation.","","","","","","","","",,,,,"",,,,"Resource.id",0,1,"",""
"ServiceRequest.meta","ServiceRequest.meta","","","",0,1,"","","Y","Meta {[]} {[]}
","Metadata about the resource","The metadata about the resource. This is content that is maintained by the infrastructure. Changes to the content might not always be associated with version changes to the resource.","","","","","","","","","",,,,,"",,,,"Resource.meta",0,1,"","ele-1:All FHIR elements must have a @value or children {hasValue() or (children().count() > id.count())}
"
"ServiceRequest.meta.id","ServiceRequest.meta.id","","","",0,1,"","","","id {[]} {[]}
","Unique id for inter-element referencing","Unique id for the element within a resource (for internal references). This may be any string value that does not contain spaces.","","","","","","","","","",,,,,"",,,,"Element.id",0,1,"","","n/a"
"ServiceRequest.meta.extension","ServiceRequest.meta.extension","","extensions
user content","",0,*,"","","","Extension {[]} {[]}
","Additional content defined by implementations","May be used to represent additional information that is not part of the basic definition of the element. To make the use of extensions safe and manageable, there is a strict set of governance  applied to the definition and use of extensions. Though any implementer can define an extension, there is a set of requirements that SHALL be met as part of the definition of the extension.","There can be no stigma associated with the use of extensions by any application, project, or standard - regardless of the institution or jurisdiction that uses or defines the extensions.  The use of extensions is what allows the FHIR specification to retain a core level of simplicity for everyone.","","","","","","","","",,,,,"","value:url}
","Extensions are always sliced by (at least) url",,"open","Element.extension",0,*,"","ele-1:All FHIR elements must have a @value or children {hasValue() or (children().count() > id.count())}
ext-1:Must have either extensions or value[x], not both {extension.exists() != value.exists()}","n/a"
"ServiceRequest.meta.versionId","ServiceRequest.meta.versionId","","","",0,1,"","","Y","id {[]} {[]}
","Version specific identifier","The version specific identifier, as it appears in the version portion of the URL. This value changes when the resource is created, updated, or deleted.","The server assigns this value, and ignores what the client specifies, except in the case that the server is imposing version integrity on updates/deletes.","","","","","","","","",,,,,"",,,,"Meta.versionId",0,1,"","ele-1:All FHIR elements must have a @value or children {hasValue() or (children().count() > id.count())}
"
"ServiceRequest.meta.lastUpdated","ServiceRequest.meta.lastUpdated","","","",0,1,"Y","","Y","instant {[]} {[]}
","When the resource version last changed","When the resource last changed - e.g. when the version changed.","This value is always populated except when the resource is first being created. The server / resource manager sets this value; what a client provides is irrelevant. This is equivalent to the HTTP Last-Modified and SHOULD have the same value on a [read](http://hl7.org/fhir/R4B/http.html#read) interaction.","","","","","","","","",,,,,"",,,,"Meta.lastUpdated",0,1,"","ele-1:All FHIR elements must have a @value or children {hasValue() or (children().count() > id.count())}
"
"ServiceRequest.meta.source","ServiceRequest.meta.source","","","",0,1,"","","Y","uri {[]} {[]}
","Identifies where the resource comes from","A uri that identifies the source system of the resource. This provides a minimal amount of [Provenance](http://hl7.org/fhir/R4B/provenance.html#) information that can be used to track or differentiate the source of information in the resource. The source may identify another FHIR server, document, message, database, etc.","In the provenance resource, this corresponds to Provenance.entity.what[x]. The exact use of the source (and the implied Provenance.entity.role) is left to implementer discretion. Only one nominated source is allowed; for additional provenance details, a full Provenance resource should be used. 

This element can be used to indicate where the current master source of a resource that has a canonical URL if the resource is no longer hosted at the canonical URL.","","","","","","","","",,,,,"",,,,"Meta.source",0,1,"","ele-1:All FHIR elements must have a @value or children {hasValue() or (children().count() > id.count())}
"
"ServiceRequest.meta.profile","ServiceRequest.meta.profile","","","",0,*,"","","Y","canonical {[]} {[CanonicalType[http://hl7.org/fhir/StructureDefinition/StructureDefinition|4.3.0]]}
","Profiles this resource claims to conform to","A list of profiles (references to [StructureDefinition](http://hl7.org/fhir/R4B/structuredefinition.html#) resources) that this resource claims to conform to. The URL is a reference to [StructureDefinition.url](http://hl7.org/fhir/R4B/structuredefinition-definitions.html#StructureDefinition.url).","It is up to the server and/or other infrastructure of policy to determine whether/how these claims are verified and/or updated over time.  The list of profile URLs is a set.","","","","","","","","",,,,,"",,,,"Meta.profile",0,*,"","ele-1:All FHIR elements must have a @value or children {hasValue() or (children().count() > id.count())}
"
"ServiceRequest.meta.security","ServiceRequest.meta.security","","","",0,*,"","","Y","Coding {[]} {[]}
","Security Labels applied to this resource","Security labels applied to this resource. These tags connect specific resources to the overall security policy and infrastructure.","The security labels can be updated without changing the stated version of the resource. The list of security labels is a set. Uniqueness is based the system/code, and version and display are ignored.","","","","","","","","",,"extensible","","http://hl7.org/fhir/ValueSet/security-labels|4.3.0","",,,,"Meta.security",0,*,"","ele-1:All FHIR elements must have a @value or children {hasValue() or (children().count() > id.count())}
"
"ServiceRequest.meta.tag","ServiceRequest.meta.tag","","","",0,*,"","","Y","Coding {[]} {[]}
","Tags applied to this resource","Tags applied to this resource. Tags are intended to be used to identify and relate resources to process and workflow, and applications are not required to consider the tags when interpreting the meaning of a resource.","The tags can be updated without changing the stated version of the resource. The list of tags is a set. Uniqueness is based the system/code, and version and display are ignored.","","","","","","","","",,"example","","http://hl7.org/fhir/ValueSet/common-tags|4.3.0","",,,,"Meta.tag",0,*,"","ele-1:All FHIR elements must have a @value or children {hasValue() or (children().count() > id.count())}
"
"ServiceRequest.implicitRules","ServiceRequest.implicitRules","","","",0,1,"","Y","Y","uri {[]} {[]}
","A set of rules under which this content was created","A reference to a set of rules that were followed when the resource was constructed, and which must be understood when processing the content. Often, this is a reference to an implementation guide that defines the special rules along with other profiles etc.","Asserting this rule set restricts the content to be only understood by a limited set of trading partners. This inherently limits the usefulness of the data in the long term. However, the existing health eco-system is highly fractured, and not yet ready to define, collect, and exchange data in a generally computable sense. Wherever possible, implementers and/or specification writers should avoid using this element. Often, when used, the URL is a reference to an implementation guide that defines these special rules as part of it's narrative along with other profiles, value sets, etc.","","","","","","","","",,,,,"",,,,"Resource.implicitRules",0,1,"","ele-1:All FHIR elements must have a @value or children {hasValue() or (children().count() > id.count())}
"
"ServiceRequest.language","ServiceRequest.language","","","",0,1,"","","","code {[]} {[]}
","Language of the resource content","The base language in which the resource is written.","Language is provided to support indexing and accessibility (typically, services such as text to speech use the language tag). The html language tag in the narrative applies  to the narrative. The language tag on the resource may be used to specify the language of other presentations generated from the data in the resource. Not all the content has to be in the base language. The Resource.language should not be assumed to apply to the narrative automatically. If a language is specified, it should it also be specified on the div element in the html (see rules in HTML5 for information about the relationship between xml:lang and the html lang attribute).","","","","","","","","",,"preferred","IETF language tag","http://hl7.org/fhir/ValueSet/languages|4.3.0","",,,,"Resource.language",0,1,"","ele-1:All FHIR elements must have a @value or children {hasValue() or (children().count() > id.count())}
"
"ServiceRequest.text","ServiceRequest.text","","narrative
htmlxhtmldisplay","",0,1,"","","","Narrative {[]} {[]}
","Text summary of the resource, for human interpretation","A human-readable narrative that contains a summary of the resource and can be used to represent the content of the resource to a human. The narrative need not encode all the structured data, but is required to contain sufficient detail to make it ""clinically safe"" for a human to just read the narrative. Resource definitions may define what content should be represented in the narrative to ensure clinical safety.","Contained resources do not have narrative. Resources that are not contained SHOULD have a narrative. In some cases, a resource may only have text with little or no additional discrete data (as long as all minOccurs=1 elements are satisfied).  This may be necessary for data from legacy systems where information is captured as a ""text blob"" or where text is additionally entered raw or narrated and encoded information is added later.","","","","","","","","",,,,,"",,,,"DomainResource.text",0,1,"","ele-1:All FHIR elements must have a @value or children {hasValue() or (children().count() > id.count())}
","Act.text?"
"ServiceRequest.contained","ServiceRequest.contained","","inline resources
anonymous resourcescontained resources","",0,*,"","","","Resource {[]} {[]}
","Contained, inline Resources","These resources do not have an independent existence apart from the resource that contains them - they cannot be identified independently, and nor can they have their own independent transaction scope.","This should never be done when the content can be identified properly, as once identification is lost, it is extremely difficult (and context dependent) to restore it again. Contained resources may have profiles and tags In their meta elements, but SHALL NOT have security labels.","","","","","","","","",,,,,"",,,,"DomainResource.contained",0,*,"","dom-r4b:Containing new R4B resources within R4 resources may cause interoperability issues if instances are shared with R4 systems {($this is Citation or $this is Evidence or $this is EvidenceReport or $this is EvidenceVariable or $this is MedicinalProductDefinition or $this is PackagedProductDefinition or $this is AdministrableProductDefinition or $this is Ingredient or $this is ClinicalUseDefinition or $this is RegulatedAuthorization or $this is SubstanceDefinition or $this is SubscriptionStatus or $this is SubscriptionTopic) implies (%resource is Citation or %resource is Evidence or %resource is EvidenceReport or %resource is EvidenceVariable or %resource is MedicinalProductDefinition or %resource is PackagedProductDefinition or %resource is AdministrableProductDefinition or %resource is Ingredient or %resource is ClinicalUseDefinition or %resource is RegulatedAuthorization or %resource is SubstanceDefinition or %resource is SubscriptionStatus or %resource is SubscriptionTopic)}
","N/A"
"ServiceRequest.extension","ServiceRequest.extension","","extensions
user content","",0,*,"","","","Extension {[]} {[]}
","Additional content defined by implementations","May be used to represent additional information that is not part of the basic definition of the resource. To make the use of extensions safe and manageable, there is a strict set of governance  applied to the definition and use of extensions. Though any implementer can define an extension, there is a set of requirements that SHALL be met as part of the definition of the extension.","There can be no stigma associated with the use of extensions by any application, project, or standard - regardless of the institution or jurisdiction that uses or defines the extensions.  The use of extensions is what allows the FHIR specification to retain a core level of simplicity for everyone.","","","","","","","","",,,,,"",,,,"DomainResource.extension",0,*,"","ele-1:All FHIR elements must have a @value or children {hasValue() or (children().count() > id.count())}
ext-1:Must have either extensions or value[x], not both {extension.exists() != value.exists()}","N/A"
"ServiceRequest.modifierExtension","ServiceRequest.modifierExtension","","extensions
user content","",0,*,"","Y","","Extension {[]} {[]}
","Extensions that cannot be ignored","May be used to represent additional information that is not part of the basic definition of the resource and that modifies the understanding of the element that contains it and/or the understanding of the containing element's descendants. Usually modifier elements provide negation or qualification. To make the use of extensions safe and manageable, there is a strict set of governance applied to the definition and use of extensions. Though any implementer is allowed to define an extension, there is a set of requirements that SHALL be met as part of the definition of the extension. Applications processing a resource are required to check for modifier extensions.

Modifier extensions SHALL NOT change the meaning of any elements on Resource or DomainResource (including cannot change the meaning of modifierExtension itself).","There can be no stigma associated with the use of extensions by any application, project, or standard - regardless of the institution or jurisdiction that uses or defines the extensions.  The use of extensions is what allows the FHIR specification to retain a core level of simplicity for everyone.","Modifier extensions allow for extensions that *cannot* be safely ignored to be clearly distinguished from the vast majority of extensions which can be safely ignored.  This promotes interoperability by eliminating the need for implementers to prohibit the presence of extensions. For further information, see the [definition of modifier extensions](http://hl7.org/fhir/R4B/extensibility.html#modifierExtension).","","","","","","","",,,,,"",,,,"DomainResource.modifierExtension",0,*,"","ele-1:All FHIR elements must have a @value or children {hasValue() or (children().count() > id.count())}
ext-1:Must have either extensions or value[x], not both {extension.exists() != value.exists()}","N/A"
"ServiceRequest.identifier","ServiceRequest.identifier","","","",0,*,"","","Y","Identifier {[]} {[]}
","サービスリクエストを識別する業務ID。","リクエストの発注者、受注者、サービスの実施者によるインスタンスに割り当てられた識別子。","この要素は、発注者（HL7 v2 では 'Placer' ）とリクエストに応じて観察、行為等を実施した者（HL7 v2 では 'Filler' ）を区別するために用いられる。","","","","","","","","",,,,,"",,,,"ServiceRequest.identifier",0,*,"","ele-1:All FHIR elements must have a @value or children {hasValue() or (children().count() > id.count())}
","Request.identifier","ORC.2, ORC.3, RF1-6 / RF1-11,",".identifier","FiveWs.identifier","ClinicalStatement.identifier"
"ServiceRequest.instantiatesCanonical","ServiceRequest.instantiatesCanonical","","","",0,*,"","","Y","canonical {[]} {[CanonicalType[http://hl7.org/fhir/StructureDefinition/ActivityDefinition|4.3.0], CanonicalType[http://hl7.org/fhir/StructureDefinition/PlanDefinition|4.3.0]]}
","FHIRのプロトコール、定義への参照","このサービスリクエストに部分的、または完全に関わる、FHIRで定義されたプロトコル、ガイドライン、オーダセットまたは他の定義を指しているURL","PlanDefinitionリソースは、実行されるアクションのシリーズ、シーケンス、またはグループを記述するために使用され、ActivityDefinitionリソースは、特定の各ステップまたはアクティビティを定義するために使用される。詳細は、PlanDefinition のBoundaries and Relationshipsセクションを参照してください。（訳注:R4とR4Bの本文に誤りあり、修正されたR5を翻訳）","","","","","","","","",,,,,"",,,,"ServiceRequest.instantiatesCanonical",0,*,"","ele-1:All FHIR elements must have a @value or children {hasValue() or (children().count() > id.count())}
","Request.instantiatesCanonical","Varies by domain",".outboundRelationship[typeCode=DEFN].target"
"ServiceRequest.instantiatesUri","ServiceRequest.instantiatesUri","","","",0,*,"","","Y","uri {[]} {[]}
","外部のプロトコール、定義への参照","このサービスリクエストに部分的、または完全に関わる、外部の管理されたプロトコール、ガイドライン、オーダセットや他の定義へのURL参照","HTMLページ、PDFなど、名前で解決できないURI識別子","","","","","","","","",,,,,"",,,,"ServiceRequest.instantiatesUri",0,*,"","ele-1:All FHIR elements must have a @value or children {hasValue() or (children().count() > id.count())}
","Request.instantiatesUri","Varies by domain",".outboundRelationship[typeCode=DEFN].target"
"ServiceRequest.basedOn","ServiceRequest.basedOn","","fulfills
","",0,*,"","","Y","Reference {[]} {[CanonicalType[http://hl7.org/fhir/StructureDefinition/CarePlan], CanonicalType[http://jpfhir.jp/fhir/core/StructureDefinition/JP_ServiceRequest_Common], CanonicalType[http://jpfhir.jp/fhir/core/StructureDefinition/JP_MedicationRequest]]}
","リクエストするリソースへの参照","このリクエストによって実施すべき計画、提案、オーダの詳細（への参照）","","","","","","","","","",,,,,"",,,,"ServiceRequest.basedOn",0,*,"","ele-1:All FHIR elements must have a @value or children {hasValue() or (children().count() > id.count())}
","Request.basedOn","ORC.8 (plus others)",".outboundRelationship[typeCode=FLFS].target"
"ServiceRequest.replaces","ServiceRequest.replaces","","supersedes
priorrenewed order","",0,*,"","","Y","Reference {[]} {[CanonicalType[http://jpfhir.jp/fhir/core/StructureDefinition/JP_ServiceRequest_Common]]}
","完了または終了したService Requestリソースの代替（への参照）","The request takes the place of the referenced completed or terminated request(s).","","","","","","","","","",,,,,"",,,,"ServiceRequest.replaces",0,*,"","ele-1:All FHIR elements must have a @value or children {hasValue() or (children().count() > id.count())}
","Request.replaces","Handled by message location of ORC (ORC.1=RO or RU)",".outboundRelationship[typeCode=RPLC].target"
"ServiceRequest.requisition","ServiceRequest.requisition","","grouperId
groupIdentifier","",0,1,"","","Y","Identifier {[]} {[]}
","サービスリクエストの複合ID（別名 グループID）","一人の発注者によっておおよそ同時に署名されたサービスリクエストの全てに共通する識別子で、複合、またはグループIDを表現する。","サービスリクエストは、basedOn要素、このrequisition要素によって関係付けられる。同じrequisition要素の一部であるサービスリクエストは、初めに作成された後にその状態と管理が変化する視点から、一般的に独立して扱われる。","Some business processes need to know if multiple items were ordered as part of the same ""requisition"" for billing or other purposes.","","","","","","","",,,,,"",,,,"ServiceRequest.requisition",0,1,"","ele-1:All FHIR elements must have a @value or children {hasValue() or (children().count() > id.count())}
","Request.groupIdentifier","ORC.4",".inboundRelationship(typeCode=COMP].source[moodCode=INT].identifier"
"ServiceRequest.status","ServiceRequest.status","","","",1,1,"","Y","Y","code {[]} {[]}
","サービスリクエストの状態","オーダの状態","status要素は、一般的に発注者の完全な制御下にあり、オーダが起案か有効かを決定し、有効化された後は、競合、停止、または中断される。受注者の活動に関連する状態は、対応するイベント（一般的な議論についてはEventパターンを参照）またはTaskリソースを使用して反映される。","","","","","","","","",,"required","The status of a service order.","http://hl7.org/fhir/ValueSet/request-status|4.3.0","",,,,"ServiceRequest.status",1,1,"","ele-1:All FHIR elements must have a @value or children {hasValue() or (children().count() > id.count())}
","Request.status","ORC.5,RF1-1",".status","FiveWs.status","Action.currentStatus"
"ServiceRequest.intent","ServiceRequest.intent","","","",1,1,"","Y","Y","code {[]} {[]}
","サービスリクエストの意図（proposal | plan | directive | order | original-order | reflex-order | filler-order | instance-order | option）","この要求が、提案、経過、オリジナル、繰り返しかどうかを示す。","この要素は、リソースが実際に適用されるタイミングや方法を意図的に変更するため、修飾子と表現される。","","","","","","","","",,"required","The kind of service request.","http://hl7.org/fhir/ValueSet/request-intent|4.3.0","",,,,"ServiceRequest.intent",1,1,"","ele-1:All FHIR elements must have a @value or children {hasValue() or (children().count() > id.count())}
","Request.intent","N/A",".moodCode (nuances beyond PRP/PLAN/RQO would need to be elsewhere)","FiveWs.class"
"ServiceRequest.category","ServiceRequest.category","","","",0,*,"","","Y","CodeableConcept {[]} {[]}
","サービスリクエストの分類","検索、分類、表示の目的でサービスを分類するコード（例 「外科的手技」）","リソースを検索または表示するためのコンテキストまたはユースケースに応じて、複数の分類軸が存在する場合がある。粒度のレベルは、Value Setのカテゴリー概念によって定義される。","Used for filtering what service request are retrieved and displayed.","","","","","","","",,"example","Classification of the requested service.","http://hl7.org/fhir/ValueSet/servicerequest-category|4.3.0","",,,,"ServiceRequest.category",0,*,"","ele-1:All FHIR elements must have a @value or children {hasValue() or (children().count() > id.count())}
","RF1-5",".outboundRelationship[typeCode=""COMP].target[classCode=""LIST"", moodCode=""INT""].code","FiveWs.class"
"ServiceRequest.priority","ServiceRequest.priority","","","",0,1,"","","Y","code {[]} {[]}
","サービスリクエストの緊急度（routine | urgent | asap | stat）","このサービスリクエストはどの程度早く対処されるべきかを示す。","","","","If missing, this task should be performed with normal priority","","","","","",,"required","Identifies the level of importance to be assigned to actioning the request.","http://hl7.org/fhir/ValueSet/request-priority|4.3.0","",,,,"ServiceRequest.priority",0,1,"","ele-1:All FHIR elements must have a @value or children {hasValue() or (children().count() > id.count())}
","Request.priority","TQ1.9, RF1-2",".priorityCode","FiveWs.grade"
"ServiceRequest.doNotPerform","ServiceRequest.doNotPerform","","","",0,1,"","Y","Y","boolean {[]} {[]}
","値が真の時、サービスや処置は実施不可","要求された特定のサービス（例、手技、診断のための検査、また検査パネル）の識別子","一般的には、コードと時間枠のみであるが、時には体の部位や実施者などの修飾語を追加して、禁止範囲を狭められる。code要素とdoNotPerform要素がともに否定を含む場合、禁止を強化することになり、二重否定解釈をしてはならない。","Used for do not ambulate, do not elevate head of bed, do not flush NG tube, do not take blood pressure on a certain arm, etc.","","If missing, the request is a positive request e.g. ""do perform""","","","","","",,,,,"",,,,"ServiceRequest.doNotPerform",0,1,"","ele-1:All FHIR elements must have a @value or children {hasValue() or (children().count() > id.count())}
","Request.doNotPerform",".actionNegationInd"
"ServiceRequest.code","ServiceRequest.code","","service requested
","",0,1,"","","Y","CodeableConcept {[]} {[]}
","リクエストの内容を示すコード","要求された特定のサービス（例、行為、診断のための検査、また検査パネル）の識別子","多くの検査・放射線処置コードは、血清または血漿グルコース、胸部 X 線など、検体・器官系が検査オーダー名に埋め込まれている。検体は、検査コードとは別に記録されないかもしれない。","","","","","","","","",,"example","Codes for tests or services that can be carried out by a designated individual, organization or healthcare service.  For laboratory, LOINC is  (preferred)[http://build.fhir.org/terminologies.html#preferred] and a valueset using LOINC Order codes is available.","http://hl7.org/fhir/ValueSet/procedure-code|4.3.0","",,,,"ServiceRequest.code",0,1,"","ele-1:All FHIR elements must have a @value or children {hasValue() or (children().count() > id.count())}
","Request.code","PR1-3 / OBR-4  (varies by domain)",".code","FiveWs.what[x]","Procedure.procedureCode"
"ServiceRequest.orderDetail","ServiceRequest.orderDetail","","detailed instructions
","",0,*,"","","Y","CodeableConcept {[]} {[]}
","追加のオーダ情報","リクエストの提供方法に関する追加の詳細および指示。例えば、尿道カテーテルのサービスリクエストには、外部または留置カテーテルのリクエストの詳細があり、包帯のサービスリクエストには、包帯の適用方法を指定する追加の指示が必要な場合もある。","リクエストされたサービス提供の指示についての医療記録からの情報については、supportingInformation要素を使用。","","","","","","","","",,"example","Codified order entry details which are based on order context.","http://hl7.org/fhir/ValueSet/servicerequest-orderdetail|4.3.0","",,,,"ServiceRequest.orderDetail",0,*,"prr-1
","ele-1:All FHIR elements must have a @value or children {hasValue() or (children().count() > id.count())}
","NTE",".code","Procedure.procedureCode"
"ServiceRequest.quantity[x]","ServiceRequest.quantity[x]","","","",0,1,"","","Y","Quantity {[]} {[]}
Ratio {[]} {[]}Range {[]} {[]}","サービスの量","リクエストされるサービスの量。数量（例:1500ドルの住宅改造）、比率（例:1ヶ月に20回の半日訪問）、または範囲（例:1分間に2.0～1.8Gy）。","サービスリクエスト時に、項目とは別に数を指定する必要がある。","When ordering a service the number of service items may need to be specified separately from the the service item.","","","","","","","",,,,,"",,,,"ServiceRequest.quantity[x]",0,1,"","ele-1:All FHIR elements must have a @value or children {hasValue() or (children().count() > id.count())}
","NTE",".quantity"
"ServiceRequest.subject","ServiceRequest.subject","","","",1,1,"","","Y","Reference {[]} {[CanonicalType[http://jpfhir.jp/fhir/core/StructureDefinition/JP_Patient], CanonicalType[http://jpfhir.jp/fhir/core/StructureDefinition/JP_Location]]}
","サービスリクエストの対象（個人または集団）","サービスが実行される対象（人または物）。多くは患者だが、動物、集団（人または動物）、透析器のような装置、また場所（点家的には環境調査）も対象となる。","","","","","","","","","",,,,,"",,,,"ServiceRequest.subject",1,1,"","ele-1:All FHIR elements must have a @value or children {hasValue() or (children().count() > id.count())}
","Request.subject","PID",".participation[typeCode=SBJ].role","FiveWs.subject[x]","FiveWs.subject","ClinicalStatement.subject"
"ServiceRequest.encounter","ServiceRequest.encounter","","context
","",0,1,"","","Y","Reference {[]} {[CanonicalType[http://jpfhir.jp/fhir/core/StructureDefinition/JP_Encounter]]}
","サービスがリクエストされる診療時の場面","サービスがリクエストされる医療背景についての追加情報を提供する診療時の場面","","","","","","","","","",,,,,"",,,,"ServiceRequest.encounter",0,1,"","ele-1:All FHIR elements must have a @value or children {hasValue() or (children().count() > id.count())}
","Request.encounter","PV1",".inboundRelationship(typeCode=COMP].source[classCode<=PCPR, moodCode=EVN]","FiveWs.context","ClinicalStatement.encounter"
"ServiceRequest.occurrence[x]","ServiceRequest.occurrence[x]","","schedule
","",0,1,"","","Y","dateTime {[]} {[]}
Period {[]} {[]}Timing {[]} {[]}","サービスを実施すべき日時","リクエストされたサービスを実施すべき日時","","","","","","","","","",,,,,"",,,,"ServiceRequest.occurrence[x]",0,1,"","ele-1:All FHIR elements must have a @value or children {hasValue() or (children().count() > id.count())}
","Request.occurrence[x]","TQ1/TQ2, OBR-7/OBR-8",".effectiveTime","FiveWs.planned","Procedure.procedureSchedule"
"ServiceRequest.asNeeded[x]","ServiceRequest.asNeeded[x]","","","",0,1,"","","Y","boolean {[]} {[]}
CodeableConcept {[]} {[]}","前提条件","CodeableConceptが存在する場合、そのサービスを行うための前提条件を示す。例えば、「痛み」、「再発時」など。","","","","","","","","","",,"example","A coded concept identifying the pre-condition that should hold prior to performing a procedure.  For example ""pain"", ""on flare-up"", etc.","http://hl7.org/fhir/ValueSet/medication-as-needed-reason|4.3.0","",,,,"ServiceRequest.asNeeded[x]",0,1,"","ele-1:All FHIR elements must have a @value or children {hasValue() or (children().count() > id.count())}
","boolean: precondition.negationInd (inversed - so negationInd = true means asNeeded=false CodeableConcept: precondition.observationEventCriterion[code=""Assertion""].value","Proposal.prnReason.reason"
"ServiceRequest.authoredOn","ServiceRequest.authoredOn","","orderedOn
","",0,1,"","","Y","dateTime {[]} {[]}
","リクエストの署名日時","リクエストが有効化された日時","","","","","","","","","",,,,,"",,,,"ServiceRequest.authoredOn",0,1,"","ele-1:All FHIR elements must have a @value or children {hasValue() or (children().count() > id.count())}
","Request.authoredOn","ORC.9,  RF1-7 / RF1-9",".participation[typeCode=AUT].time","FiveWs.recorded","Proposal.proposedAtTime"
"ServiceRequest.requester","ServiceRequest.requester","","author
orderer","",0,1,"","","Y","Reference {[]} {[CanonicalType[http://jpfhir.jp/fhir/core/StructureDefinition/JP_Practitioner], CanonicalType[http://jpfhir.jp/fhir/core/StructureDefinition/JP_PractitionerRole], CanonicalType[http://jpfhir.jp/fhir/core/StructureDefinition/JP_Organization], CanonicalType[http://jpfhir.jp/fhir/core/StructureDefinition/JP_Patient], CanonicalType[http://jpfhir.jp/fhir/core/StructureDefinition/JP_RelatedPerson], CanonicalType[http://jpfhir.jp/fhir/core/StructureDefinition/JP_Device]]}
","サービスを要求した人または物（要求者、発注者）","リクエストを開始し、その有効化に責任を持つ個人","伝言をする者ではなく、署名者。この要素は、Provenanceリソースを通じて管理される委任を扱うことを意図していない。","","","","","","","","",,,,,"",,,,"ServiceRequest.requester",0,1,"","ele-1:All FHIR elements must have a @value or children {hasValue() or (children().count() > id.count())}
","Request.requester","ORC.12, PRT",".participation[typeCode=AUT].role","FiveWs.author","ClinicalStatement.statementAuthor"
"ServiceRequest.performerType","ServiceRequest.performerType","","specialty
","",0,1,"","","Y","CodeableConcept {[]} {[]}
","実施者の役割","リクエストされたサービスの実施者の役割","参加者の資格ではなく役割。タスクではなく、能力を記述。例えば、「調剤薬局」、「精神科医」、「院内紹介」など。","","","","","","","","",,"example","Indicates specific responsibility of an individual within the care team, such as ""Primary physician"", ""Team coordinator"", ""Caregiver"", etc.","http://terminology.hl7.org/ValueSet/action-participant-role","",,,,"ServiceRequest.performerType",0,1,"","ele-1:All FHIR elements must have a @value or children {hasValue() or (children().count() > id.count())}
","Request.performerType","PRT, RF!-3",".participation[typeCode=PRF].role[scoper.determinerCode=KIND].code","FiveWs.actor"
"ServiceRequest.performer","ServiceRequest.performer","","request recipient
","",0,*,"","","Y","Reference {[]} {[CanonicalType[http://jpfhir.jp/fhir/core/StructureDefinition/JP_Practitioner], CanonicalType[http://jpfhir.jp/fhir/core/StructureDefinition/JP_PractitionerRole], CanonicalType[http://jpfhir.jp/fhir/core/StructureDefinition/JP_Organization], CanonicalType[http://jpfhir.jp/fhir/core/StructureDefinition/JP_Patient], CanonicalType[http://jpfhir.jp/fhir/core/StructureDefinition/JP_Device], CanonicalType[http://jpfhir.jp/fhir/core/StructureDefinition/JP_RelatedPerson], CanonicalType[http://hl7.org/fhir/StructureDefinition/CareTeam]]}
","サービスの実施者","リクエストされたサービスを行うために望ましい実施者。例えば、外科医、皮膚病理医、内視鏡医など。","実施者が複数の場合、順番に関係なく、優先順位のない実施者のリストとして解釈される。優先順位が必要な場合は、request.performerOrder 拡張を使用する。実施者のグループ（例えば、医師Aと医師B）を表すには、CareTeamを使用する。","","","","","","","","",,,,,"",,,,"ServiceRequest.performer",0,*,"","ele-1:All FHIR elements must have a @value or children {hasValue() or (children().count() > id.count())}
","Request.performer","PRT, Practitioner: PRD-2/PRD-7 where PRD-3 = RT; Organization: PRD-10 where PRD-3 = RT",".participation[typeCode=PRF].role[scoper.determinerCode=INSTANCE]","FiveWs.actor"
"ServiceRequest.locationCode","ServiceRequest.locationCode","","","",0,*,"","","Y","CodeableConcept {[]} {[]}
","リクエストされた場所","実際に行為が行われるべき好ましい場所を、コード化またはフリーテキスト形式で記述。例：自宅や介護施設など。","","","","","","","","","",,"example","A location type where services are delivered.","http://terminology.hl7.org/ValueSet/v3-ServiceDeliveryLocationRoleType","",,,,"ServiceRequest.locationCode",0,*,"","ele-1:All FHIR elements must have a @value or children {hasValue() or (children().count() > id.count())}
",".participation[typeCode=LOC].role[scoper.determinerCode=KIND].code","FiveWs.actor"
"ServiceRequest.locationReference","ServiceRequest.locationReference","","","",0,*,"","","Y","Reference {[]} {[CanonicalType[http://jpfhir.jp/fhir/core/StructureDefinition/JP_Location]]}
","リクエストされた場所（参照）","実際に行為が行われるべき好ましい場所（複数可）への参照。例：自宅や介護施設など。","","","","","","","","","",,,,,"",,,,"ServiceRequest.locationReference",0,*,"","ele-1:All FHIR elements must have a @value or children {hasValue() or (children().count() > id.count())}
",".participation[typeCode=LOC].role[scoper.determinerCode=INSTANCE]","FiveWs.actor"
"ServiceRequest.reasonCode","ServiceRequest.reasonCode","","","",0,*,"","","Y","CodeableConcept {[]} {[]}
","行為やサービスの説明・理由","このサービスがリクエストされる理由についての説明または根拠をコード化またはテキスト化したもの。しばしば（保険）請求を目的とされる。supportingInfoで参照されるリソースに関連する場合がある。","この要素は照会理由を表し、サービスがどのように実行されるか、あるいは全く実行されないかどうかを決定するために使用される。CTスキャンの例で示したように、データが自由記述の場合は、CodeableConcept.text要素を使用する。","","","","","","","","",,"example","SNOMED CT Condition/Problem/Diagnosis Codes","http://hl7.org/fhir/ValueSet/procedure-reason|4.3.0","",,,,"ServiceRequest.reasonCode",0,*,"","ele-1:All FHIR elements must have a @value or children {hasValue() or (children().count() > id.count())}
","Request.reasonCode","ORC.16, RF1-10",".reasonCode","FiveWs.why[x]"
"ServiceRequest.reasonReference","ServiceRequest.reasonReference","","","",0,*,"","","Y","Reference {[]} {[CanonicalType[http://jpfhir.jp/fhir/core/StructureDefinition/JP_Condition], CanonicalType[http://jpfhir.jp/fhir/core/StructureDefinition/JP_Observation_Common], CanonicalType[http://jpfhir.jp/fhir/core/StructureDefinition/JP_DiagnosticReport_Common], CanonicalType[http://hl7.org/fhir/StructureDefinition/DocumentReference]]}
","行為やサービスの説明・理由（参照）","このサービスが要求される理由の正当性を提供する他のリソースを示す。supportingInfoで参照されるリソースに関連する場合がある。","この要素は照会理由を表し、サービスがどのように実行されるか、あるいは全く実行されないかどうかを決定するために使用される。可能な限り具体的にするために、ObservationやConditionリソースへの参照が可能であれば使用されるべきである。また、DiagnosticReport を参照する場合は、DiagnosticReport.conclusion および/または DiagnosticReport.conclusionCode を参照する必要がある。DocumentReference への参照を使用する場合、ターゲット文書は、このサービス要求の関連理由を提供する明確な所見言語を含んでいなければならない。CTスキャンの例に示すように、データが自由記述（符号化されていない）の場合、 ServiceRequest.reasonCodeにCodeableConcept.text要素を使用する。","","","","","","","","",,,,,"",,,,"ServiceRequest.reasonReference",0,*,"","ele-1:All FHIR elements must have a @value or children {hasValue() or (children().count() > id.count())}
","Request.reasonReference","ORC.16",".outboundRelationship[typeCode=RSON].target","FiveWs.why[x]"
"ServiceRequest.insurance","ServiceRequest.insurance","","","",0,*,"","","","Reference {[]} {[CanonicalType[http://jpfhir.jp/fhir/core/StructureDefinition/JP_Coverage], CanonicalType[http://hl7.org/fhir/StructureDefinition/ClaimResponse]]}
","関連する保険情報","リクエストされたサービスを提供するために必要な保険プラン、適用範囲拡大、事前承認、および/または事前決定がある。","","","","","","","","","",,,,,"",,,,"ServiceRequest.insurance",0,*,"","ele-1:All FHIR elements must have a @value or children {hasValue() or (children().count() > id.count())}
","Request.insurance","IN1/IN2",".outboundRelationship[typeCode=COVBY].target"
"ServiceRequest.supportingInfo","ServiceRequest.supportingInfo","","Ask at order entry question
AOE","",0,*,"","","","Reference {[]} {[CanonicalType[http://hl7.org/fhir/StructureDefinition/Resource|4.3.0]]}
","追加の補助的な臨床情報（別名 オーダエントリー時の質問 Ask at Order Entry question; AOEs）","サービスやその解釈に影響を与える可能性のある、患者や検体に関する追加の臨床情報。この情報には、診断、臨床所見、その他の観察が含まれる。検査のオーダでは、一般的に「オーダエントリー時の質問（AOEs）」と呼ばれ ている。これには、オーダを完了するために必要な文脈や裏付けとなる情報を提供するために、実施者が明示的に要求した観察が含まれる。例えば、血液ガス測定のための吸入酸素量の報告などである。","サービスの提供方法に関する情報を表すには、instructions 要素を使用する。","","","","","","","","",,,,,"",,,,"ServiceRequest.supportingInfo",0,*,"","ele-1:All FHIR elements must have a @value or children {hasValue() or (children().count() > id.count())}
","Request.supportingInfo","Accompanying segments",".outboundRelationship[typeCode=PERT].target"
"ServiceRequest.specimen","ServiceRequest.specimen","","","",0,*,"","","Y","Reference {[]} {[CanonicalType[http://jpfhir.jp/fhir/core/StructureDefinition/JP_Specimen_Common]]}
","検体","検査で使用する１つ以上の検体","多くの診断的行為は検体を必要とするが、リクエスト自体は実際には検体に関するものではない。この要素は、診断検査が既に存在する検体に対してリクエストされ、適用される検体を参照するためのものである。逆に、検体が未知の時に最初にリクエストが入力された場合、SpecimenリソースがServiceRequestリソースを参照する。","","","","","","","","",,,,,"",,,,"ServiceRequest.specimen",0,*,"","ele-1:All FHIR elements must have a @value or children {hasValue() or (children().count() > id.count())}
","SPM",".participation[typeCode=SPC].role"
"ServiceRequest.bodySite","ServiceRequest.bodySite","","location
","",0,*,"","","Y","CodeableConcept {[]} {[]}
","体の部位（別名 場所）","行為を実施すべき解剖学的部位。目標とする場所。","ServiceRequest.codeにあるコードに暗黙の了解がない場合にのみ使用する。使用例として、BodySiteをインラインコード化された要素ではなく、別のリソースとして扱う必要がある場合（例えば、別々に識別し追跡するため）、procedure.targetBodyStructureの拡張を使用してください。","Knowing where the procedure is performed is important for tracking if multiple sites are possible.","","","","","","","",,"example","SNOMED CT Body site concepts","http://hl7.org/fhir/ValueSet/body-site|4.3.0","",,,,"ServiceRequest.bodySite",0,*,"","ele-1:All FHIR elements must have a @value or children {hasValue() or (children().count() > id.count())}
","SPM","targetSiteCode","Procedure.targetBodySite"
"ServiceRequest.note","ServiceRequest.note","","","",0,*,"","","","Annotation {[]} {[]}
","コメント","サービス要求について作成された、その他のメモやコメント。例えば、内部請求のメモなど。","","","","","","","","","",,,,,"",,,,"ServiceRequest.note",0,*,"","ele-1:All FHIR elements must have a @value or children {hasValue() or (children().count() > id.count())}
","Request.note","NTE",".inboundRelationship(typeCode=SUBJ].source[classCode=ANNGEN, moodCode=EVN].value[xsi:type=ST]","ClinicalStatement.additionalText"
"ServiceRequest.patientInstruction","ServiceRequest.patientInstruction","","","",0,1,"","","Y","string {[]} {[]}
","患者、消費者向けの説明","患者または消費者が理解できる言葉で指示。","","","","","","","","","",,,,,"",,,,"ServiceRequest.patientInstruction",0,1,"","ele-1:All FHIR elements must have a @value or children {hasValue() or (children().count() > id.count())}
","NTE",".text"
"ServiceRequest.relevantHistory","ServiceRequest.relevantHistory","","","",0,*,"","","","Reference {[]} {[CanonicalType[http://hl7.org/fhir/StructureDefinition/Provenance|4.3.0]]}
","リソースの履歴（バージョン管理）","このリクエストの履歴で重要なもの","この要素はには、ServiceRequestのProvenanceの全てのバージョンではなく、重要と思われたものだけ含められる。現在のバージョンのリソースに関連したProvenanceリソースを含めてはならない（SHALL NOT）。（もし、Provenanceとして重要な変化と思われれば、以降の更新の一部として追加すべきである。それまでは、'_revinclude'を使って指定されたProvenanceのバージョンを直接クエリーできる。全てのProvenanceはこのRequestの履歴を対象とすべきである。）","","","","","","","","",,,,,"",,,,"ServiceRequest.relevantHistory",0,*,"","ele-1:All FHIR elements must have a @value or children {hasValue() or (children().count() > id.count())}
","Request.relevantHistory","N/A",".inboundRelationship(typeCode=SUBJ].source[classCode=CACT, moodCode=EVN]"
