"Id","Path","Slice Name","Alias(s)","Label","Min","Max","Must Support?","Is Modifier?","Is Summary?","Type(s)","Short","Definition","Comments","Requirements","Default Value","Meaning When Missing","Fixed Value","Pattern","Example","Minimum Value","Maximum Value","Maximum Length","Binding Strength","Binding Description","Binding Value Set","Code","Slicing Discriminator","Slicing Description","Slicing Ordered","Slicing Rules","Base Path","Base Min","Base Max","Condition(s)","Constraint(s)","Mapping: Workflow Pattern","Mapping: RIM Mapping","Mapping: DICOM Tag Mapping","Mapping: FiveWs Pattern Mapping","Mapping: HL7 v2 Mapping"
"ImagingStudy","ImagingStudy","","","",0,*,"","","","null {[]} {[]}
","内視鏡を使用したDICOM画像検査に関する情報","DICOM画像研究で生成されたコンテンツの表現。 研究には、共通の文脈で収集または生成されたサービスオブジェクトペアインスタンス（SOPインスタンス - 画像またはその他のデータ）のセットで構成される一連のシリーズが含まれます。 シリーズは1つのモダリティのみ（X線、CT、MR、超音波など）、研究には複数の異なるモダリティのシリーズが含まれる場合があります。 / Representation of the content produced in a DICOM imaging study. A study comprises a set of series, each of which includes a set of Service-Object Pair Instances (SOP Instances - images or other data) acquired or produced in a common context.  A series is of only one modality (e.g. X-ray, CT, MR, ultrasound), but a study may have multiple series of different modalities.","","","","","","","","","",,,,,"",,,,"ImagingStudy",0,*,"","dom-2:もしリソースが他のリソースに含まれている場合、そのリソースにはネストされたリソースを含めてはなりません (moshi risōsu ga hoka no risōsu ni fukumarete iru baai, sono risōsu ni wa nesuto sareta risōsu o fukumete wa narimasen). / If the resource is contained in another resource, it SHALL NOT contain nested Resources {contained.contained.empty()}
dom-3:もしリソースが他のリソースに含まれている場合、それはリソースの他の場所から参照されるか、含まれるリソースに参照されるべきです。 / If the resource is contained in another resource, it SHALL be referred to from elsewhere in the resource or SHALL refer to the containing resource {contained.where(((id.exists() and ('#'+id in (%resource.descendants().reference | %resource.descendants().as(canonical) | %resource.descendants().as(uri) | %resource.descendants().as(url)))) or descendants().where(reference = '#').exists() or descendants().where(as(canonical) = '#').exists() or descendants().where(as(uri) = '#').exists()).not()).trace('unmatched', id).empty()}dom-4:もしリソースが別のリソースの中に含まれる場合、meta.versionIdまたはmeta.lastUpdatedを持つべきではありません。 / If a resource is contained in another resource, it SHALL NOT have a meta.versionId or a meta.lastUpdated {contained.meta.versionId.empty() and contained.meta.lastUpdated.empty()}dom-5:もしリソースが他のリソースに含まれている場合、セキュリティラベルを持つべきではありません。 / If a resource is contained in another resource, it SHALL NOT have a security label {contained.meta.security.empty()}dom-6:資源は堅牢な管理のために物語を持つべきである。 / A resource should have narrative for robust management {text.`div`.exists()}","Event","Entity. Role, or Act","Act[classCode=COMPOSITION, moodCode=EVN]","Reference IHE radiology TF vol 2 table 4.14-1","clinical.diagnostics"
"ImagingStudy.id","ImagingStudy.id","","","",0,1,"","","Y","id {[]} {[]}
","このアーティファクトの論理ID / Logical id of this artifact","リソースのURLで使用される論理ID。一度割り当てられたら、この値は変更されません。 / The logical id of the resource, as used in the URL for the resource. Once assigned, this value never changes.","リソースにIDがないのは、作成操作を使用してサーバーに送信されているときだけです。 / The only time that a resource does not have an id is when it is being submitted to the server using a create operation.","","","","","","","","",,,,,"",,,,"Resource.id",0,1,"",""
"ImagingStudy.meta","ImagingStudy.meta","","","",0,1,"","","Y","Meta {[]} {[]}
","リソースに関するMetadata / Metadata about the resource","リソースに関するMetadata。これはインフラストラクチャによって維持されるコンテンツです。 コンテンツの変更は、リソースのバージョン変更と常に関連しているわけではありません。 / The metadata about the resource. This is content that is maintained by the infrastructure. Changes to the content might not always be associated with version changes to the resource.","","","","","","","","","",,,,,"",,,,"Resource.meta",0,1,"","ele-1:すべてのFHIR要素は、@valueまたはchildrenを持っている必要があります。 / All FHIR elements must have a @value or children {hasValue() or (children().count() > id.count())}
"
"ImagingStudy.implicitRules","ImagingStudy.implicitRules","","","",0,1,"","Y","Y","uri {[]} {[]}
","このコンテンツが作成されたルールセット / A set of rules under which this content was created","リソース構築時に遵守された一連のルールを指すものであり、コンテンツを処理する際に理解する必要があります。しばしば、特別なルールを定義する実装ガイドとその他のプロファイルなどを含むものです。 / A reference to a set of rules that were followed when the resource was constructed, and which must be understood when processing the content. Often, this is a reference to an implementation guide that defines the special rules along with other profiles etc.","このルールセットを主張することで、取引先の限られた集団にしか内容を理解させることができず、長期的にはデータの有用性が制限されます。しかしながら、現存するヘルスエコシステムは高度に分断化しており、一般的に計算可能な形式でデータを定義、収集、交換する準備が整っていません。できる限り、実装者および/または仕様ライターはこの要素の使用を避けるべきです。使用する場合、URLは、そのナラティブとともに他のプロファイル、値セットなどを含む実装ガイドを定義する参照となります。 / Asserting this rule set restricts the content to be only understood by a limited set of trading partners. This inherently limits the usefulness of the data in the long term. However, the existing health eco-system is highly fractured, and not yet ready to define, collect, and exchange data in a generally computable sense. Wherever possible, implementers and/or specification writers should avoid using this element. Often, when used, the URL is a reference to an implementation guide that defines these special rules as part of it's narrative along with other profiles, value sets, etc.","","","","","","","","",,,,,"",,,,"Resource.implicitRules",0,1,"","ele-1:すべてのFHIR要素は、@valueまたはchildrenを持っている必要があります。 / All FHIR elements must have a @value or children {hasValue() or (children().count() > id.count())}
"
"ImagingStudy.language","ImagingStudy.language","","","",0,1,"","","","code {[]} {[]}
","リソースコンテンツの言語 / Language of the resource content","リソースが書かれている基本言語。 / The base language in which the resource is written.","言語はインデックスとアクセシビリティをサポートするために提供されます（通常、テキスト読み上げなどのサービスは言語タグを使用します）。物語のHTML言語タグは、物語に適用されます。リソース上の言語タグは、リソース内のデータから生成される他のプレゼンテーションの言語を指定するために使用できます。すべてのコンテンツが基本言語である必要はありません。Resource.languageは自動的に物語に適用されたと想定してはいけません。言語が指定されている場合、HTMLのdiv要素にも指定する必要があります（xml：langとhtml lang属性の関係に関する情報はHTML5の規則を参照）。 / Language is provided to support indexing and accessibility (typically, services such as text to speech use the language tag). The html language tag in the narrative applies  to the narrative. The language tag on the resource may be used to specify the language of other presentations generated from the data in the resource. Not all the content has to be in the base language. The Resource.language should not be assumed to apply to the narrative automatically. If a language is specified, it should it also be specified on the div element in the html (see rules in HTML5 for information about the relationship between xml:lang and the html lang attribute).","","","","","","","","",,"preferred","人間の言語。 / IETF language tag","http://hl7.org/fhir/ValueSet/languages|4.3.0","",,,,"Resource.language",0,1,"","ele-1:すべてのFHIR要素は、@valueまたはchildrenを持っている必要があります。 / All FHIR elements must have a @value or children {hasValue() or (children().count() > id.count())}
"
"ImagingStudy.text","ImagingStudy.text","","narrative
htmlxhtmldisplay","",0,1,"","","","Narrative {[]} {[]}
","人間の解釈のためのリソースのテキスト要約 / Text summary of the resource, for human interpretation","リソースの要約を含む人が読めるナビゲーションであり、リソースの内容を人に表現するために使用できます。ナビゲーションはすべての構造化されたデータをエンコードする必要はありませんが、人間がナビゲーションを読むだけで「臨床的に安全」であるために十分な詳細を含む必要があります。リソース定義には、臨床的な安全性を確保するためにナビゲーションで表現する必要があるコンテンツが定義される場合があります。 / A human-readable narrative that contains a summary of the resource and can be used to represent the content of the resource to a human. The narrative need not encode all the structured data, but is required to contain sufficient detail to make it ""clinically safe"" for a human to just read the narrative. Resource definitions may define what content should be represented in the narrative to ensure clinical safety.","含まれるリソースには説明がありません。含まれないリソースには説明が必要です。場合によっては、リソースが少量のデータしか含まず、テキストだけで表現されることがあります（minOccurs = 1要素がすべて満たされている限り）。これは、情報が「テキストの塊」としてキャプチャされるレガシーシステムからのデータや、テキストが生またはナレーションされて符号化された情報が後で追加される場合に必要な場合があります。 / Contained resources do not have narrative. Resources that are not contained SHOULD have a narrative. In some cases, a resource may only have text with little or no additional discrete data (as long as all minOccurs=1 elements are satisfied).  This may be necessary for data from legacy systems where information is captured as a ""text blob"" or where text is additionally entered raw or narrated and encoded information is added later.","","","","","","","","",,,,,"",,,,"DomainResource.text",0,1,"","ele-1:すべてのFHIR要素は、@valueまたはchildrenを持っている必要があります。 / All FHIR elements must have a @value or children {hasValue() or (children().count() > id.count())}
","Act.text?"
"ImagingStudy.contained","ImagingStudy.contained","","inline resources
anonymous resourcescontained resources","",0,*,"","","","Resource {[]} {[]}
","含まれている、インラインのリソース / Contained, inline Resources","これらのリソースは、それらを含むリソースから独立した存在を持ちません。それらは独立して識別することはできず、独自の独立したトランザクション範囲を持つこともできません。 / These resources do not have an independent existence apart from the resource that contains them - they cannot be identified independently, and nor can they have their own independent transaction scope.","コンテンツが適切に識別できる場合には、これを行うべきではありません。識別が失われると、再び復元することは非常に困難であり（文脈に依存します）、メタ要素にプロファイルとタグを持つことができますが、セキュリティのラベルを持っていてはいけません。 / This should never be done when the content can be identified properly, as once identification is lost, it is extremely difficult (and context dependent) to restore it again. Contained resources may have profiles and tags In their meta elements, but SHALL NOT have security labels.","","","","","","","","",,,,,"",,,,"DomainResource.contained",0,*,"","dom-r4b:R4リソース内に新しいR4Bリソースを含めると、インスタンスがR4システムと共有された場合に相互運用性の問題が発生する可能性があります / Containing new R4B resources within R4 resources may cause interoperability issues if instances are shared with R4 systems {($this is Citation or $this is Evidence or $this is EvidenceReport or $this is EvidenceVariable or $this is MedicinalProductDefinition or $this is PackagedProductDefinition or $this is AdministrableProductDefinition or $this is Ingredient or $this is ClinicalUseDefinition or $this is RegulatedAuthorization or $this is SubstanceDefinition or $this is SubscriptionStatus or $this is SubscriptionTopic) implies (%resource is Citation or %resource is Evidence or %resource is EvidenceReport or %resource is EvidenceVariable or %resource is MedicinalProductDefinition or %resource is PackagedProductDefinition or %resource is AdministrableProductDefinition or %resource is Ingredient or %resource is ClinicalUseDefinition or %resource is RegulatedAuthorization or %resource is SubstanceDefinition or %resource is SubscriptionStatus or %resource is SubscriptionTopic)}
","N/A"
"ImagingStudy.extension","ImagingStudy.extension","","extensions
user content","",0,*,"","","","Extension {[]} {[]}
","実装によって定義される追加コンテンツ / Additional content defined by implementations","リソースの基本的な定義の一部ではない追加情報を表すために使用することができます。拡張機能の使用を安全かつ管理可能にするために、定義と使用の一定のガバナンスが適用されます。実装者はどんな拡張機能でも定義できますが、拡張機能の定義の一部として満たす必要がある要件があります / May be used to represent additional information that is not part of the basic definition of the resource. To make the use of extensions safe and manageable, there is a strict set of governance  applied to the definition and use of extensions. Though any implementer can define an extension, there is a set of requirements that SHALL be met as part of the definition of the extension.","どのようなアプリケーション、プロジェクト、または標準が拡張機能を使用しているかに関わらず、拡張機能の使用には決して汚名が付くわけではありません - それらを使用または定義する機関または管轄区域に関係なく。拡張機能の使用こそが、FHIR仕様を誰にとっても簡単なコアレベルで維持することを可能にします。 / There can be no stigma associated with the use of extensions by any application, project, or standard - regardless of the institution or jurisdiction that uses or defines the extensions.  The use of extensions is what allows the FHIR specification to retain a core level of simplicity for everyone.","","","","","","","","",,,,,"",,,,"DomainResource.extension",0,*,"","ele-1:すべてのFHIR要素は、@valueまたはchildrenを持っている必要があります。 / All FHIR elements must have a @value or children {hasValue() or (children().count() > id.count())}
ext-1:extensionまたはvalue[x]のいずれかが必要です。両方ではありません。 / Must have either extensions or value[x], not both {extension.exists() != value.exists()}","N/A"
"ImagingStudy.modifierExtension","ImagingStudy.modifierExtension","","extensions
user content","",0,*,"","Y","","Extension {[]} {[]}
","無視できない拡張機能 / Extensions that cannot be ignored","リソースの基本的な定義に含まれない、要素の理解や、それを含む要素の子孫の理解を修正する追加情報を表すためにも使用されることがあります。通常、修飾要素は否定や修飾を提供します。拡張機能の使用を安全で管理しやすくするために、拡張機能の定義と使用に対して厳格な統治が適用されます。実装者は拡張機能を定義することが許可されていますが、拡張機能の定義の一部として満たす必要がある要件があります。リソースを処理するアプリケーションは、修飾子拡張をチェックする必要があります。修飾子拡張は、リソースまたはドメインリソースの任意の要素の意味を変更してはなりません（修飾子拡張自体の意味も変更できません）。 / May be used to represent additional information that is not part of the basic definition of the resource and that modifies the understanding of the element that contains it and/or the understanding of the containing element's descendants. Usually modifier elements provide negation or qualification. To make the use of extensions safe and manageable, there is a strict set of governance applied to the definition and use of extensions. Though any implementer is allowed to define an extension, there is a set of requirements that SHALL be met as part of the definition of the extension. Applications processing a resource are required to check for modifier extensions.

Modifier extensions SHALL NOT change the meaning of any elements on Resource or DomainResource (including cannot change the meaning of modifierExtension itself).","どのようなアプリケーション、プロジェクト、または標準が拡張機能を使用しているかに関わらず、拡張機能の使用には決して汚名が付くわけではありません - それらを使用または定義する機関または管轄区域に関係なく。拡張機能の使用こそが、FHIR仕様を誰にとっても簡単なコアレベルで維持することを可能にします。 / There can be no stigma associated with the use of extensions by any application, project, or standard - regardless of the institution or jurisdiction that uses or defines the extensions.  The use of extensions is what allows the FHIR specification to retain a core level of simplicity for everyone.","修飾子拡張により、安全に無視できない拡張を、安全に無視できる大多数の拡張と明確に区別することができます。これにより、実装者が拡張の存在を禁止する必要がなくなり、相互運用性が促進されます。詳細については、[修飾子拡張の定義](http://hl7.org/fhir/R4B/extensibility.html#modifierExtension)を参照してください。 / Modifier extensions allow for extensions that *cannot* be safely ignored to be clearly distinguished from the vast majority of extensions which can be safely ignored.  This promotes interoperability by eliminating the need for implementers to prohibit the presence of extensions. For further information, see the [definition of modifier extensions](http://hl7.org/fhir/R4B/extensibility.html#modifierExtension).","","","","","","","",,,,,"",,,,"DomainResource.modifierExtension",0,*,"","ele-1:すべてのFHIR要素は、@valueまたはchildrenを持っている必要があります。 / All FHIR elements must have a @value or children {hasValue() or (children().count() > id.count())}
ext-1:extensionまたはvalue[x]のいずれかが必要です。両方ではありません。 / Must have either extensions or value[x], not both {extension.exists() != value.exists()}","N/A"
"ImagingStudy.identifier","ImagingStudy.identifier","","StudyInstanceUID
AccessionNumber","",0,*,"Y","","Y","Identifier {[]} {[]}
","DICOM画像検査全体を一意に識別するためのID【詳細参照】","DICOM画像検査全体を一意に識別するためのID。","Study Instance UIDの値を指定する。","ImagingStudyに1つ以上のseries要素が存在する場合、1つのDICOM Study UID識別子が存在しなければならない（[DICOM PS 3.3 C.7.2](http://dicom.nema.org/medical/dicom/current/output/chtml/part03/sect_C.7.2.html)を参照）。 / If one or more series elements are present in the ImagingStudy, then there shall be one DICOM Study UID identifier (see [DICOM PS 3.3 C.7.2](http://dicom.nema.org/medical/dicom/current/output/chtml/part03/sect_C.7.2.html).","","","","","","","",,,,,"",,,,"ImagingStudy.identifier",0,*,"","ele-1:すべてのFHIR要素は、@valueまたはchildrenを持っている必要があります。 / All FHIR elements must have a @value or children {hasValue() or (children().count() > id.count())}
","Event.identifier",".id and .inboundRelationship[typeCode=COMP].source[classCode=ACSN, moodCode=EVN].id","StudyInstanceUID (0020,000D) | Accession Number and Issuer (0080,0050)+(0080,0051) | Study ID (0020,0010)","FiveWs.identifier"
"ImagingStudy.status","ImagingStudy.status","","","",1,1,"","Y","Y","code {[]} {[]}
","DICOM画像検査のステータス","DICOM画像検査のステータス。","不明」は「その他」を表すものではありません-定義された状態の1つが適用される必要があります。「不明」は、制作システムが現在の状態を確信できない場合に使用されます。 / Unknown does not represent ""other"" - one of the defined statuses must apply.  Unknown is used when the authoring system is not sure what the current status is.","","","","","","","","",,"required","ImagingStudyの状態。 / The status of the ImagingStudy.","http://hl7.org/fhir/ValueSet/imagingstudy-status|4.3.0","",,,,"ImagingStudy.status",1,1,"","ele-1:すべてのFHIR要素は、@valueまたはchildrenを持っている必要があります。 / All FHIR elements must have a @value or children {hasValue() or (children().count() > id.count())}
","Event.status",".status","FiveWs.status","Varies by domain"
"ImagingStudy.modality","ImagingStudy.modality","","ModalitiesInStudy
","",0,*,"","","Y","Coding {[]} {[]}
","DICOM画像検査で使用された撮影装置（モダリティ）【詳細参照】","DICOM画像検査で使用された撮影装置（モダリティ）。","内視鏡を表すモダリティコード”ES”を指定する。複数モダリティを使用した場合には、該当するモダリティコードを並記する。","","","","","","","","",,"required","","http://jpfhir.jp/fhir/core/ValueSet/JP_DICOMModality_VS","",,,,"ImagingStudy.modality",0,*,"","ele-1:すべてのFHIR要素は、@valueまたはchildrenを持っている必要があります。 / All FHIR elements must have a @value or children {hasValue() or (children().count() > id.count())}
",".code","(0008,0061)","FiveWs.class"
"ImagingStudy.subject","ImagingStudy.subject","","","",1,1,"Y","","Y","Reference {[]} {[CanonicalType[http://jpfhir.jp/fhir/core/StructureDefinition/JP_Patient]]}
","DICOM画像検査の対象患者に関する情報【詳細参照】","DICOM画像検査の対象患者に関する情報。","JP Core Patientリソースを参照する。","","","","","","","","",,,,,"",,,,"ImagingStudy.subject",1,1,"","ele-1:すべてのFHIR要素は、@valueまたはchildrenを持っている必要があります。 / All FHIR elements must have a @value or children {hasValue() or (children().count() > id.count())}
","Event.subject",".participation[typeCode=SBJ].role","(0010/*)","FiveWs.subject[x]","FiveWs.subject"
"ImagingStudy.encounter","ImagingStudy.encounter","","","",0,1,"","","Y","Reference {[]} {[CanonicalType[http://jpfhir.jp/fhir/core/StructureDefinition/JP_Encounter]]}
","このDICOM画像検査を実施するきっかけとなった情報【詳細参照】","このDICOM画像検査を実施するきっかけとなった情報。","JP Core Encounterリソースを参照する。","","","","","","","","",,,,,"",,,,"ImagingStudy.encounter",0,1,"","ele-1:すべてのFHIR要素は、@valueまたはchildrenを持っている必要があります。 / All FHIR elements must have a @value or children {hasValue() or (children().count() > id.count())}
","Event.encounter","inboundRelationship[typeCode=COMP].source[classCode=ENC, moodCode=EVN]","FiveWs.context"
"ImagingStudy.started","ImagingStudy.started","","StudyDate
StudyTime","",0,1,"","","Y","dateTime {[]} {[]}
","検査開始日時、もしくは撮影装置に患者情報が届いた/入力された日時","検査開始日時、もしくは撮影装置に患者情報が届いた/入力された日時。","","","","","","","<valueDateTime xmlns=""http://hl7.org/fhir"" value=""2011-01-01T11:01:20+03:00""/>","","",,,,,"",,,,"ImagingStudy.started",0,1,"","ele-1:すべてのFHIR要素は、@valueまたはchildrenを持っている必要があります。 / All FHIR elements must have a @value or children {hasValue() or (children().count() > id.count())}
","Event.occurrence[x]",".effectiveTime","(0008,0020)+(0008,0030)","FiveWs.init"
"ImagingStudy.basedOn","ImagingStudy.basedOn","","","",0,*,"","","Y","Reference {[]} {[CanonicalType[http://hl7.org/fhir/StructureDefinition/CarePlan|4.3.0], CanonicalType[http://hl7.org/fhir/StructureDefinition/ServiceRequest|4.3.0], CanonicalType[http://hl7.org/fhir/StructureDefinition/Appointment|4.3.0], CanonicalType[http://hl7.org/fhir/StructureDefinition/AppointmentResponse|4.3.0], CanonicalType[http://hl7.org/fhir/StructureDefinition/Task|4.3.0]]}
","他のシステムから依頼されたオーダ情報【詳細参照】","他のシステムから依頼されたオーダ情報。","通常、依頼元となるServiceRequestリソースを参照する。他のシステムと連携していない場合は参照不要。","グループ化されたプロシージャ（複数のオーダーされたプロシージャをサポートする1つの画像検査、例：胸部/腹部/骨盤CT）をサポートするため。 / To support grouped procedures (one imaging study supporting multiple ordered procedures, e.g. chest/abdomen/pelvis CT).","","","","","","","",,,,,"",,,,"ImagingStudy.basedOn",0,*,"","ele-1:すべてのFHIR要素は、@valueまたはchildrenを持っている必要があります。 / All FHIR elements must have a @value or children {hasValue() or (children().count() > id.count())}
","Event.basedOn",".outboundRelationship[typeCode=FLFS].target[classCode=DGIMG, moodCode=RQO]","(0032,1064)","FiveWs.cause"
"ImagingStudy.referrer","ImagingStudy.referrer","","ReferringPhysiciansName
","",0,1,"","","Y","Reference {[]} {[CanonicalType[http://jpfhir.jp/fhir/core/StructureDefinition/JP_Practitioner]]}
","依頼医師【詳細参照】","依頼医師。","ServiceRequestから参照できるため必須ではない。画像についていない情報を無理に生成してreferrerに入力する必要はない。使用する場合には、JP Core Practitionerリソースを参照する。","","","","","","","","",,,,,"",,,,"ImagingStudy.referrer",0,1,"","ele-1:すべてのFHIR要素は、@valueまたはchildrenを持っている必要があります。 / All FHIR elements must have a @value or children {hasValue() or (children().count() > id.count())}
",".outboundRelationship[typeCode=FLFS].target[classCode=DGIMG, moodCode=RQO].participation[typeCode=AUT].role","(0008,0090)+(0008,0096)","FiveWs.cause"
"ImagingStudy.interpreter","ImagingStudy.interpreter","","Name of Physician(s) Reading Study
","",0,*,"","","Y","Reference {[]} {[CanonicalType[http://jpfhir.jp/fhir/core/StructureDefinition/JP_Practitioner]]}
","画像を診断した医師【詳細参照】","画像を診断した医師。","通常、読影医。内視鏡では省略してよい。使用する場合には、JP Core Practitionerリソースを参照する。","","","","","","","","",,,,,"",,,,"ImagingStudy.interpreter",0,*,"","ele-1:すべてのFHIR要素は、@valueまたはchildrenを持っている必要があります。 / All FHIR elements must have a @value or children {hasValue() or (children().count() > id.count())}
",".participation[typeCode=PRF].role","(0008,1060)","FiveWs.witness"
"ImagingStudy.endpoint","ImagingStudy.endpoint","","","",0,*,"","","Y","Reference {[]} {[CanonicalType[http://hl7.org/fhir/StructureDefinition/Endpoint|4.3.0]]}
","このDICOM画像検査リソースが存在する位置【詳細参照】","このDICOM画像検査リソースが存在する位置。","基本的には1つ指定する。","スタディまたはスタディのシリーズやインスタンスの表示（例：IHEのIIDプロファイル）または取得（例：DICOMのWADO-URIおよびWADO-RS）のためのアクセス方法。スタディレベルのbaseLocationは、同じタイプのシリーズレベルのbaseLocationでシリーズ内でオーバーライドされない限り、スタディ内の各シリーズに適用される。 / Access methods for viewing (e.g., IHE’s IID profile) or retrieving (e.g., DICOM’s WADO-URI and WADO-RS) the study or the study’s series or instances. The study-level baseLocation applies to each series in the study, unless overridden in series by a series-level baseLocation of the same type.","","","","","","","",,,,,"",,,,"ImagingStudy.endpoint",0,*,"","ele-1:すべてのFHIR要素は、@valueまたはchildrenを持っている必要があります。 / All FHIR elements must have a @value or children {hasValue() or (children().count() > id.count())}
","Not supported"
"ImagingStudy.numberOfSeries","ImagingStudy.numberOfSeries","","NumberOfStudyRelatedSeries
","",0,1,"","","Y","unsignedInt {[]} {[]}
","このDICOM画像検査に含まれるシリーズ数","このDICOM画像検査に含まれるシリーズ数。","","","","","","","","","",,,,,"",,,,"ImagingStudy.numberOfSeries",0,1,"","ele-1:すべてのFHIR要素は、@valueまたはchildrenを持っている必要があります。 / All FHIR elements must have a @value or children {hasValue() or (children().count() > id.count())}
",".outboundRelationship[typeCode=COMP, subsetCode=SUMM].target[classCode=OBSSER, moodCode=EVN].repeatNumber","(0020,1206)"
"ImagingStudy.numberOfInstances","ImagingStudy.numberOfInstances","","NumberOfStudyRelatedInstances
","",0,1,"","","Y","unsignedInt {[]} {[]}
","このDICOM画像検査に含まれるイメージ（インスタンス）の数","このDICOM画像検査に含まれるイメージ（インスタンス）の数。","","","","","","","","","",,,,,"",,,,"ImagingStudy.numberOfInstances",0,1,"","ele-1:すべてのFHIR要素は、@valueまたはchildrenを持っている必要があります。 / All FHIR elements must have a @value or children {hasValue() or (children().count() > id.count())}
",".outboundRelationship[typeCode=COMP, subsetCode=SUMM].target[classCode=DGIMG, moodCode=EVN].repeatNumber","(0020,1208)"
"ImagingStudy.procedureReference","ImagingStudy.procedureReference","","","",0,1,"","","Y","Reference {[]} {[CanonicalType[http://jpfhir.jp/fhir/core/StructureDefinition/JP_Procedure]]}
","実施された処置に関する情報【詳細参照】","実施された処置に関する情報。","内視鏡では省略してよい。使用する場合には、JP Core Procedureを参照する。","","","","","","","","",,,,,"",,,,"ImagingStudy.procedureReference",0,1,"","ele-1:すべてのFHIR要素は、@valueまたはchildrenを持っている必要があります。 / All FHIR elements must have a @value or children {hasValue() or (children().count() > id.count())}
","Event.partOf",".outboundRelationship[typeCode=COMP].target[classCode=PROC, moodCode=EVN]","(0008,1032)"
"ImagingStudy.procedureCode","ImagingStudy.procedureCode","","ProcedureCodeSequence
","",0,*,"","","Y","CodeableConcept {[]} {[]}
","実施された処置を表すコード【詳細参照】","実施された処置を表すコード。","内視鏡では省略してよい。","","","","","","","","",,"required","","http://playbook.radlex.org/playbook/SearchRadlexAction","",,,,"ImagingStudy.procedureCode",0,*,"","ele-1:すべてのFHIR要素は、@valueまたはchildrenを持っている必要があります。 / All FHIR elements must have a @value or children {hasValue() or (children().count() > id.count())}
","Event.code",".outboundRelationship[typeCode=COMP].target[classCode=PROC, moodCode=EVN]","(0008,1032)"
"ImagingStudy.location","ImagingStudy.location","","","",0,1,"","","Y","Reference {[]} {[CanonicalType[http://jpfhir.jp/fhir/core/StructureDefinition/JP_Location]]}
","DICOM画像検査が実施された場所【詳細参照】","DICOM画像検査が実施された場所。","使用する場合には、JP Core Locationリソースを参照する。","イベントをレコードが保管されている可能性が高い場所に結びつけ、イベントの発生に関するコンテキスト（例：専用の医療施設の内外のいずれで発生したか）を提供する。 / Ties the event to where the records are likely kept and provides context around the event occurrence (e.g. if it occurred inside or outside a dedicated healthcare setting).","","","","","","","",,,,,"",,,,"ImagingStudy.location",0,1,"","ele-1:すべてのFHIR要素は、@valueまたはchildrenを持っている必要があります。 / All FHIR elements must have a @value or children {hasValue() or (children().count() > id.count())}
","Event.location",".participation[typeCode=LOC].role","(0008,1040) | (0040,0243)","FiveWs.where[x]","EVN.7"
"ImagingStudy.reasonCode","ImagingStudy.reasonCode","","","",0,*,"","","Y","CodeableConcept {[]} {[]}
","DICOM画像検査が依頼された理由を表す1つ以上のコード【詳細参照】","DICOM画像検査が依頼された理由を表す1つ以上のコード。","JED (Japan Endoscopy Database) Projectで定義されている検査種別については、JED基本情報用語の”検査目的”、”治療目的”のコードを使用することを強く推奨する。","","","","","","","","",,"example","","http://jpfhir.jp/fhir/core/ValueSet/JP_ReasonCodesJed_VS|2.0.0-dev","",,,,"ImagingStudy.reasonCode",0,*,"","ele-1:すべてのFHIR要素は、@valueまたはchildrenを持っている必要があります。 / All FHIR elements must have a @value or children {hasValue() or (children().count() > id.count())}
","Event.reasonCode",".reasonCode","(0040,1002)","FiveWs.why[x]"
"ImagingStudy.reasonReference","ImagingStudy.reasonReference","","","",0,*,"","","Y","Reference {[]} {[CanonicalType[http://jpfhir.jp/fhir/core/StructureDefinition/JP_DiagnosticReport_Endoscopy]]}
","DICOM画像検査の実施理由に関する情報【詳細参照】","DICOM画像検査の実施理由に関する情報。","使用する場合には、JP Core DiagnosticReport Endoscopyリソースを参照する。","","","","","","","","",,,,,"",,,,"ImagingStudy.reasonReference",0,*,"","ele-1:すべてのFHIR要素は、@valueまたはchildrenを持っている必要があります。 / All FHIR elements must have a @value or children {hasValue() or (children().count() > id.count())}
","Event.reasonReference",".outboundRelationship[typeCode=RSON].target","FiveWs.why[x]","EVN.4 or by domain"
"ImagingStudy.note","ImagingStudy.note","","","",0,*,"","","Y","Annotation {[]} {[]}
","description要素に関するコメント","description要素に関するコメント。","","","","","","","","","",,,,,"",,,,"ImagingStudy.note",0,*,"","ele-1:すべてのFHIR要素は、@valueまたはchildrenを持っている必要があります。 / All FHIR elements must have a @value or children {hasValue() or (children().count() > id.count())}
","Event.note","unknown"
"ImagingStudy.description","ImagingStudy.description","","StudyDescription
","",0,1,"","","Y","string {[]} {[]}
","DICOM画像検査に関する記述【詳細参照】","DICOM画像検査に関する記述。","JAHIS 内視鏡DICOM画像データ規約の(0008,1030)の記載例に合わせ、検査種別を記載することを推奨する。","","","","","","","","",,,,,"",,,,"ImagingStudy.description",0,1,"","ele-1:すべてのFHIR要素は、@valueまたはchildrenを持っている必要があります。 / All FHIR elements must have a @value or children {hasValue() or (children().count() > id.count())}
",".text","(0008,1030)"
"ImagingStudy.series","ImagingStudy.series","","","",0,*,"","","Y","BackboneElement {[]} {[]}
","DICOM画像検査に含まれるシリーズ（大まかな画像のグループ）","DICOM画像検査に含まれるシリーズ（大まかな画像のグループ）。","","","","","","","","","",,,,,"",,,,"ImagingStudy.series",0,*,"","ele-1:すべてのFHIR要素は、@valueまたはchildrenを持っている必要があります。 / All FHIR elements must have a @value or children unless an empty Parameters resource {hasValue() or (children().count() > id.count()) or $this is Parameters}
",".outboundRelationship[typeCode=COMP].target[classCode=OBSSER, moodCode=EVN]"
"ImagingStudy.series.id","ImagingStudy.series.id","","","",0,1,"","","","string {[]} {[]}
","エレメント相互参照のためのユニークID / Unique id for inter-element referencing","リソース内の要素の固有ID（内部参照用）。これは、スペースを含まない任意の文字列値である可能性があります。 / Unique id for the element within a resource (for internal references). This may be any string value that does not contain spaces.","","","","","","","","","",,,,,"",,,,"Element.id",0,1,"","","n/a"
"ImagingStudy.series.extension","ImagingStudy.series.extension","","extensions
user content","",0,*,"","","","Extension {[]} {[]}
","実装によって定義される追加コンテンツ / Additional content defined by implementations","要素の基本的な定義に含まれない追加情報を表すために使用されることがあります。拡張機能の使用を安全かつ管理しやすくするために、定義および使用に適用される厳格なガバナンスのセットがあります。実装者は拡張機能を定義できますが、拡張機能の定義の一部として満たす必要のある要件のセットがあります。 / May be used to represent additional information that is not part of the basic definition of the element. To make the use of extensions safe and manageable, there is a strict set of governance  applied to the definition and use of extensions. Though any implementer can define an extension, there is a set of requirements that SHALL be met as part of the definition of the extension.","どのようなアプリケーション、プロジェクト、または標準が拡張機能を使用しているかに関わらず、拡張機能の使用には決して汚名が付くわけではありません - それらを使用または定義する機関または管轄区域に関係なく。拡張機能の使用こそが、FHIR仕様を誰にとっても簡単なコアレベルで維持することを可能にします。 / There can be no stigma associated with the use of extensions by any application, project, or standard - regardless of the institution or jurisdiction that uses or defines the extensions.  The use of extensions is what allows the FHIR specification to retain a core level of simplicity for everyone.","","","","","","","","",,,,,"",,,,"Element.extension",0,*,"","ele-1:すべてのFHIR要素は、@valueまたはchildrenを持っている必要があります。 / All FHIR elements must have a @value or children {hasValue() or (children().count() > id.count())}
ext-1:extensionまたはvalue[x]のいずれかが必要です。両方ではありません。 / Must have either extensions or value[x], not both {extension.exists() != value.exists()}","n/a"
"ImagingStudy.series.modifierExtension","ImagingStudy.series.modifierExtension","","extensions
user contentmodifiers","",0,*,"","Y","Y","Extension {[]} {[]}
","認識されなくても無視できない拡張機能 / Extensions that cannot be ignored even if unrecognized","基本的な要素の定義に含まれない追加情報を表すために使用されることがあり、それによって、その要素自体または取り込んでいる要素の子孫の理解を修正する。修飾子要素は通常、否定または修飾を提供します。拡張機能の安全で管理しやすい使用を実現するために、定義および使用に厳しいガバナンスセットが適用されています。どの実装者でも拡張機能を定義できますが、拡張機能の定義の一部として満たす必要がある要件があります。リソースを処理するアプリケーションは、修飾子拡張子をチェックする必要があります。

修飾子拡張機能は、リソースまたはドメインリソースの任意の要素の意味を変更してはなりません（修飾子拡張自体の意味を変更することもできません）。 / May be used to represent additional information that is not part of the basic definition of the element and that modifies the understanding of the element in which it is contained and/or the understanding of the containing element's descendants. Usually modifier elements provide negation or qualification. To make the use of extensions safe and manageable, there is a strict set of governance applied to the definition and use of extensions. Though any implementer can define an extension, there is a set of requirements that SHALL be met as part of the definition of the extension. Applications processing a resource are required to check for modifier extensions.

Modifier extensions SHALL NOT change the meaning of any elements on Resource or DomainResource (including cannot change the meaning of modifierExtension itself).","どのようなアプリケーション、プロジェクト、または標準が拡張機能を使用しているかに関わらず、拡張機能の使用には決して汚名が付くわけではありません - それらを使用または定義する機関または管轄区域に関係なく。拡張機能の使用こそが、FHIR仕様を誰にとっても簡単なコアレベルで維持することを可能にします。 / There can be no stigma associated with the use of extensions by any application, project, or standard - regardless of the institution or jurisdiction that uses or defines the extensions.  The use of extensions is what allows the FHIR specification to retain a core level of simplicity for everyone.","修飾子拡張により、安全に無視できない拡張を、安全に無視できる大多数の拡張と明確に区別することができます。これにより、実装者が拡張の存在を禁止する必要がなくなり、相互運用性が促進されます。詳細については、[修飾子拡張の定義](http://hl7.org/fhir/R4B/extensibility.html#modifierExtension)を参照してください。 / Modifier extensions allow for extensions that *cannot* be safely ignored to be clearly distinguished from the vast majority of extensions which can be safely ignored.  This promotes interoperability by eliminating the need for implementers to prohibit the presence of extensions. For further information, see the [definition of modifier extensions](http://hl7.org/fhir/R4B/extensibility.html#modifierExtension).","","","","","","","",,,,,"",,,,"BackboneElement.modifierExtension",0,*,"","ele-1:すべてのFHIR要素は、@valueまたはchildrenを持っている必要があります。 / All FHIR elements must have a @value or children {hasValue() or (children().count() > id.count())}
ext-1:extensionまたはvalue[x]のいずれかが必要です。両方ではありません。 / Must have either extensions or value[x], not both {extension.exists() != value.exists()}","N/A"
"ImagingStudy.series.uid","ImagingStudy.series.uid","","SeriesInstanceUID
","",1,1,"","","Y","id {[]} {[]}
","シリーズを一意に識別するためのUID【詳細参照】","シリーズを一意に識別するためのUID。","Series Instance UID (0020,000E) の値を指定する。","DICOM Series Instance UID。 / DICOM Series Instance UID.","","","","","<valueId xmlns=""http://hl7.org/fhir"" value=""2.16.124.113543.6003.2588828330.45298.17418.2723805630""/>","","",,,,,"",,,,"ImagingStudy.series.uid",1,1,"","ele-1:すべてのFHIR要素は、@valueまたはchildrenを持っている必要があります。 / All FHIR elements must have a @value or children {hasValue() or (children().count() > id.count())}
",".id","(0020,000E)"
"ImagingStudy.series.number","ImagingStudy.series.number","","SeriesNumber
","",0,1,"","","Y","unsignedInt {[]} {[]}
","Series Instance UIDとは別に、ユーザー（または装置）が自由に決められるシリーズ番号","Series Instance UIDとは別に、ユーザー（または装置）が自由に決められるシリーズ番号。","","","","","","","<valueUnsignedInt xmlns=""http://hl7.org/fhir"" value=""3""/>","","",,,,,"",,,,"ImagingStudy.series.number",0,1,"","ele-1:すべてのFHIR要素は、@valueまたはchildrenを持っている必要があります。 / All FHIR elements must have a @value or children {hasValue() or (children().count() > id.count())}
",".inboundRelationship[type=COMP, source[classCode=COMPOSITION, moodCode=EVN]].sequenceNumber","(0020,0011)"
"ImagingStudy.series.modality","ImagingStudy.series.modality","","Modality
","",1,1,"Y","","Y","Coding {[]} {[]}
","このシリーズが取得された撮影装置（モダリティ）【詳細参照】","このシリーズが取得された撮影装置（モダリティ）。","内視鏡を表すモダリティコード”ES”を指定する。1シリーズ1モダリティで、1つのシリーズの中に複数のモダリティが混在することはない。","","","","","","","","",,"required","","http://jpfhir.jp/fhir/core/ValueSet/JP_DICOMModality_VS","",,,,"ImagingStudy.series.modality",1,1,"","ele-1:すべてのFHIR要素は、@valueまたはchildrenを持っている必要があります。 / All FHIR elements must have a @value or children {hasValue() or (children().count() > id.count())}
",".code","(0008,0060)"
"ImagingStudy.series.description","ImagingStudy.series.description","","SeriesDescription
","",0,1,"","","Y","string {[]} {[]}
","このシリーズに関する記述","このシリーズに関する記述。","","","","","","","<valueString xmlns=""http://hl7.org/fhir"" value=""CT Surview 180""/>","","",,,,,"",,,,"ImagingStudy.series.description",0,1,"","ele-1:すべてのFHIR要素は、@valueまたはchildrenを持っている必要があります。 / All FHIR elements must have a @value or children {hasValue() or (children().count() > id.count())}
",".text","(0008,103E)"
"ImagingStudy.series.numberOfInstances","ImagingStudy.series.numberOfInstances","","NumberOfSeriesRelatedInstances
","",0,1,"","","Y","unsignedInt {[]} {[]}
","このシリーズに含まれる画像枚数","このシリーズに含まれる画像枚数。","","","","","","","","","",,,,,"",,,,"ImagingStudy.series.numberOfInstances",0,1,"","ele-1:すべてのFHIR要素は、@valueまたはchildrenを持っている必要があります。 / All FHIR elements must have a @value or children {hasValue() or (children().count() > id.count())}
",".outboundRelationship[typeCode=COMP, subsetCode=SUMM].target[classCode=DGIMG, moodCode=EVN].repeatNumber","(0020,1209)"
"ImagingStudy.series.endpoint","ImagingStudy.series.endpoint","","","",0,*,"","","Y","Reference {[]} {[CanonicalType[http://hl7.org/fhir/StructureDefinition/Endpoint|4.3.0]]}
","このシリーズのリソースが存在する位置","このシリーズのリソースが存在する位置。","典型的なエンドポイントタイプには、レストフルAPIを使用してネイティブまたはレンダリング（例：JPG、PNG）形式のDICOMインスタンスを取得するために使用されるDICOM WADO-RSが含まれ、HTTPクエリベースのアプローチを使用して同様のネイティブまたはレンダリングインスタンスを取得することができるDICOM WADO-URIが含まれ、DICOM情報のRESTfulクエリを可能にするDICOM QIDO-RSが含まれます。 / Typical endpoint types include DICOM WADO-RS, which is used to retrieve DICOM instances in native or rendered (e.g., JPG, PNG) formats using a RESTful API; DICOM WADO-URI, which can similarly retrieve native or rendered instances, except using an HTTP query-based approach; and DICOM QIDO-RS, which allows RESTful query for DICOM information without retrieving the actual instances.","シリーズまたはシリーズのインスタンスの取得（例：DICOMのWADO-URIおよびWADO-RS）のためのアクセス方法。シリーズレベルで指定されたbaseLocationは、スタディレベルで指定された同じタイプのbaseLocationよりも優先される。 / Access methods for retrieving (e.g., DICOM’s WADO-URI and WADO-RS) the series or the series’ instances. A baseLocation specified at the series level has precedence over a baseLocation of the same type specified at the study level.","","","","","","","",,,,,"",,,,"ImagingStudy.series.endpoint",0,*,"","ele-1:すべてのFHIR要素は、@valueまたはchildrenを持っている必要があります。 / All FHIR elements must have a @value or children {hasValue() or (children().count() > id.count())}
","Not supported"
"ImagingStudy.series.bodySite","ImagingStudy.series.bodySite","","BodyPartExamined
","",0,1,"","","Y","Coding {[]} {[]}
","このシリーズの対象となる解剖学的部位【詳細参照】","このシリーズの対象となる解剖学的部位。","内視鏡では省略してよい。","","","","","","","","",,"example","解剖学的位置を記述するコード。左右対称性を含む場合があります。 / SNOMED CT Body site concepts","http://hl7.org/fhir/ValueSet/body-site|4.3.0","",,,,"ImagingStudy.series.bodySite",0,1,"","ele-1:すべてのFHIR要素は、@valueまたはchildrenを持っている必要があります。 / All FHIR elements must have a @value or children {hasValue() or (children().count() > id.count())}
",".targetSiteCode","(0018,0015)"
"ImagingStudy.series.laterality","ImagingStudy.series.laterality","","","",0,1,"","","Y","Coding {[]} {[]}
","解剖学的部位の左右【詳細参照】","解剖学的部位の左右。","内視鏡では省略してよい。","","","","","","","","",,"example","適用される部位の側性を示すコード（左側、右側など） / Codes describing body site laterality (left, right, etc.).","http://hl7.org/fhir/ValueSet/bodysite-laterality|4.3.0","",,,,"ImagingStudy.series.laterality",0,1,"","ele-1:すべてのFHIR要素は、@valueまたはchildrenを持っている必要があります。 / All FHIR elements must have a @value or children {hasValue() or (children().count() > id.count())}
",".targetSiteCode","(0020,0060)"
"ImagingStudy.series.specimen","ImagingStudy.series.specimen","","","",0,*,"","","Y","Reference {[]} {[CanonicalType[http://hl7.org/fhir/StructureDefinition/Specimen|4.3.0]]}
","このシリーズの検体に関する情報【詳細参照】","このシリーズの検体に関する情報。","内視鏡では省略してよい。","","","","","","","","",,,,,"",,,,"ImagingStudy.series.specimen",0,*,"","ele-1:すべてのFHIR要素は、@valueまたはchildrenを持っている必要があります。 / All FHIR elements must have a @value or children {hasValue() or (children().count() > id.count())}
","Role[classCode=SPEC]","(0040,0551) + (0040,0562)"
"ImagingStudy.series.started","ImagingStudy.series.started","","","",0,1,"","","Y","dateTime {[]} {[]}
","このシリーズの開始日時【詳細参照】","このシリーズの開始日時。","Series Date (0008,0021)、およびSeries Time (0008,0031)（いずれもType3）に値が入っていれば、その値を指定する。","","","","","","","","",,,,,"",,,,"ImagingStudy.series.started",0,1,"","ele-1:すべてのFHIR要素は、@valueまたはchildrenを持っている必要があります。 / All FHIR elements must have a @value or children {hasValue() or (children().count() > id.count())}
",".effectiveTime","(0008,0021) + (0008,0031)"
"ImagingStudy.series.performer","ImagingStudy.series.performer","","PerformingPhysicianName
OperatorName","",0,*,"","","Y","BackboneElement {[]} {[]}
","このシリーズの実施医【詳細参照】","このシリーズの実施医。","内視鏡では省略してよい。","スタディ内の各シリーズは異なる実施者によって異なる時間に異なるデバイスを使用して実施される可能性があるため、実施者はシリーズレベルで記録される。シリーズは複数の実施者によって実施される場合がある。 / The performer is recorded at the series level, since each series in a study may be performed by a different performer, at different times, and using different devices. A series may be performed by multiple performers.","","","","","","","",,,,,"",,,,"ImagingStudy.series.performer",0,*,"","ele-1:すべてのFHIR要素は、@valueまたはchildrenを持っている必要があります。 / All FHIR elements must have a @value or children unless an empty Parameters resource {hasValue() or (children().count() > id.count()) or $this is Parameters}
","Event.performer",".participation[typeCode=PRF].role","(0008, 1050) | (0008, 1052) | (0008, 1070) | (0008, 1072)"
"ImagingStudy.series.performer.id","ImagingStudy.series.performer.id","","","",0,1,"","","","string {[]} {[]}
","エレメント相互参照のためのユニークID / Unique id for inter-element referencing","リソース内の要素の固有ID（内部参照用）。これは、スペースを含まない任意の文字列値である可能性があります。 / Unique id for the element within a resource (for internal references). This may be any string value that does not contain spaces.","","","","","","","","","",,,,,"",,,,"Element.id",0,1,"","","n/a"
"ImagingStudy.series.performer.extension","ImagingStudy.series.performer.extension","","extensions
user content","",0,*,"","","","Extension {[]} {[]}
","実装によって定義される追加コンテンツ / Additional content defined by implementations","要素の基本的な定義に含まれない追加情報を表すために使用されることがあります。拡張機能の使用を安全かつ管理しやすくするために、定義および使用に適用される厳格なガバナンスのセットがあります。実装者は拡張機能を定義できますが、拡張機能の定義の一部として満たす必要のある要件のセットがあります。 / May be used to represent additional information that is not part of the basic definition of the element. To make the use of extensions safe and manageable, there is a strict set of governance  applied to the definition and use of extensions. Though any implementer can define an extension, there is a set of requirements that SHALL be met as part of the definition of the extension.","どのようなアプリケーション、プロジェクト、または標準が拡張機能を使用しているかに関わらず、拡張機能の使用には決して汚名が付くわけではありません - それらを使用または定義する機関または管轄区域に関係なく。拡張機能の使用こそが、FHIR仕様を誰にとっても簡単なコアレベルで維持することを可能にします。 / There can be no stigma associated with the use of extensions by any application, project, or standard - regardless of the institution or jurisdiction that uses or defines the extensions.  The use of extensions is what allows the FHIR specification to retain a core level of simplicity for everyone.","","","","","","","","",,,,,"",,,,"Element.extension",0,*,"","ele-1:すべてのFHIR要素は、@valueまたはchildrenを持っている必要があります。 / All FHIR elements must have a @value or children {hasValue() or (children().count() > id.count())}
ext-1:extensionまたはvalue[x]のいずれかが必要です。両方ではありません。 / Must have either extensions or value[x], not both {extension.exists() != value.exists()}","n/a"
"ImagingStudy.series.performer.modifierExtension","ImagingStudy.series.performer.modifierExtension","","extensions
user contentmodifiers","",0,*,"","Y","Y","Extension {[]} {[]}
","認識されなくても無視できない拡張機能 / Extensions that cannot be ignored even if unrecognized","基本的な要素の定義に含まれない追加情報を表すために使用されることがあり、それによって、その要素自体または取り込んでいる要素の子孫の理解を修正する。修飾子要素は通常、否定または修飾を提供します。拡張機能の安全で管理しやすい使用を実現するために、定義および使用に厳しいガバナンスセットが適用されています。どの実装者でも拡張機能を定義できますが、拡張機能の定義の一部として満たす必要がある要件があります。リソースを処理するアプリケーションは、修飾子拡張子をチェックする必要があります。

修飾子拡張機能は、リソースまたはドメインリソースの任意の要素の意味を変更してはなりません（修飾子拡張自体の意味を変更することもできません）。 / May be used to represent additional information that is not part of the basic definition of the element and that modifies the understanding of the element in which it is contained and/or the understanding of the containing element's descendants. Usually modifier elements provide negation or qualification. To make the use of extensions safe and manageable, there is a strict set of governance applied to the definition and use of extensions. Though any implementer can define an extension, there is a set of requirements that SHALL be met as part of the definition of the extension. Applications processing a resource are required to check for modifier extensions.

Modifier extensions SHALL NOT change the meaning of any elements on Resource or DomainResource (including cannot change the meaning of modifierExtension itself).","どのようなアプリケーション、プロジェクト、または標準が拡張機能を使用しているかに関わらず、拡張機能の使用には決して汚名が付くわけではありません - それらを使用または定義する機関または管轄区域に関係なく。拡張機能の使用こそが、FHIR仕様を誰にとっても簡単なコアレベルで維持することを可能にします。 / There can be no stigma associated with the use of extensions by any application, project, or standard - regardless of the institution or jurisdiction that uses or defines the extensions.  The use of extensions is what allows the FHIR specification to retain a core level of simplicity for everyone.","修飾子拡張により、安全に無視できない拡張を、安全に無視できる大多数の拡張と明確に区別することができます。これにより、実装者が拡張の存在を禁止する必要がなくなり、相互運用性が促進されます。詳細については、[修飾子拡張の定義](http://hl7.org/fhir/R4B/extensibility.html#modifierExtension)を参照してください。 / Modifier extensions allow for extensions that *cannot* be safely ignored to be clearly distinguished from the vast majority of extensions which can be safely ignored.  This promotes interoperability by eliminating the need for implementers to prohibit the presence of extensions. For further information, see the [definition of modifier extensions](http://hl7.org/fhir/R4B/extensibility.html#modifierExtension).","","","","","","","",,,,,"",,,,"BackboneElement.modifierExtension",0,*,"","ele-1:すべてのFHIR要素は、@valueまたはchildrenを持っている必要があります。 / All FHIR elements must have a @value or children {hasValue() or (children().count() > id.count())}
ext-1:extensionまたはvalue[x]のいずれかが必要です。両方ではありません。 / Must have either extensions or value[x], not both {extension.exists() != value.exists()}","N/A"
"ImagingStudy.series.performer.function","ImagingStudy.series.performer.function","","","",0,1,"","","Y","CodeableConcept {[]} {[]}
","このシリーズの実施医の役割【詳細参照】","このシリーズの実施医の役割。","内視鏡では省略してよい。","異なる実施者の関与タイプの曖昧さの解消を可能にする。 / Allows disambiguation of the types of involvement of different performers.","","","","","","","",,"extensible","パフォーマーの関与のタイプ / The type of involvement of the performer.","http://hl7.org/fhir/ValueSet/series-performer-function|4.3.0","",,,,"ImagingStudy.series.performer.function",0,1,"","ele-1:すべてのFHIR要素は、@valueまたはchildrenを持っている必要があります。 / All FHIR elements must have a @value or children {hasValue() or (children().count() > id.count())}
",".participation[typeCode=PRF].role"
"ImagingStudy.series.performer.actor","ImagingStudy.series.performer.actor","","","",1,1,"","","Y","Reference {[]} {[CanonicalType[http://hl7.org/fhir/StructureDefinition/Practitioner|4.3.0], CanonicalType[http://hl7.org/fhir/StructureDefinition/PractitionerRole|4.3.0], CanonicalType[http://hl7.org/fhir/StructureDefinition/Organization|4.3.0], CanonicalType[http://hl7.org/fhir/StructureDefinition/CareTeam|4.3.0], CanonicalType[http://hl7.org/fhir/StructureDefinition/Patient|4.3.0], CanonicalType[http://hl7.org/fhir/StructureDefinition/Device|4.3.0], CanonicalType[http://hl7.org/fhir/StructureDefinition/RelatedPerson|4.3.0]]}
","このシリーズの撮影者、もしくは組織【詳細参照】","このシリーズの撮影者、もしくは組織。","内視鏡では省略してよい。","","","","","","","","",,,,,"",,,,"ImagingStudy.series.performer.actor",1,1,"","ele-1:すべてのFHIR要素は、@valueまたはchildrenを持っている必要があります。 / All FHIR elements must have a @value or children {hasValue() or (children().count() > id.count())}
",".participation[typeCode=PRF].role[scoper.determinerCode=INSTANCE]","FiveWs.actor","EVN.5 or by domain"
"ImagingStudy.series.instance","ImagingStudy.series.instance","","","",0,*,"","","","BackboneElement {[]} {[]}
","シリーズに含まれるインスタンス（画像）単位の情報","シリーズに含まれるインスタンス（画像）単位の情報。","","","","","","","","","",,,,,"",,,,"ImagingStudy.series.instance",0,*,"","ele-1:すべてのFHIR要素は、@valueまたはchildrenを持っている必要があります。 / All FHIR elements must have a @value or children unless an empty Parameters resource {hasValue() or (children().count() > id.count()) or $this is Parameters}
",".outboundRelationship[typeCode=COMP].target[classCode=DGIMG, moodCode=EVN]"
"ImagingStudy.series.instance.id","ImagingStudy.series.instance.id","","","",0,1,"","","","string {[]} {[]}
","エレメント相互参照のためのユニークID / Unique id for inter-element referencing","リソース内の要素の固有ID（内部参照用）。これは、スペースを含まない任意の文字列値である可能性があります。 / Unique id for the element within a resource (for internal references). This may be any string value that does not contain spaces.","","","","","","","","","",,,,,"",,,,"Element.id",0,1,"","","n/a"
"ImagingStudy.series.instance.extension","ImagingStudy.series.instance.extension","","extensions
user content","",0,*,"","","","Extension {[]} {[]}
","実装によって定義される追加コンテンツ / Additional content defined by implementations","要素の基本的な定義に含まれない追加情報を表すために使用されることがあります。拡張機能の使用を安全かつ管理しやすくするために、定義および使用に適用される厳格なガバナンスのセットがあります。実装者は拡張機能を定義できますが、拡張機能の定義の一部として満たす必要のある要件のセットがあります。 / May be used to represent additional information that is not part of the basic definition of the element. To make the use of extensions safe and manageable, there is a strict set of governance  applied to the definition and use of extensions. Though any implementer can define an extension, there is a set of requirements that SHALL be met as part of the definition of the extension.","どのようなアプリケーション、プロジェクト、または標準が拡張機能を使用しているかに関わらず、拡張機能の使用には決して汚名が付くわけではありません - それらを使用または定義する機関または管轄区域に関係なく。拡張機能の使用こそが、FHIR仕様を誰にとっても簡単なコアレベルで維持することを可能にします。 / There can be no stigma associated with the use of extensions by any application, project, or standard - regardless of the institution or jurisdiction that uses or defines the extensions.  The use of extensions is what allows the FHIR specification to retain a core level of simplicity for everyone.","","","","","","","","",,,,,"",,,,"Element.extension",0,*,"","ele-1:すべてのFHIR要素は、@valueまたはchildrenを持っている必要があります。 / All FHIR elements must have a @value or children {hasValue() or (children().count() > id.count())}
ext-1:extensionまたはvalue[x]のいずれかが必要です。両方ではありません。 / Must have either extensions or value[x], not both {extension.exists() != value.exists()}","n/a"
"ImagingStudy.series.instance.modifierExtension","ImagingStudy.series.instance.modifierExtension","","extensions
user contentmodifiers","",0,*,"","Y","Y","Extension {[]} {[]}
","認識されなくても無視できない拡張機能 / Extensions that cannot be ignored even if unrecognized","基本的な要素の定義に含まれない追加情報を表すために使用されることがあり、それによって、その要素自体または取り込んでいる要素の子孫の理解を修正する。修飾子要素は通常、否定または修飾を提供します。拡張機能の安全で管理しやすい使用を実現するために、定義および使用に厳しいガバナンスセットが適用されています。どの実装者でも拡張機能を定義できますが、拡張機能の定義の一部として満たす必要がある要件があります。リソースを処理するアプリケーションは、修飾子拡張子をチェックする必要があります。

修飾子拡張機能は、リソースまたはドメインリソースの任意の要素の意味を変更してはなりません（修飾子拡張自体の意味を変更することもできません）。 / May be used to represent additional information that is not part of the basic definition of the element and that modifies the understanding of the element in which it is contained and/or the understanding of the containing element's descendants. Usually modifier elements provide negation or qualification. To make the use of extensions safe and manageable, there is a strict set of governance applied to the definition and use of extensions. Though any implementer can define an extension, there is a set of requirements that SHALL be met as part of the definition of the extension. Applications processing a resource are required to check for modifier extensions.

Modifier extensions SHALL NOT change the meaning of any elements on Resource or DomainResource (including cannot change the meaning of modifierExtension itself).","どのようなアプリケーション、プロジェクト、または標準が拡張機能を使用しているかに関わらず、拡張機能の使用には決して汚名が付くわけではありません - それらを使用または定義する機関または管轄区域に関係なく。拡張機能の使用こそが、FHIR仕様を誰にとっても簡単なコアレベルで維持することを可能にします。 / There can be no stigma associated with the use of extensions by any application, project, or standard - regardless of the institution or jurisdiction that uses or defines the extensions.  The use of extensions is what allows the FHIR specification to retain a core level of simplicity for everyone.","修飾子拡張により、安全に無視できない拡張を、安全に無視できる大多数の拡張と明確に区別することができます。これにより、実装者が拡張の存在を禁止する必要がなくなり、相互運用性が促進されます。詳細については、[修飾子拡張の定義](http://hl7.org/fhir/R4B/extensibility.html#modifierExtension)を参照してください。 / Modifier extensions allow for extensions that *cannot* be safely ignored to be clearly distinguished from the vast majority of extensions which can be safely ignored.  This promotes interoperability by eliminating the need for implementers to prohibit the presence of extensions. For further information, see the [definition of modifier extensions](http://hl7.org/fhir/R4B/extensibility.html#modifierExtension).","","","","","","","",,,,,"",,,,"BackboneElement.modifierExtension",0,*,"","ele-1:すべてのFHIR要素は、@valueまたはchildrenを持っている必要があります。 / All FHIR elements must have a @value or children {hasValue() or (children().count() > id.count())}
ext-1:extensionまたはvalue[x]のいずれかが必要です。両方ではありません。 / Must have either extensions or value[x], not both {extension.exists() != value.exists()}","N/A"
"ImagingStudy.series.instance.uid","ImagingStudy.series.instance.uid","","SOPInstanceUID
","",1,1,"Y","","","id {[]} {[]}
","インスタンス（画像）のユニークID【詳細参照】","インスタンス（画像）のユニークID。","SOP Instance UID (0008,0018) に入力されている値を指定する。","DICOM SOP Instance UID。 / DICOM SOP Instance UID.","","","","","<valueId xmlns=""http://hl7.org/fhir"" value=""2.16.124.113543.6003.189642796.63084.16748.2599092903""/>","","",,,,,"",,,,"ImagingStudy.series.instance.uid",1,1,"","ele-1:すべてのFHIR要素は、@valueまたはchildrenを持っている必要があります。 / All FHIR elements must have a @value or children {hasValue() or (children().count() > id.count())}
",".id","(0008,0018)"
"ImagingStudy.series.instance.sopClass","ImagingStudy.series.instance.sopClass","","SOPClassUID
","",1,1,"Y","","","Coding {[]} {[]}
","SOPクラスUID【詳細参照】","SOPクラスUID。","内視鏡では、主に以下の値が指定される。  
　VL Endoscopic Image Storage:1.2.840.10008.5.1.4.1.1.77.1.1  
　Secondary Capture Image Storage:1.2.840.10008.5.1.4.1.1.7","","","","","","","","",,"extensible","","http://hl7.org/fhir/uv/imaging-service-request-ig/ValueSet/dicom-sop-classes","",,,,"ImagingStudy.series.instance.sopClass",1,1,"","ele-1:すべてのFHIR要素は、@valueまたはchildrenを持っている必要があります。 / All FHIR elements must have a @value or children {hasValue() or (children().count() > id.count())}
",".inboundRelationship[typeCode=COMP]. source[classCode=OBS, moodCode=EVN, code=""sop class""].value","(0008,0016)"
"ImagingStudy.series.instance.number","ImagingStudy.series.instance.number","","InstanceNumber
","",0,1,"","","","unsignedInt {[]} {[]}
","SOP Instance UIDとは別に、ユーザー（または装置）が自由に決められるインスタンス（画像）ごとの番号【詳細参照】","SOP Instance UIDとは別に、ユーザー（または装置）が自由に決められるインスタンス（画像）ごとの番号。","Instance Number (0020,0013) に値が入っていた場合は、その値を指定する。","","","","","","<valueUnsignedInt xmlns=""http://hl7.org/fhir"" value=""1""/>","","",,,,,"",,,,"ImagingStudy.series.instance.number",0,1,"","ele-1:すべてのFHIR要素は、@valueまたはchildrenを持っている必要があります。 / All FHIR elements must have a @value or children {hasValue() or (children().count() > id.count())}
",".inboundRelationship[typeCode=COMP, source[classCode=OBSSER, moodCode=EVN]].sequenceNumber","(0020,0013)"
"ImagingStudy.series.instance.title","ImagingStudy.series.instance.title","","","",0,1,"","","","string {[]} {[]}
","画像に関する説明【詳細参照】","画像に関する説明。","部門システム側で説明を付ける場合は、その説明を指定してもよい。","","","","","","","","",,,,,"",,,,"ImagingStudy.series.instance.title",0,1,"","ele-1:すべてのFHIR要素は、@valueまたはchildrenを持っている必要があります。 / All FHIR elements must have a @value or children {hasValue() or (children().count() > id.count())}
",".title","(0008,0008) | (0007,0080) | (0040,A043) + (0008,0104) | (0042,0010)"
