{"resourceType":"SearchParameter","id":"jp-coverage-insuredpersonnumber-sp","url":"http://jpfhir.jp/fhir/core/SearchParameter/JP_Coverage_InsuredPersonNumber_SP","version":"2.0.0a","name":"JP_Coverage_InsuredPersonNumber_SP","status":"active","date":"2022-10-24","publisher":"FHIR Japanese implementation research working group in Japan Association of Medical Informatics (JAMI)","contact":[{"name":"FHIR Japanese implementation research working group in Japan Association of Medical Informatics (JAMI)","telecom":[{"system":"url","value":"http://jpfhir.jp"},{"system":"email","value":"office@hlfhir.jp"}]}],"description":"CoverageリソースのInsuredPersonNumber(健康保険における被保険者証番号)に関する検索を定義する。","jurisdiction":[{"coding":[{"system":"urn:iso:std:iso:3166","code":"JP"}]}],"code":"jp-insured-personnumber","base":["Coverage"],"type":"string","expression":"Coverage.extension.where(url='http://jpfhir.jp/fhir/core/Extension/StructureDefinition/JP_Coverage_InsuredPersonNumber').value.as(string)","xpathUsage":"normal","multipleOr":true,"_multipleOr":{"extension":[{"url":"http://hl7.org/fhir/StructureDefinition/capabilitystatement-expectation","valueCode":"MAY"}]},"multipleAnd":true,"_multipleAnd":{"extension":[{"url":"http://hl7.org/fhir/StructureDefinition/capabilitystatement-expectation","valueCode":"MAY"}]}}