{"resourceType":"ValueSet","id":"jp-procedure-reason-vs","text":{"status":"generated","div":"<div xmlns=\"http://www.w3.org/1999/xhtml\"><ul><li>Include all codes defined in <a href=\"CodeSystem-jp-undefined-cs.html\"><code>http://jpfhir.jp/fhir/core/CodeSystem/JP_Undefined_CS</code></a></li></ul></div>"},"url":"http://jpfhir.jp/fhir/core/ValueSet/JP_ProcedureReason_VS","version":"2.0.0-dev","name":"JP_ProcedureReason_VS","title":"JP Core Procedure Reason ValueSet","status":"active","experimental":false,"date":"2023-10-31","publisher":"FHIR Japanese implementation research working group in Japan Association of Medical Informatics (JAMI)","contact":[{"name":"FHIR Japanese implementation research working group in Japan Association of Medical Informatics (JAMI)","telecom":[{"system":"url","value":"http://jpfhir.jp"},{"system":"email","value":"office@hlfhir.jp"}]}],"description":"処置が実施された理由を示す値セット","jurisdiction":[{"coding":[{"system":"urn:iso:std:iso:3166","code":"JP"}]}],"copyright":"Copyright FHIR Japanese implementation research working group in Japan Association of Medical Informatics (JAMI) 一般社団法人日本医療情報学会NeXEHRS課題研究会FHIR日本実装検討WG","compose":{"include":[{"system":"http://jpfhir.jp/fhir/core/CodeSystem/JP_Undefined_CS"}]}}