{"resourceType":"ValueSet","id":"jp-condition-disease-modifier-medis-record-no-vs","text":{"status":"generated","div":"<div xmlns=\"http://www.w3.org/1999/xhtml\"><ul><li>Include all codes defined in <a href=\"https://simplifier.net/resolve?scope=jpfhir-terminology@1.1.1&amp;canonical=urn:oid:1.2.392.200119.4.201.2\"><code>urn:oid:1.2.392.200119.4.201.2</code></a></li></ul></div>"},"url":"http://jpfhir.jp/fhir/core/ValueSet/JP_ConditionDiseaseModifierMEDISRecordNo_VS","version":"2.0.0","name":"JP_ConditionDiseaseModifierMEDISRecordNo_VS","title":"JP Core Condition Disease Modifier MEDIS Record No ValueSet","status":"active","experimental":false,"date":"2023-08-05","publisher":"FHIR Japanese implementation research working group in Japan Association of Medical Informatics (JAMI)","contact":[{"name":"FHIR Japanese implementation research working group in Japan Association of Medical Informatics (JAMI)","telecom":[{"system":"url","value":"http://jpfhir.jp"},{"system":"email","value":"office@hlfhir.jp"}]}],"description":"MEDIS ICD10対応標準病名マスター(修飾語管理番号) を示す値セット","jurisdiction":[{"coding":[{"system":"urn:iso:std:iso:3166","code":"JP"}]}],"copyright":"Copyright FHIR Japanese implementation research working group in Japan Association of Medical Informatics (JAMI) 一般社団法人日本医療情報学会NeXEHRS課題研究会FHIR日本実装検討WG","compose":{"include":[{"system":"urn:oid:1.2.392.200119.4.201.2"}]}}