{"resourceType":"ValueSet","id":"jp-medication-code-hot9-vs","text":{"status":"generated","div":"<div xmlns=\"http://www.w3.org/1999/xhtml\"><ul><li>Include all codes defined in <code>urn:oid:1.2.392.200119.4.403.1</code></li></ul></div>"},"url":"http://jpfhir.jp/fhir/core/ValueSet/JP_MedicationCodeHOT9_VS","version":"2.0.0a","name":"JP_MedicationCodeHOT9_VS","title":"JP Core MedicationCode HOT9 ValueSet","status":"active","experimental":false,"date":"2022-10-24","publisher":"FHIR Japanese implementation research working group in Japan Association of Medical Informatics (JAMI)","contact":[{"name":"FHIR Japanese implementation research working group in Japan Association of Medical Informatics (JAMI)","telecom":[{"system":"url","value":"http://jpfhir.jp"},{"system":"email","value":"office@hlfhir.jp"}]}],"description":"医薬品HOT9コードの値セット","jurisdiction":[{"coding":[{"system":"urn:iso:std:iso:3166","code":"JP"}]}],"copyright":"Copyright  MEDIS-DC 医療情報システム開発センター","compose":{"include":[{"system":"urn:oid:1.2.392.200119.4.403.1"}]}}