Source File	Size	loadResources	load	generateSnapshots	load-configure	scan	loadDepInfo	loadInfo	checkR4R4B	generateNarratives	validate	loadLists	checkConformanceResources	checkConformanceResources2	checkConformanceResources3	generateLogicalMaps	validateExpressions	scanForUsageStats	checkURLsUnique	processProvenanceDetails	translate	generate1	generate2	generateLogicals	makeDependencies	generateExampleZip	generateValidationPack	scanProfilesForR5	scanExamplesForR5
/fsh-generated/resources/ImplementationGuide-jpfhir.jp.core.json	161009	-	0	0	0	0	0	0	47	111	0	0	0	0	0	0	0	3	0	0	58	534	434	0	0	0	29	0	2
fsh-generated/resources/AllergyIntolerance-jp-allergyintolerance-example-1.json	1189	5	0	0	0	0	0	0	0	69	0	0	0	0	0	0	0	0	0	0	5	21	17	0	0	0	0	0	0
fsh-generated/resources/CapabilityStatement-jp-client-capabilitystatement.json	128084	17	0	0	1	0	0	0	13	113	0	0	0	0	0	0	0	1	0	0	9	303	73	0	1	0	12	0	1
fsh-generated/resources/CapabilityStatement-jp-server-capabilitystatement.json	128075	19	0	0	0	0	0	0	11	83	0	0	0	0	0	0	0	0	0	0	8	285	91	0	1	0	8	0	1
fsh-generated/resources/CodeSystem-jp-chemotherapyregimen-regimentype-cs.json	647	5	0	0	0	0	0	0	1	10	0	0	1	0	0	0	0	0	0	0	5	17	412	0	0	0	0	0	0
fsh-generated/resources/CodeSystem-jp-condition-disease-code-icd10-cs.json	568	6	0	0	0	0	0	0	0	7	0	0	0	0	0	0	0	1	0	0	5	17	73	0	0	0	0	0	0
fsh-generated/resources/CodeSystem-jp-condition-disease-code-medis-exchange-cs.json	724	5	0	0	0	0	0	0	0	12	0	0	0	0	0	0	0	0	0	0	5	15	41	0	0	0	0	0	0
fsh-generated/resources/CodeSystem-jp-condition-disease-code-medis-record-no-cs.json	728	5	0	0	1	0	0	0	0	7	0	0	0	0	0	0	0	0	0	0	4	17	43	0	0	0	0	0	0
fsh-generated/resources/CodeSystem-jp-condition-disease-code-receipt-cs.json	656	5	0	0	0	0	0	0	0	6	0	0	0	0	0	0	0	0	0	0	5	15	34	0	0	0	1	0	0
fsh-generated/resources/CodeSystem-jp-condition-disease-modifier-medis-exchange-cs.json	791	5	0	0	0	0	0	0	0	6	0	0	0	0	0	0	0	0	0	0	4	18	33	0	0	0	0	0	0
fsh-generated/resources/CodeSystem-jp-condition-disease-modifier-medis-record-no-cs.json	796	5	0	0	0	0	0	0	1	7	0	0	0	0	0	0	0	0	0	0	3	16	32	0	0	0	0	0	0
fsh-generated/resources/CodeSystem-jp-condition-disease-modifier-receipt-cs.json	571	5	0	0	0	0	0	0	0	7	0	0	0	0	0	0	0	0	0	0	3	15	28	0	0	0	0	0	0
fsh-generated/resources/CodeSystem-jp-condition-disease-outcome-hl70241-cs.json	1014	5	0	0	0	0	1	0	0	7	0	0	0	0	0	0	0	0	0	0	3	18	35	0	0	0	0	0	0
fsh-generated/resources/CodeSystem-jp-condition-disease-outcome-jhsd0006-cs.json	933	5	0	0	0	0	0	0	0	7	0	0	0	0	0	0	0	0	0	0	3	17	28	0	0	0	1	0	0
fsh-generated/resources/CodeSystem-jp-condition-disease-outcome-receipt-cs.json	862	5	0	0	1	0	0	0	0	7	0	0	0	0	0	0	0	0	0	0	3	12	29	0	0	0	0	0	0
fsh-generated/resources/CodeSystem-jp-dental-bodysite-cs.json	9787	7	0	0	0	0	0	0	2	19	0	0	0	0	0	0	0	0	0	0	4	38	58	0	0	0	2	0	0
fsh-generated/resources/CodeSystem-jp-dental-bodysitestatus-cs.json	824	5	0	0	0	0	0	0	0	7	0	0	0	0	0	0	0	0	0	0	4	17	27	0	0	0	0	0	0
fsh-generated/resources/CodeSystem-jp-dental-fundamentalstatus-cs.json	915	5	0	0	0	0	0	0	0	7	0	0	0	0	0	0	0	0	0	0	3	18	26	0	0	0	0	0	0
fsh-generated/resources/CodeSystem-jp-dental-missingteeth-observation-cs.json	13953	4	0	0	1	0	0	0	2	15	0	0	0	0	0	0	0	0	0	0	5	58	66	0	0	0	3	0	0
fsh-generated/resources/CodeSystem-jp-dental-presentteeth-observation-cs.json	31684	5	0	0	0	0	0	0	3	32	0	0	0	0	0	0	0	0	0	0	10	94	125	0	0	0	8	0	1
fsh-generated/resources/CodeSystem-jp-dental-rootbodystructure-cs.json	1409	2	0	0	0	0	0	0	1	7	0	0	0	0	0	0	0	1	0	0	4	13	28	0	0	0	0	0	0
fsh-generated/resources/CodeSystem-jp-dental-simple-missingteeth-observation-cs.json	3372	3	0	0	0	0	0	0	0	8	0	0	0	0	0	0	0	0	0	0	4	18	30	0	0	0	1	0	0
fsh-generated/resources/CodeSystem-jp-dental-simple-presentteeth-observation-cs.json	3104	2	0	0	0	0	0	0	0	8	0	0	0	0	0	0	0	0	0	0	4	17	27	0	0	0	0	0	0
fsh-generated/resources/CodeSystem-jp-dental-surfacebodystructure-cs.json	1406	3	0	0	0	0	0	0	1	7	0	0	0	0	0	0	0	0	0	0	4	17	24	0	0	0	1	0	0
fsh-generated/resources/CodeSystem-jp-observation-bodymeasurement-code-cs.json	11534	3	0	0	1	0	0	0	1	17	0	0	0	0	0	0	0	0	0	0	6	52	48	0	0	0	2	0	0
fsh-generated/resources/CodeSystem-jp-observation-dental-category-cs.json	1104	2	0	0	0	0	0	0	1	8	0	0	0	0	0	0	0	0	0	0	5	12	24	0	0	0	0	0	0
fsh-generated/resources/CodeSystem-jp-observation-electrocardiogram-duration-cs.json	1254	3	0	0	0	0	0	0	0	7	0	0	0	0	0	0	0	0	0	0	5	12	22	0	0	0	0	0	0
fsh-generated/resources/CodeSystem-jp-observation-electrocardiogram-extracategory-cs.json	1817	2	0	0	0	0	0	0	0	7	0	0	0	0	0	0	0	0	0	0	5	14	24	0	0	0	1	0	0
fsh-generated/resources/CodeSystem-jp-observation-electrocardiogram-stresstype-cs.json	1916	3	0	0	0	0	0	0	1	8	0	0	0	0	0	0	0	0	0	0	5	14	22	0	0	0	0	0	0
fsh-generated/resources/CodeSystem-jp-physicalexamcode-cs.json	928	2	0	0	0	0	0	0	0	7	0	0	0	0	0	0	0	0	0	0	5	10	21	0	0	0	0	0	0
fsh-generated/resources/CodeSystem-jp-procedure-not-performed-reason-cs.json	1348	6	0	0	0	0	0	0	0	6	0	0	0	0	0	0	0	0	0	0	5	12	21	0	0	0	0	0	0
fsh-generated/resources/CodeSystem-jp-procedure-outcome-cs.json	1031	5	0	0	1	0	0	0	0	7	0	0	0	0	0	0	0	0	0	0	5	11	20	0	0	0	1	0	0
fsh-generated/resources/CodeSystem-jp-simpleobservationcategory-cs.json	4316	6	0	0	0	0	0	0	0	8	0	0	0	0	0	0	0	0	0	0	5	18	23	0	0	0	0	0	0
fsh-generated/resources/CodeSystem-jp-undefined-cs.json	525	3	0	0	0	0	0	0	1	6	0	0	0	0	0	0	0	0	0	0	4	10	19	0	0	0	0	0	0
fsh-generated/resources/Condition-jp-condition-diagnosis-example-1.json	3180	3	0	0	0	0	0	0	0	321	0	0	0	0	0	0	0	0	0	0	4	15	14	0	0	0	0	0	0
fsh-generated/resources/Condition-jp-condition-example-1.json	1398	3	0	0	0	0	0	0	0	15	0	0	0	0	0	0	0	0	0	0	3	11	11	0	0	0	0	0	0
fsh-generated/resources/Coverage-jp-coverage-example-1.json	1991	3	0	0	0	0	0	0	0	142	0	0	0	0	0	0	0	0	0	0	7	14	19	0	0	0	0	0	0
fsh-generated/resources/DiagnosticReport-jp-diagnosticreport-dentaloral-example-1.json	40991	5	0	0	0	0	0	0	1	5	0	0	0	0	0	0	0	0	0	0	3	72	46	0	0	0	0	0	0
fsh-generated/resources/DiagnosticReport-jp-diagnosticreport-dentaloral-example-2.json	40979	3	0	0	0	0	0	0	0	2	0	0	0	0	0	0	0	0	0	0	4	71	21	0	0	0	0	0	0
fsh-generated/resources/DiagnosticReport-jp-diagnosticreport-endoscopy-example-1.json	43398	2	0	0	0	0	0	0	0	1	0	0	0	0	0	0	0	0	0	0	3	71	20	0	0	0	0	0	0
fsh-generated/resources/DiagnosticReport-jp-diagnosticreport-endoscopy-example-2.json	44482	3	0	0	1	0	0	0	0	3	0	0	0	0	0	0	0	0	0	0	4	74	20	0	0	0	0	0	0
fsh-generated/resources/DiagnosticReport-jp-diagnosticreport-labresult-example-1.json	7261	4	0	0	0	0	0	0	1	22	0	0	0	0	0	0	0	0	0	0	4	33	36	0	0	0	0	0	0
fsh-generated/resources/DiagnosticReport-jp-diagnosticreport-microbiology-example-1.json	151588	8	0	0	0	0	0	0	5	0	0	0	0	0	0	0	0	1	0	0	5	197	97	0	0	0	0	0	0
fsh-generated/resources/DiagnosticReport-jp-diagnosticreport-radiology-example-1.json	184742	5	0	0	0	0	0	0	0	0	0	0	0	0	0	0	0	0	0	0	4	263	38	0	0	0	0	0	0
fsh-generated/resources/Encounter-jp-encounter-example-1.json	810	3	0	0	0	0	0	0	0	18	0	0	0	0	0	0	0	0	0	0	5	10	16	0	0	0	0	0	0
fsh-generated/resources/Endpoint-endpoint-dicom-wadors-example.json	603	4	0	0	0	0	0	0	0	74	0	0	0	0	0	0	0	0	0	0	4	12	12	0	0	0	0	0	0
fsh-generated/resources/FamilyMemberHistory-jp-familymemberhistory-example-1.json	833	2	0	0	0	0	0	0	1	25	0	0	0	0	0	0	0	0	0	0	4	10	14	0	0	0	0	0	0
fsh-generated/resources/ImagingStudy-jp-imagingstudy-endoscopy-example-1.json	2801	3	0	0	0	0	0	0	0	6	0	0	0	0	0	0	0	0	0	0	5	18	16	0	0	0	0	0	0
fsh-generated/resources/ImagingStudy-jp-imagingstudy-radiology-example-1.json	1322	3	0	0	0	0	0	0	0	4	0	0	0	0	0	0	0	0	0	0	4	13	11	0	0	0	0	0	0
fsh-generated/resources/Immunization-jp-immunization-example-1.json	2082	5	0	0	0	0	0	0	0	4	0	0	0	0	0	0	0	0	0	0	5	14	15	0	0	0	0	0	0
fsh-generated/resources/Location-jp-location-example-examinationroom.json	776	3	0	0	0	0	0	0	0	3	0	0	0	0	0	0	0	0	0	0	5	10	12	0	0	0	0	0	0
fsh-generated/resources/Location-jp-location-example-ope.json	1095	3	0	0	0	0	0	0	0	3	0	0	0	0	0	0	0	0	0	0	4	11	9	0	0	1	0	0	0
fsh-generated/resources/Location-jp-location-example-ward.json	795	2	0	0	0	0	0	0	1	2	0	0	0	0	0	0	0	0	0	0	5	10	8	0	0	0	0	0	0
fsh-generated/resources/Media-jp-media-endoscopy-example-1.json	1005	3	0	0	0	0	0	0	0	6	0	0	0	0	0	0	0	0	0	0	4	12	11	0	0	0	0	0	0
fsh-generated/resources/Medication-jp-medication-example-1.json	1607	2	0	0	1	0	0	0	0	2	0	0	0	0	0	0	0	0	0	0	3	11	12	0	0	0	0	0	0
fsh-generated/resources/Medication-jp-medication-example-2.json	1653	3	0	0	0	0	0	0	0	2	0	0	0	0	0	0	0	0	0	0	3	12	9	0	0	0	0	0	0
fsh-generated/resources/MedicationAdministration-jp-medicationadministration-example-1.json	3300	3	0	0	0	0	0	0	0	4	0	0	0	0	0	0	0	0	0	0	2	17	18	0	0	0	0	0	0
fsh-generated/resources/MedicationAdministration-jp-medicationadministration-example-2.json	2060	4	0	0	0	0	0	0	1	2	0	0	0	0	0	0	0	0	0	0	3	15	11	0	0	0	0	0	0
fsh-generated/resources/MedicationAdministration-jp-medicationadministration-injection-example-1.json	5861	7	0	0	0	0	0	0	0	6	0	0	0	0	0	0	0	0	0	0	3	29	16	0	0	0	0	0	0
fsh-generated/resources/MedicationAdministration-jp-medicationadministration-injection-example-2.json	7257	6	0	0	0	0	0	0	1	8	0	0	0	0	0	0	0	0	0	0	3	26	19	0	0	0	0	0	0
fsh-generated/resources/MedicationDispense-jp-medicationdispense-example-1.json	4379	6	0	0	0	0	0	0	0	7	0	0	0	0	0	0	0	0	0	0	2	20	19	0	0	0	0	0	0
fsh-generated/resources/MedicationDispense-jp-medicationdispense-injection-example-1.json	5558	6	0	0	0	0	0	0	1	6	0	0	0	0	0	0	0	0	0	0	3	22	16	0	0	0	0	0	0
fsh-generated/resources/MedicationRequest-jp-medicationrequest-department-example-01.json	2510	2	0	0	0	0	0	0	0	3	0	0	0	0	0	0	0	0	0	0	2	14	16	0	0	0	0	0	0
fsh-generated/resources/MedicationRequest-jp-medicationrequest-department-example-02.json	2451	3	0	0	0	0	0	0	0	3	0	0	0	0	0	0	0	0	0	0	2	14	12	0	0	0	0	0	0
fsh-generated/resources/MedicationRequest-jp-medicationrequest-example-1.json	3748	3	0	0	0	0	0	0	1	5	0	0	0	0	0	0	0	0	0	0	3	18	12	0	0	0	0	0	0
fsh-generated/resources/MedicationRequest-jp-medicationrequest-example-2.json	3661	3	0	0	0	0	0	0	0	5	0	0	0	0	0	0	0	0	0	0	2	16	12	0	0	0	0	0	0
fsh-generated/resources/MedicationRequest-jp-medicationrequest-injection-example-1.json	5936	6	0	0	0	0	0	0	1	6	0	0	0	0	0	0	0	0	0	0	3	23	14	0	0	0	0	0	0
fsh-generated/resources/MedicationRequest-jp-medicationrequest-injection-example-2.json	7891	7	0	0	1	0	0	0	0	6	0	0	0	0	0	0	0	0	0	0	3	25	15	0	0	0	0	0	1
fsh-generated/resources/MedicationStatement-jp-medicationstatement-example-1.json	2879	6	0	0	0	0	0	0	1	3	0	0	0	0	0	0	0	0	0	0	3	15	14	0	0	0	0	0	0
fsh-generated/resources/MedicationStatement-jp-medicationstatement-injection-example-1.json	7356	6	0	0	0	0	0	0	0	6	0	0	0	0	0	0	0	0	0	0	3	25	17	0	0	0	0	0	0
fsh-generated/resources/NamingSystem-jp-IdSystem-prescriptionDocumentID-namingsystem.json	397	5	10	0	0	0	0	0	1	9	62	0	0	0	0	0	0	0	0	0	2	15	9	0	0	0	1	0	0
fsh-generated/resources/NamingSystem-jp-clins-bundle-identifier.json	375	5	6	0	0	0	0	0	0	8	10	0	0	0	0	0	0	0	0	0	3	11	9	0	0	0	0	0	0
fsh-generated/resources/NamingSystem-jp-core-resourceInstance-identifier.json	420	5	3	0	0	0	0	0	0	7	10	0	0	0	0	0	0	0	0	0	2	12	9	0	0	0	0	0	0
fsh-generated/resources/NamingSystem-jp-department-ssmix-namingsystem.json	589	5	3	0	0	0	0	0	0	7	11	0	0	0	0	0	0	0	0	0	3	12	9	0	0	0	0	0	0
fsh-generated/resources/NamingSystem-jp-endoscopyterminology-codes-jed-ns.json	673	4	3	0	0	0	0	0	0	8	11	0	0	0	0	0	0	0	0	0	2	12	8	0	0	0	0	0	0
fsh-generated/resources/NamingSystem-jp-example-local-identifiersystem.json	1908	2	3	0	0	0	0	0	0	7	18	0	0	0	0	0	0	0	0	0	3	15	8	0	0	0	1	0	0
fsh-generated/resources/NamingSystem-jp-insurance-memberID-identifier.json	406	3	3	0	1	0	0	0	1	7	9	0	0	0	0	0	0	0	0	0	2	11	8	0	0	0	0	0	0
fsh-generated/resources/NamingSystem-jp-insured-person-number-namingsystem.json	631	3	2	0	0	0	0	0	0	7	10	0	0	0	0	0	0	1	0	0	3	12	8	0	0	0	0	0	0
fsh-generated/resources/NamingSystem-jp-insured-person-symbol-namingsystem.json	633	2	4	0	0	0	0	0	0	7	10	0	0	0	0	0	0	0	0	0	2	12	8	0	0	0	0	0	0
fsh-generated/resources/NamingSystem-jp-insuredpersoncategory-namingsystem.json	615	2	3	0	0	0	0	0	0	5	9	0	0	0	0	0	0	0	0	0	2	13	8	0	0	0	0	0	0
fsh-generated/resources/NamingSystem-jp-insurer-identifier.json	369	3	3	0	0	0	0	0	0	4	10	0	0	0	0	0	0	0	0	0	2	11	8	0	0	0	0	0	0
fsh-generated/resources/NamingSystem-jp-insurer-number-namingsystem.json	572	2	3	0	0	0	0	0	0	5	10	0	0	0	0	0	0	0	0	0	2	12	7	0	0	0	1	0	0
fsh-generated/resources/NamingSystem-jp-local-identifier-11311234567.json	403	2	2	0	0	0	0	0	1	4	15	0	0	0	0	0	0	0	0	0	1	11	8	0	0	0	0	0	0
fsh-generated/resources/NamingSystem-jp-local-patient-identifier-root.json	369	3	3	0	0	0	0	0	0	4	9	0	0	0	0	0	0	0	0	0	2	11	8	0	0	0	0	0	0
fsh-generated/resources/NamingSystem-jp-medical-institution-identifier.json	421	5	2	0	1	0	0	0	0	5	9	0	0	0	0	0	0	0	0	0	2	11	8	0	0	0	0	0	0
fsh-generated/resources/NamingSystem-jp-medical-organizationid-namingsystem.json	627	5	3	0	0	0	0	0	0	4	8	0	0	0	0	0	0	0	0	0	2	12	8	0	0	0	0	0	0
fsh-generated/resources/NamingSystem-jp-medical-registration-number-namingsystem.json	626	5	2	0	0	0	0	0	0	4	11	0	0	0	0	0	0	0	0	0	2	12	8	0	0	0	1	0	0
fsh-generated/resources/NamingSystem-jp-medicalfeescoretype-namingsystem.json	598	6	3	0	0	0	0	0	0	6	10	0	0	0	0	0	0	0	0	0	1	11	8	0	0	0	0	0	0
fsh-generated/resources/NamingSystem-jp-medication-rpgroup-number-namingsystem.json	609	5	3	0	0	0	0	0	1	4	10	0	0	0	0	0	0	0	0	0	2	13	8	0	0	0	0	0	0
fsh-generated/resources/NamingSystem-jp-medication-rpgruop-index-namingsystem.json	632	4	2	0	0	0	0	0	0	5	8	0	0	0	0	0	0	0	0	0	2	12	69	0	0	0	0	0	0
fsh-generated/resources/NamingSystem-jp-medicationbodysitejamiexternal-namingsystem.json	665	2	4	0	0	0	0	0	0	5	9	0	0	0	0	0	0	0	0	0	2	13	11	0	0	0	0	0	0
fsh-generated/resources/NamingSystem-jp-medicationcodecommon-namingsystem.json	615	2	3	0	0	0	0	0	0	4	9	0	0	0	0	0	0	0	0	0	1	11	8	0	0	0	0	0	0
fsh-generated/resources/NamingSystem-jp-medicationcodeyj-namingsystem.json	612	4	2	0	0	0	0	0	0	4	7	0	0	0	0	0	0	0	0	0	2	12	8	0	0	0	1	0	0
fsh-generated/resources/NamingSystem-jp-medicationingredientstrengthstrengthtype-namingsystem.json	665	2	3	0	1	0	0	0	0	5	7	0	0	0	0	0	0	0	0	0	2	12	8	0	0	0	0	0	0
fsh-generated/resources/NamingSystem-jp-medicationmethodjamibasicusage-namingsystem.json	661	2	2	0	0	0	0	0	1	4	7	0	0	0	0	0	0	0	0	0	1	12	8	0	0	0	0	0	0
fsh-generated/resources/NamingSystem-jp-medicationmethodjamidetailusage-namingsystem.json	743	3	3	0	0	0	0	0	0	5	8	0	0	0	0	0	0	0	0	0	2	11	7	0	0	0	0	0	0
fsh-generated/resources/NamingSystem-jp-medicationrequestdepartment-namingsystem.json	747	2	3	0	0	0	0	0	0	5	8	0	0	0	0	0	0	0	0	0	2	12	8	0	0	0	0	0	0
fsh-generated/resources/NamingSystem-jp-medicationroute-hl7-0162-namingsystem.json	761	2	2	0	0	0	0	0	0	4	9	0	0	0	0	0	0	0	0	0	1	12	8	0	0	0	1	0	0
fsh-generated/resources/NamingSystem-jp-medicationsubstitutionnotallowedreason-namingsystem.json	690	3	3	0	0	0	0	0	0	6	8	0	0	0	0	0	0	0	0	0	2	13	8	0	0	0	0	0	0
fsh-generated/resources/NamingSystem-jp-medicationunitmerit9-namingsystem.json	612	2	5	0	0	0	0	0	1	5	8	0	0	0	0	0	0	0	0	0	2	12	8	0	0	0	0	0	0
fsh-generated/resources/NamingSystem-jp-medicationusagejami-namingsystem.json	608	3	6	0	0	0	0	0	0	5	8	0	0	0	0	0	0	0	0	0	2	12	8	0	0	0	0	0	0
fsh-generated/resources/NamingSystem-jp-medicationusagejamiadditional-namingsystem.json	657	2	3	0	0	0	0	0	0	5	8	0	0	0	0	0	0	0	0	0	1	12	8	0	0	0	0	0	0
fsh-generated/resources/NamingSystem-jp-medis-master-disease-excode-namingsystem.json	634	2	5	0	1	0	0	0	0	4	7	0	0	0	0	0	0	0	0	0	2	12	8	0	0	0	1	0	0
fsh-generated/resources/NamingSystem-jp-medis-master-disease-keynumber-namingsystem.json	653	6	3	0	0	0	0	0	0	4	7	0	0	0	0	0	0	0	0	0	2	12	10	0	0	0	0	0	0
fsh-generated/resources/NamingSystem-jp-medis-master-disease-modExCode-namingsystem.json	649	3	3	0	0	0	0	0	1	5	9	0	0	0	0	0	0	0	0	0	2	11	9	0	0	0	0	0	0
fsh-generated/resources/NamingSystem-jp-medis-master-disease-modkeynumber-namingsystem.json	655	2	2	0	0	0	0	0	0	4	8	0	0	0	0	0	0	0	0	0	2	12	7	0	0	0	0	0	0
fsh-generated/resources/NamingSystem-jp-medis-master-nursingobservationkeycode-namingsystem.json	703	3	3	0	0	0	0	0	0	5	7	0	0	0	0	0	0	0	0	0	1	12	8	0	0	0	0	0	0
fsh-generated/resources/NamingSystem-jp-medis-medicationcodehot13-namingsystem.json	623	2	3	0	0	0	0	0	0	5	7	0	0	0	0	0	0	0	0	0	2	12	8	0	0	0	0	0	0
fsh-generated/resources/NamingSystem-jp-medis-medicationcodehot7-namingsystem.json	619	3	2	0	0	0	0	0	0	5	7	0	0	0	0	0	0	0	0	0	2	12	8	0	0	0	1	0	0
fsh-generated/resources/NamingSystem-jp-medis-medicationcodehot9-namingsystem.json	770	2	3	0	0	0	0	0	0	4	8	0	0	0	0	0	0	0	0	0	2	12	8	0	0	0	0	0	0
fsh-generated/resources/NamingSystem-jp-medis-observation-jlac10-namingsystem.json	635	2	3	0	1	0	0	0	0	6	6	0	0	0	0	0	0	0	0	0	2	12	9	0	0	0	0	0	0
fsh-generated/resources/NamingSystem-jp-microbiology-antimicrobialdrug-ns.json	812	3	2	0	0	0	0	0	0	5	7	0	0	0	0	0	0	0	0	0	1	13	8	0	0	0	0	0	0
fsh-generated/resources/NamingSystem-jp-microbiology-infectious-agent-ns.json	811	2	3	0	0	0	0	0	0	4	7	0	0	0	0	0	0	0	0	0	2	12	8	0	0	0	0	0	0
fsh-generated/resources/NamingSystem-jp-prefecture-IdSystem.json	4308	3	3	0	0	0	0	0	1	6	20	0	0	0	0	0	0	0	0	0	2	20	9	0	0	0	1	0	0
fsh-generated/resources/NamingSystem-jp-prefecturenumber-namingsystem.json	590	2	3	0	0	0	0	0	0	5	8	0	0	0	0	0	0	0	0	0	2	12	8	0	0	0	0	0	0
fsh-generated/resources/NamingSystem-jp-specimen.json	293	2	2	0	0	0	0	0	0	4	6	0	0	0	0	0	0	0	0	0	2	11	8	0	0	0	0	0	0
fsh-generated/resources/Observation-jp-observation-bodyMeasurement-example-1.json	1360	3	0	0	0	0	0	0	0	4	0	0	0	0	0	0	0	0	0	0	1	12	13	0	0	0	0	0	0
fsh-generated/resources/Observation-jp-observation-dentaloral-ecs-example.json	3728	3	0	0	0	0	0	0	1	2	0	0	0	0	0	0	0	0	0	0	2	14	11	0	0	0	0	0	0
fsh-generated/resources/Observation-jp-observation-dentaloral-missingtoothcondition-example-4.json	2162	2	0	0	0	0	0	0	0	1	0	0	0	0	0	0	0	0	0	0	2	13	11	0	0	0	0	0	0
fsh-generated/resources/Observation-jp-observation-dentaloral-missingtoothcondition-example-5.json	2162	3	0	0	0	0	0	0	0	2	0	0	0	0	0	0	0	0	0	0	2	13	10	0	0	0	0	0	0
fsh-generated/resources/Observation-jp-observation-dentaloral-missingtoothcondition-example-6.json	2162	2	0	0	1	0	0	0	0	2	0	0	0	0	0	0	0	0	0	0	1	14	11	0	0	0	0	0	0
fsh-generated/resources/Observation-jp-observation-dentaloral-toothexistence-example-1.json	2233	6	0	0	0	0	0	0	1	1	0	0	0	0	0	0	0	0	0	0	2	12	11	0	0	0	0	0	0
fsh-generated/resources/Observation-jp-observation-dentaloral-toothexistence-example-2.json	2227	6	0	0	0	0	0	0	0	2	0	0	0	0	0	0	0	0	0	0	2	13	11	0	0	0	0	0	0
fsh-generated/resources/Observation-jp-observation-dentaloral-toothexistence-example-3.json	2233	5	0	0	0	0	0	0	0	1	0	0	0	0	0	0	0	0	0	0	1	13	11	0	0	0	0	0	0
fsh-generated/resources/Observation-jp-observation-dentaloral-toothexistence-example-4.json	2231	5	0	0	0	0	0	0	0	2	0	0	0	0	0	0	0	0	0	0	2	13	11	0	0	0	0	0	0
fsh-generated/resources/Observation-jp-observation-dentaloral-toothexistence-example-5.json	2231	4	0	0	0	0	0	0	1	1	0	0	0	0	0	0	0	0	0	0	2	13	13	0	0	0	0	0	0
fsh-generated/resources/Observation-jp-observation-dentaloral-toothexistence-example-6.json	2231	5	0	0	0	0	0	0	0	1	0	0	0	0	0	0	0	0	0	0	2	19	11	0	0	0	0	0	0
fsh-generated/resources/Observation-jp-observation-dentaloral-toothtreatmentcondition-example-1.json	2553	3	0	0	0	0	0	0	0	2	0	0	0	0	0	0	0	0	0	0	2	15	12	0	0	0	0	0	0
fsh-generated/resources/Observation-jp-observation-dentaloral-toothtreatmentcondition-example-2.json	3101	3	0	0	0	0	0	0	0	1	0	0	0	0	0	0	0	0	0	0	3	20	10	0	0	0	0	0	0
fsh-generated/resources/Observation-jp-observation-dentaloral-toothtreatmentcondition-example-3.json	4325	2	0	0	1	0	0	0	1	2	0	0	0	0	0	0	0	0	0	0	4	15	11	0	0	0	0	0	0
fsh-generated/resources/Observation-jp-observation-electrocardiogram-example-1.json	5385	3	0	0	0	0	0	0	0	3	0	0	0	0	0	0	0	1	0	0	4	19	14	0	0	0	0	0	0
fsh-generated/resources/Observation-jp-observation-endoscopy-example-diagnosis-1.json	1727	3	0	0	0	0	0	0	1	2	0	0	0	0	0	0	0	0	0	0	5	13	12	0	0	0	0	0	0
fsh-generated/resources/Observation-jp-observation-endoscopy-example-diagnosis-2.json	1699	2	0	0	0	0	0	0	0	1	0	0	0	0	0	0	0	0	0	0	4	12	11	0	0	0	0	0	0
fsh-generated/resources/Observation-jp-observation-endoscopy-example-findings-1a.json	1437	3	0	0	0	0	0	0	0	2	0	0	0	0	0	0	0	0	0	0	3	11	11	0	0	0	0	0	0
fsh-generated/resources/Observation-jp-observation-endoscopy-example-findings-1b.json	1412	2	0	0	0	0	0	0	0	1	0	0	0	0	0	0	0	0	0	0	3	11	10	0	0	0	0	0	0
fsh-generated/resources/Observation-jp-observation-endoscopy-example-findings-2a.json	1437	3	0	0	0	0	0	0	0	2	0	0	0	0	0	0	0	0	0	0	4	12	11	0	0	0	0	0	0
fsh-generated/resources/Observation-jp-observation-endoscopy-example-findings-2b.json	1408	3	0	0	0	0	0	0	0	1	0	0	0	0	0	0	0	0	0	0	3	12	10	0	0	0	0	0	0
fsh-generated/resources/Observation-jp-observation-labresult-example-1.json	2645	2	0	0	0	0	0	0	1	21	0	0	0	0	0	0	0	0	0	0	3	17	14	0	0	0	0	0	0
fsh-generated/resources/Observation-jp-observation-physicalexam-example-1.json	1567	3	0	0	1	0	0	0	0	2	0	0	0	0	0	0	0	0	0	0	3	12	10	0	0	0	0	0	0
fsh-generated/resources/Observation-jp-observation-radiology-findings-example-1.json	1827	2	0	0	0	0	0	0	0	1	0	0	0	0	0	0	0	0	0	0	3	13	9	0	0	0	0	0	1
fsh-generated/resources/Observation-jp-observation-radiology-impression-example-1.json	1076	6	0	0	0	0	0	0	0	1	0	0	0	0	0	0	0	0	0	0	3	11	10	0	0	0	0	0	0
fsh-generated/resources/Observation-jp-observation-socialhistory-example-1.json	1912	5	0	0	0	0	0	0	0	1	0	0	0	0	0	0	0	0	0	0	3	12	9	0	0	0	0	0	0
fsh-generated/resources/Observation-jp-observation-vitalsigns-example-1.json	1407	4	0	0	0	0	0	0	1	2	0	0	0	0	0	0	0	0	0	0	2	12	10	0	0	0	0	0	0
fsh-generated/resources/Organization-jp-organization-department-example-01.json	1115	2	0	0	0	0	0	0	0	1	0	0	0	0	0	0	0	0	0	0	2	10	10	0	0	0	0	0	0
fsh-generated/resources/Organization-jp-organization-department-example-02.json	1139	3	0	0	0	0	0	0	0	0	0	0	0	0	0	0	0	0	0	0	3	11	10	0	0	0	0	0	0
fsh-generated/resources/Organization-jp-organization-department-example-03.json	862	2	0	0	0	0	0	0	0	0	0	0	0	0	0	0	0	0	0	0	2	10	8	0	0	0	0	0	0
fsh-generated/resources/Organization-jp-organization-example-clinic.json	1421	2	0	0	0	0	0	0	0	2	0	0	0	0	0	0	0	0	0	0	1	12	10	0	0	0	0	0	0
fsh-generated/resources/Organization-jp-organization-example-hospital.json	1414	3	0	0	0	0	0	0	0	0	0	0	0	0	0	0	0	0	0	0	2	11	8	0	0	0	0	0	0
fsh-generated/resources/Organization-jp-organization-example-inspection.json	595	2	0	0	0	0	0	0	0	0	0	0	0	0	0	0	0	0	0	0	2	10	7	0	0	0	0	0	0
fsh-generated/resources/Organization-jp-organization-example-payer.json	575	2	0	0	1	0	0	0	0	1	0	0	0	0	0	0	0	0	0	0	2	10	8	0	0	0	0	0	0
fsh-generated/resources/Patient-jp-patient-example-1.json	2000	3	0	0	0	0	0	0	0	1	0	0	0	0	0	0	0	0	0	0	1	13	13	0	0	0	0	0	0
fsh-generated/resources/Practitioner-jp-practitioner-example-female-1.json	1981	2	0	0	0	0	0	0	1	1	0	0	0	0	0	0	0	0	0	0	2	13	11	0	0	0	0	0	0
fsh-generated/resources/Practitioner-jp-practitioner-example-female-2.json	804	3	0	0	0	0	0	0	0	1	0	0	0	0	0	0	0	0	0	0	2	10	7	0	0	0	0	0	0
fsh-generated/resources/Practitioner-jp-practitioner-example-male-1.json	1235	2	0	0	0	0	0	0	0	1	0	0	0	0	0	0	0	0	0	0	1	11	8	0	0	0	0	0	0
fsh-generated/resources/Practitioner-jp-practitioner-example-male-2.json	791	6	0	0	0	0	0	0	0	0	0	0	0	0	0	0	0	0	0	0	2	9	8	0	0	0	0	0	0
fsh-generated/resources/PractitionerRole-jp-practitionerrole-example-1.json	1846	5	0	0	0	0	0	0	0	3	0	0	0	0	0	0	0	0	0	0	1	13	16	0	0	0	0	0	0
fsh-generated/resources/Procedure-jp-procedure-example-1.json	1126	5	0	0	0	0	0	0	0	1	0	0	0	0	0	0	0	0	0	0	2	11	12	0	0	0	0	0	0
fsh-generated/resources/SearchParameter-jp-coverage-insuredpersonnumber-sp.json	1240	6	0	0	0	0	0	0	1	6	0	0	0	0	0	0	0	0	0	0	1	12	8	0	0	0	1	0	0
fsh-generated/resources/SearchParameter-jp-coverage-insuredpersonsubnumber-sp.json	1270	5	0	0	0	0	0	0	0	4	0	0	0	0	0	0	0	0	0	0	2	12	7	0	0	0	0	0	0
fsh-generated/resources/SearchParameter-jp-coverage-insuredpersonsymbol-sp.json	1240	5	0	0	1	0	0	0	0	4	0	0	0	0	0	0	0	0	0	0	2	14	9	0	0	0	0	0	0
fsh-generated/resources/SearchParameter-jp-medicationrequest-start-sp.json	991	5	0	0	0	0	0	0	0	4	0	0	0	0	0	0	0	0	0	0	1	18	8	0	0	0	0	0	0
fsh-generated/resources/SearchParameter-jp-organization-insuranceorganizationcategory-sp.json	1318	2	0	0	0	0	0	0	0	4	0	0	0	0	0	0	0	0	0	0	2	12	8	0	0	0	0	0	0
fsh-generated/resources/SearchParameter-jp-organization-insuranceorganizationno-sp.json	1290	2	0	0	0	0	0	0	0	3	0	0	0	0	0	0	0	0	0	0	2	11	7	0	0	0	0	0	0
fsh-generated/resources/SearchParameter-jp-organization-prefectureno-sp.json	1198	3	0	0	0	0	0	0	0	5	0	0	0	0	0	0	0	0	0	0	1	11	8	0	0	0	1	0	0
fsh-generated/resources/SearchParameter-jp-patient-kanasort-sp.json	1370	2	0	0	0	0	0	0	1	3	0	0	0	0	0	0	0	0	0	0	2	12	8	0	0	0	0	0	0
fsh-generated/resources/ServiceRequest-jp-servicerequest-department-example-03.json	754	2	0	0	0	0	0	0	0	2	0	0	0	0	0	0	0	0	0	0	1	10	10	0	0	0	0	0	0
fsh-generated/resources/Specimen-jp-specimen-example-1.json	1075	3	0	0	0	0	0	0	0	1	0	0	0	0	0	0	0	0	0	0	2	12	13	0	0	0	0	0	0
fsh-generated/resources/Specimen-jp-specimen-example-2.json	1104	2	0	0	0	0	0	0	0	1	0	0	0	0	0	0	0	0	0	0	1	12	9	0	0	0	0	0	0
fsh-generated/resources/Specimen-jp-specimen-example-3.json	1103	2	0	0	0	0	0	0	0	1	0	0	0	0	0	0	0	0	0	0	2	12	10	0	0	0	0	0	0
fsh-generated/resources/StructureDefinition-JP-Binary.json	623	3	0	25	1	0	0	0	0	433	0	0	0	0	0	0	0	0	0	0	1	62	666	0	0	0	2	0	0
fsh-generated/resources/StructureDefinition-jp-activitydefinition-chemotherapyregimen-injection.json	1752	2	0	206	0	0	0	0	1	25	0	0	0	0	0	0	0	1	0	0	0	176	424	0	0	0	6	0	0
fsh-generated/resources/StructureDefinition-jp-activitydefinition-chemotherapyregimen-oral.json	1722	3	0	83	0	0	0	0	0	31	0	0	0	0	0	0	0	1	0	0	1	171	448	0	0	0	7	0	1
fsh-generated/resources/StructureDefinition-jp-allergyintolerance.json	16699	2	0	36	0	0	0	0	0	33	0	0	0	0	0	0	0	1	0	0	2	210	384	0	0	0	7	1	0
fsh-generated/resources/StructureDefinition-jp-careplan.json	7284	3	0	50	0	0	0	0	0	39	0	0	0	0	0	0	0	1	0	0	0	218	324	0	1	0	8	0	1
fsh-generated/resources/StructureDefinition-jp-common-department.json	4240	2	0	16	0	0	0	0	0	20	0	0	0	0	0	0	0	0	0	0	1	52	115	0	0	0	2	0	0
fsh-generated/resources/StructureDefinition-jp-condition-diagnosis.json	11589	3	0	133	0	0	0	0	1	59	0	0	1	0	0	0	0	2	0	0	1	294	961	0	0	0	9	0	0
fsh-generated/resources/StructureDefinition-jp-condition-disease-outcome.json	4688	3	0	20	0	0	0	0	0	31	0	0	0	0	0	0	0	0	0	0	1	150	176	0	0	0	4	0	1
fsh-generated/resources/StructureDefinition-jp-condition-disease-postfix-modifier.json	4901	3	0	21	0	0	0	0	0	24	0	0	0	0	0	0	0	1	0	0	0	132	193	0	0	0	3	0	0
fsh-generated/resources/StructureDefinition-jp-condition-disease-prefix-modifier.json	4905	2	0	17	0	0	0	0	0	25	0	0	0	0	0	0	0	0	0	0	1	131	177	0	0	0	4	0	0
fsh-generated/resources/StructureDefinition-jp-condition.json	10031	3	0	1	0	0	0	0	0	28	0	0	0	0	0	0	0	1	0	0	1	180	230	0	0	0	6	0	1
fsh-generated/resources/StructureDefinition-jp-consent.json	9476	2	0	38	0	0	0	0	0	35	0	0	0	0	0	0	0	1	0	0	1	214	267	0	1	0	7	0	0
fsh-generated/resources/StructureDefinition-jp-coverage-insuredpersonnumber.json	1580	3	0	14	0	0	0	0	0	11	0	0	0	0	0	0	0	0	0	0	1	34	76	0	0	0	1	0	0
fsh-generated/resources/StructureDefinition-jp-coverage-insuredpersonsubnumber.json	1783	2	0	17	1	0	0	0	0	11	0	0	0	0	0	0	0	0	0	0	0	34	165	0	0	0	1	0	0
fsh-generated/resources/StructureDefinition-jp-coverage-insuredpersonsymbol.json	1580	2	0	14	0	0	0	0	0	10	0	0	0	0	0	0	0	0	0	0	1	35	76	0	0	0	1	0	0
fsh-generated/resources/StructureDefinition-jp-coverage.json	38104	4	0	71	0	0	0	0	0	59	0	0	0	0	0	0	0	2	0	0	5	342	422	0	0	0	12	0	1
fsh-generated/resources/StructureDefinition-jp-device.json	625	2	0	48	0	0	0	0	0	28	0	0	1	0	0	0	0	1	0	0	0	175	216	0	0	0	6	0	0
fsh-generated/resources/StructureDefinition-jp-diagnosticreport-common.json	15178	3	0	33	0	0	0	0	1	28	0	0	0	0	0	0	0	1	0	0	1	187	235	0	0	0	7	0	0
fsh-generated/resources/StructureDefinition-jp-diagnosticreport-dentaloral.json	11603	3	0	35	0	0	0	0	0	36	0	0	0	0	0	0	0	1	0	0	1	230	274	0	0	0	8	0	1
fsh-generated/resources/StructureDefinition-jp-diagnosticreport-endoscopy.json	12730	4	0	42	0	0	0	0	0	33	0	0	0	0	0	0	0	1	0	0	2	219	341	0	0	0	9	1	0
fsh-generated/resources/StructureDefinition-jp-diagnosticreport-labresult.json	12413	2	0	46	0	0	0	0	0	42	0	0	0	0	0	0	0	1	0	0	1	331	450	0	0	0	9	0	1
fsh-generated/resources/StructureDefinition-jp-diagnosticreport-microbiology.json	8102	3	0	39	0	0	0	0	0	33	0	0	0	0	0	0	0	1	0	0	1	209	469	0	0	0	7	0	0
fsh-generated/resources/StructureDefinition-jp-diagnosticreport-radiology.json	23880	3	0	61	0	0	0	0	0	45	0	0	0	0	0	0	0	1	0	0	2	318	556	0	0	0	10	0	1
fsh-generated/resources/StructureDefinition-jp-documentreference.json	713	3	0	58	0	0	0	0	0	21	0	0	1	0	0	0	0	1	0	0	1	161	338	0	0	0	6	0	0
fsh-generated/resources/StructureDefinition-jp-encounter.json	11755	2	0	66	1	0	0	0	0	31	0	0	0	0	0	0	0	2	0	0	1	256	392	0	1	0	8	0	1
fsh-generated/resources/StructureDefinition-jp-familymemberhistory.json	2279	3	0	43	0	0	0	0	1	16	0	0	0	0	0	0	0	0	0	0	0	108	224	0	0	0	4	0	0
fsh-generated/resources/StructureDefinition-jp-humanname.json	2108	2	1	26	0	0	0	0	0	12	0	0	0	0	0	0	0	0	0	0	0	45	127	0	0	0	2	0	0
fsh-generated/resources/StructureDefinition-jp-imagingstudy-endoscopy.json	16900	3	0	53	0	0	0	0	0	33	0	0	0	0	0	0	0	2	0	0	2	253	412	0	0	0	8	0	1
fsh-generated/resources/StructureDefinition-jp-imagingstudy-radiology.json	31173	3	0	45	0	0	0	0	0	36	0	0	0	0	0	0	0	1	0	0	3	272	525	0	0	0	9	0	0
fsh-generated/resources/StructureDefinition-jp-immunization-certificateddate.json	1366	3	0	8	0	0	0	0	0	10	0	0	0	0	0	0	0	0	0	0	0	34	106	0	0	0	1	0	0
fsh-generated/resources/StructureDefinition-jp-immunization-duedateofnextdose.json	1389	2	0	7	0	0	0	0	0	9	0	0	0	0	0	0	0	0	0	0	0	33	106	0	0	0	1	0	0
fsh-generated/resources/StructureDefinition-jp-immunization-manufactureddate.json	1366	2	0	7	0	0	0	0	0	10	0	0	0	0	0	0	0	0	0	0	1	33	105	0	0	0	1	0	0
fsh-generated/resources/StructureDefinition-jp-immunization.json	12007	4	0	77	0	0	0	0	0	34	0	0	0	0	0	0	0	1	0	0	1	244	410	0	0	0	7	0	1
fsh-generated/resources/StructureDefinition-jp-location.json	14937	6	0	29	0	0	0	0	0	18	0	0	0	0	0	0	0	1	0	0	1	169	303	0	1	0	6	0	0
fsh-generated/resources/StructureDefinition-jp-media-endoscopy.json	9405	6	0	25	0	0	0	0	0	15	0	0	1	0	0	0	0	0	0	0	2	143	281	0	0	0	5	1	1
fsh-generated/resources/StructureDefinition-jp-medication-ingredient-drugno.json	1652	5	0	9	0	0	0	0	0	6	0	0	0	0	0	0	0	0	0	0	0	36	102	0	0	0	1	0	0
fsh-generated/resources/StructureDefinition-jp-medication-ingredientstrength-strengthtype.json	1775	6	0	8	1	0	0	0	0	9	0	0	0	0	0	0	0	1	0	0	0	35	102	0	0	0	1	0	0
fsh-generated/resources/StructureDefinition-jp-medication.json	13238	5	0	35	0	0	0	0	0	34	0	0	0	0	0	0	0	0	0	0	1	174	236	0	0	0	5	0	0
fsh-generated/resources/StructureDefinition-jp-medicationadministration-injection.json	16902	7	0	171	0	0	0	0	1	55	0	0	0	0	0	0	0	2	0	0	1	363	440	0	0	0	12	0	1
fsh-generated/resources/StructureDefinition-jp-medicationadministration-location.json	1655	5	0	7	0	0	0	0	0	10	0	0	0	0	0	0	0	0	0	0	1	34	80	0	0	0	1	0	0
fsh-generated/resources/StructureDefinition-jp-medicationadministration-requestauthoredon.json	1474	3	0	4	0	0	0	0	0	10	0	0	0	0	0	0	0	0	0	0	0	34	105	0	0	0	1	0	0
fsh-generated/resources/StructureDefinition-jp-medicationadministration-requestdepartment.json	1622	3	0	4	0	0	0	0	0	9	0	0	0	0	0	0	0	0	0	0	0	35	103	0	0	0	1	0	0
fsh-generated/resources/StructureDefinition-jp-medicationadministration-requester.json	1624	2	0	3	0	0	0	0	0	9	0	0	0	0	0	0	0	0	0	0	0	34	89	0	0	0	1	0	0
fsh-generated/resources/StructureDefinition-jp-medicationadministration-uncategorizedcomment.json	2555	3	0	4	0	0	0	0	0	11	0	0	0	0	0	0	0	1	0	0	1	48	162	0	0	0	1	0	0
fsh-generated/resources/StructureDefinition-jp-medicationadministration.json	20110	3	0	36	0	0	0	0	1	39	0	0	0	0	0	0	0	1	0	0	1	330	422	0	0	0	11	0	1
fsh-generated/resources/StructureDefinition-jp-medicationadministrationBase.json	11073	2	0	1	0	0	0	0	0	30	0	0	0	0	0	0	0	1	0	0	1	226	219	0	1	0	8	0	0
fsh-generated/resources/StructureDefinition-jp-medicationdispense-injection.json	2496	3	0	51	0	0	0	0	0	23	0	0	1	0	0	0	0	2	0	0	0	167	233	0	0	0	6	0	1
fsh-generated/resources/StructureDefinition-jp-medicationdispense-preparation.json	2530	2	0	5	0	0	0	0	0	12	0	0	0	0	0	0	0	0	0	0	1	49	109	0	0	0	1	0	0
fsh-generated/resources/StructureDefinition-jp-medicationdispense.json	3770	3	0	17	1	0	0	0	0	97	0	0	0	0	0	0	0	1	0	0	0	200	256	0	0	0	6	0	0
fsh-generated/resources/StructureDefinition-jp-medicationdispensebase.json	25623	3	0	1	0	0	0	0	0	35	0	0	0	0	0	0	0	1	0	0	2	279	275	0	0	0	10	0	1
fsh-generated/resources/StructureDefinition-jp-medicationdosage-device.json	1546	2	0	4	0	0	0	0	0	10	0	0	0	0	0	0	0	0	0	0	0	35	73	0	0	0	1	0	0
fsh-generated/resources/StructureDefinition-jp-medicationdosage-dosagecomment.json	2539	3	0	5	0	0	0	0	1	10	0	0	0	0	0	0	0	0	0	0	0	51	76	0	0	0	1	0	0
fsh-generated/resources/StructureDefinition-jp-medicationdosage-injection.json	9421	2	0	28	0	0	0	0	0	34	0	0	0	0	0	0	0	2	0	0	1	270	305	0	0	0	9	1	1
fsh-generated/resources/StructureDefinition-jp-medicationdosage-line.json	1625	3	0	5	0	0	0	0	0	6	0	0	0	0	0	0	0	0	0	0	0	35	69	0	0	0	1	0	0
fsh-generated/resources/StructureDefinition-jp-medicationdosage-linecomment.json	2527	2	0	4	0	0	0	0	0	6	0	0	0	0	0	0	0	0	0	0	0	49	75	0	0	0	1	0	0
fsh-generated/resources/StructureDefinition-jp-medicationdosage-methodcomment.json	2559	3	0	6	0	0	0	0	0	9	0	0	0	0	0	0	0	0	0	0	1	49	74	0	0	0	1	0	0
fsh-generated/resources/StructureDefinition-jp-medicationdosage-periodofuse.json	1923	2	0	7	0	0	0	0	0	6	0	0	0	0	0	0	0	0	0	0	0	43	75	0	0	0	1	0	0
fsh-generated/resources/StructureDefinition-jp-medicationdosage-ratecomment.json	2563	3	0	4	0	0	0	0	0	6	0	0	0	0	0	0	0	1	0	0	0	49	73	0	0	0	2	0	0
fsh-generated/resources/StructureDefinition-jp-medicationdosage-routecomment.json	2569	2	0	6	0	0	0	0	0	6	0	0	0	0	0	0	0	0	0	0	1	50	74	0	0	0	1	0	0
fsh-generated/resources/StructureDefinition-jp-medicationdosage-sitecomment.json	2561	3	0	5	0	0	0	0	0	6	0	0	0	0	0	0	0	0	0	0	0	49	75	0	1	0	1	0	0
fsh-generated/resources/StructureDefinition-jp-medicationdosage-usageduration.json	2982	5	0	6	1	0	0	0	0	7	0	0	0	0	0	0	0	0	0	0	0	62	120	0	0	0	2	0	0
fsh-generated/resources/StructureDefinition-jp-medicationdosage.json	7493	6	0	14	0	0	0	0	0	22	0	0	1	0	0	0	0	1	0	0	1	232	231	0	0	0	7	0	1
fsh-generated/resources/StructureDefinition-jp-medicationdosagebase.json	13861	6	0	1	0	0	0	0	0	20	0	0	0	0	0	0	0	1	0	0	1	179	208	0	0	0	6	0	0
fsh-generated/resources/StructureDefinition-jp-medicationquantity.json	4102	5	0	5	0	0	0	0	0	7	0	0	0	0	0	0	0	0	0	0	1	49	94	0	0	0	2	0	0
fsh-generated/resources/StructureDefinition-jp-medicationrange-unitoftime.json	2748	6	0	6	0	0	0	0	0	13	0	0	0	0	0	0	0	1	0	0	0	82	127	0	0	0	2	0	0
fsh-generated/resources/StructureDefinition-jp-medicationrange.json	1618	3	0	5	0	0	0	0	0	6	0	0	0	0	0	0	0	0	0	0	1	33	83	0	0	0	1	0	1
fsh-generated/resources/StructureDefinition-jp-medicationratio-amount.json	1717	2	0	5	0	0	0	0	0	5	0	0	0	0	0	0	0	0	0	0	0	32	70	0	0	0	1	0	0
fsh-generated/resources/StructureDefinition-jp-medicationratio-doseperday.json	1783	2	0	13	0	0	0	0	0	7	0	0	0	0	0	0	0	0	0	0	0	68	107	0	0	0	2	0	0
fsh-generated/resources/StructureDefinition-jp-medicationratio-doseperperiod.json	2606	3	0	0	0	0	0	0	0	7	0	0	0	0	0	0	0	1	0	0	1	75	105	0	0	0	2	0	0
fsh-generated/resources/StructureDefinition-jp-medicationrequest-dispenserequest-expectedrepeatcount.json	1715	2	0	6	0	0	0	0	0	5	0	0	0	0	0	0	0	0	0	0	0	34	67	0	0	0	1	0	0
fsh-generated/resources/StructureDefinition-jp-medicationrequest-dispenserequest-instructionfordispense.json	1960	3	0	7	0	0	0	0	0	6	0	0	0	0	0	0	0	0	0	0	0	47	75	0	0	0	1	0	0
fsh-generated/resources/StructureDefinition-jp-medicationrequest-injection.json	47186	3	0	51	1	0	0	0	1	51	0	0	0	0	0	0	0	2	0	0	4	448	497	0	1	0	16	0	1
fsh-generated/resources/StructureDefinition-jp-medicationrequest.json	48560	4	0	52	0	0	0	0	0	53	0	0	0	0	0	0	0	2	0	0	3	476	430	0	1	0	16	0	1
fsh-generated/resources/StructureDefinition-jp-medicationsimplequantity.json	3420	2	0	5	0	0	0	0	0	11	0	0	0	0	0	0	0	0	0	0	0	46	88	0	0	0	2	0	0
fsh-generated/resources/StructureDefinition-jp-medicationstatement-injection.json	12361	3	0	52	0	0	0	0	0	36	0	0	1	0	0	0	0	2	0	0	1	341	342	0	0	0	12	0	1
fsh-generated/resources/StructureDefinition-jp-medicationstatement.json	11909	2	0	19	0	0	0	0	0	21	0	0	0	0	0	0	0	1	0	0	1	159	183	0	0	0	5	0	0
fsh-generated/resources/StructureDefinition-jp-medicationtiming.json	10732	3	0	7	0	0	0	0	0	17	0	0	0	0	0	0	0	0	0	0	1	117	129	0	0	0	4	0	0
fsh-generated/resources/StructureDefinition-jp-observation-bodymeasurement.json	5123	2	0	52	0	0	0	0	0	29	0	0	0	0	0	0	0	2	0	0	1	285	333	0	0	0	9	0	1
fsh-generated/resources/StructureDefinition-jp-observation-common.json	22339	3	0	1	0	0	0	0	1	32	0	0	0	0	0	0	0	1	0	0	1	270	349	0	1	0	9	0	0
fsh-generated/resources/StructureDefinition-jp-observation-dentaloral-bodysitestatus.json	1677	4	0	6	0	0	0	0	0	10	0	0	0	0	0	0	0	0	0	0	0	36	68	0	0	0	2	0	0
fsh-generated/resources/StructureDefinition-jp-observation-dentaloral-bodystructure-ecs.json	8400	6	0	18	0	0	0	0	0	37	0	0	0	0	0	0	0	1	0	0	1	218	184	0	0	0	5	0	1
fsh-generated/resources/StructureDefinition-jp-observation-dentaloral-ecs.json	17147	7	0	58	1	0	0	0	0	72	0	0	0	0	0	0	0	2	0	0	2	596	717	0	0	0	20	0	1
fsh-generated/resources/StructureDefinition-jp-observation-dentaloral-missingtoothcondition.json	15556	4	0	55	0	0	0	0	0	47	0	0	0	0	0	0	0	3	0	0	101	478	559	0	0	0	15	0	1
fsh-generated/resources/StructureDefinition-jp-observation-dentaloral-toothexistence.json	13577	3	0	37	0	0	0	0	0	49	0	0	0	0	0	0	0	2	0	0	3	426	459	0	0	0	14	1	1
fsh-generated/resources/StructureDefinition-jp-observation-dentaloral-toothroot.json	1574	2	0	5	0	0	0	0	0	9	0	0	0	0	0	0	0	0	0	0	0	35	65	0	1	0	2	0	0
fsh-generated/resources/StructureDefinition-jp-observation-dentaloral-toothsurface.json	1733	3	0	6	0	0	0	0	0	10	0	0	0	0	0	0	0	0	0	0	0	50	74	0	0	0	1	0	0
fsh-generated/resources/StructureDefinition-jp-observation-dentaloral-toothtreatmentcondition.json	15230	3	0	42	0	0	0	0	0	48	0	0	1	0	0	0	0	2	0	0	5	486	608	0	0	0	15	0	1
fsh-generated/resources/StructureDefinition-jp-observation-electrocardiogram-deviceinterpretation.json	1970	3	0	5	0	0	0	0	0	10	0	0	0	0	0	0	0	0	0	0	1	36	72	0	0	0	1	0	0
fsh-generated/resources/StructureDefinition-jp-observation-electrocardiogram-duration.json	2655	2	0	6	0	0	0	0	0	10	0	0	0	0	0	0	0	1	0	0	1	44	71	0	0	0	1	0	0
fsh-generated/resources/StructureDefinition-jp-observation-electrocardiogram-numberoflead.json	1728	2	0	5	1	0	0	0	0	9	0	0	0	0	0	0	0	0	0	0	1	34	66	0	0	0	1	0	1
fsh-generated/resources/StructureDefinition-jp-observation-electrocardiogram-stresstype.json	2182	3	0	74	0	0	0	0	0	10	0	0	0	0	0	0	0	0	0	0	1	35	66	0	0	0	1	0	0
fsh-generated/resources/StructureDefinition-jp-observation-electrocardiogram.json	21453	3	0	127	0	0	0	0	0	80	0	0	0	0	0	0	0	4	0	0	2	793	871	0	0	0	23	0	1
fsh-generated/resources/StructureDefinition-jp-observation-endoscopy.json	9120	3	0	33	0	0	0	0	0	29	0	0	0	0	0	0	0	2	0	0	2	271	371	0	0	0	10	0	1
fsh-generated/resources/StructureDefinition-jp-observation-labresult.json	28387	3	0	43	0	0	0	0	0	107	0	0	0	0	0	0	0	1	0	0	4	433	649	0	0	0	14	0	1
fsh-generated/resources/StructureDefinition-jp-observation-microbiology.json	11463	3	0	55	0	0	0	0	0	34	0	0	0	0	0	0	0	2	0	0	1	389	488	0	0	0	13	0	1
fsh-generated/resources/StructureDefinition-jp-observation-physicalexam.json	9784	2	0	38	1	0	0	0	1	21	0	0	0	0	0	0	0	2	0	0	1	325	313	0	1	0	11	0	0
fsh-generated/resources/StructureDefinition-jp-observation-radiology-findings.json	6330	3	0	31	0	0	0	0	0	16	0	0	1	0	0	0	0	1	0	0	1	251	332	0	0	0	9	0	1
fsh-generated/resources/StructureDefinition-jp-observation-radiology-impression.json	6037	3	0	34	0	0	0	0	0	16	0	0	0	0	0	0	0	2	0	0	0	243	329	0	0	0	8	0	1
fsh-generated/resources/StructureDefinition-jp-observation-socialhistory.json	3894	2	0	27	0	0	0	0	0	13	0	0	0	0	0	0	0	1	0	0	1	214	291	0	0	0	8	0	0
fsh-generated/resources/StructureDefinition-jp-observation-vitalsigns.json	5375	3	0	39	0	0	0	0	0	16	0	0	0	0	0	0	0	1	0	0	0	249	280	0	1	0	11	0	1
fsh-generated/resources/StructureDefinition-jp-organization-department.json	6213	2	0	27	0	0	0	0	0	10	0	0	0	0	0	0	0	1	0	0	1	144	168	0	0	0	5	0	0
fsh-generated/resources/StructureDefinition-jp-organization-insuranceorganizationcategory.json	2618	3	0	13	0	0	0	0	0	7	0	0	0	0	0	0	0	0	0	0	0	58	101	0	0	0	2	0	0
fsh-generated/resources/StructureDefinition-jp-organization-insuranceorganizationno.json	2791	2	0	14	1	0	0	0	0	6	0	0	0	0	0	0	0	0	0	0	0	58	136	0	0	0	2	0	0
fsh-generated/resources/StructureDefinition-jp-organization-prefectureno.json	2512	2	0	14	0	0	0	0	0	7	0	0	0	0	0	0	0	1	0	0	1	57	131	0	0	0	1	0	0
fsh-generated/resources/StructureDefinition-jp-organization.json	23650	3	0	56	0	0	0	0	0	26	0	0	0	0	0	0	0	1	0	0	2	297	323	0	0	0	11	0	1
fsh-generated/resources/StructureDefinition-jp-patient-race.json	1781	3	0	11	0	0	0	0	0	6	0	0	0	0	0	0	0	0	0	0	0	36	66	0	0	0	1	0	0
fsh-generated/resources/StructureDefinition-jp-patient.json	35807	3	0	54	0	0	0	0	0	27	0	0	0	0	0	0	0	1	0	0	3	344	372	0	0	0	13	0	1
fsh-generated/resources/StructureDefinition-jp-plandefinition-chemotherapyregimen-regimentype.json	1826	2	0	9	0	0	0	0	0	5	0	0	0	0	0	0	0	1	0	0	0	36	69	0	0	0	1	0	0
fsh-generated/resources/StructureDefinition-jp-plandefinition-chemotherapyregimen-timingdaysofcycle.json	1572	6	0	10	0	0	0	0	0	8	0	0	0	0	0	0	0	0	0	0	0	34	70	0	0	0	1	0	0
fsh-generated/resources/StructureDefinition-jp-plandefinition-chemotherapyregimen.json	3621	3	0	75	0	0	0	0	0	16	0	0	0	0	0	0	0	1	0	0	1	281	366	0	1	0	10	0	1
fsh-generated/resources/StructureDefinition-jp-practitioner.json	29646	3	0	56	0	0	0	0	0	35	0	0	1	0	0	0	0	1	0	0	2	355	325	0	0	0	12	0	0
fsh-generated/resources/StructureDefinition-jp-practitionerrole.json	13076	3	0	29	0	0	0	0	0	17	0	0	0	0	0	0	0	0	0	0	1	158	163	0	0	0	6	0	0
fsh-generated/resources/StructureDefinition-jp-procedure.json	31663	3	0	67	1	0	0	0	1	39	0	0	0	0	0	0	0	1	0	0	2	425	332	0	1	0	12	0	1
fsh-generated/resources/StructureDefinition-jp-relatedperson.json	679	2	0	34	0	0	0	0	0	9	0	0	0	0	0	0	0	0	0	0	1	104	129	0	0	0	5	0	0
fsh-generated/resources/StructureDefinition-jp-researchstudy.json	679	3	0	41	0	0	0	0	0	9	0	0	0	0	0	0	0	0	0	0	0	139	156	0	0	0	6	1	1
fsh-generated/resources/StructureDefinition-jp-researchsubject.json	695	2	0	20	0	0	0	0	0	10	0	0	0	0	0	0	0	0	0	0	0	82	107	0	0	0	4	0	0
fsh-generated/resources/StructureDefinition-jp-servicerequest-common.json	22190	3	0	36	0	0	0	0	0	15	0	0	0	0	0	0	0	1	0	0	2	234	305	0	1	0	11	0	0
fsh-generated/resources/StructureDefinition-jp-specimen-common.json	13151	3	0	42	0	0	0	0	0	23	0	0	0	0	0	0	0	0	0	0	4	266	239	0	0	0	10	0	1
fsh-generated/resources/ValueSet-jp-chemotherapyregimen-regimentype-vs.json	611	2	0	0	0	0	0	0	0	45	0	0	0	0	0	0	0	0	0	0	6	10	49	0	0	0	0	0	0
fsh-generated/resources/ValueSet-jp-conclusion-codes-jed-vs.json	89432	6	0	0	0	0	0	0	10	189	0	0	0	0	0	0	0	1	0	0	17	320	1214	0	0	0	13	0	0
fsh-generated/resources/ValueSet-jp-condition-bodysite-vs.json	511	2	0	0	0	0	0	0	0	8	0	0	0	0	0	0	0	0	0	0	4	10	23	0	0	0	0	0	0
fsh-generated/resources/ValueSet-jp-condition-disease-code-icd10-vs.json	751	2	0	0	1	0	0	0	1	6	0	0	0	0	0	0	0	0	0	0	2	10	24	0	0	0	1	0	0
fsh-generated/resources/ValueSet-jp-condition-disease-code-medis-exchange-vs.json	803	2	0	0	0	0	0	0	0	3	0	0	0	0	0	0	0	0	0	0	2	10	25	0	0	0	0	0	0
fsh-generated/resources/ValueSet-jp-condition-disease-code-medis-record-no-vs.json	798	3	0	0	0	0	0	0	0	4	0	0	0	0	0	0	0	0	0	0	1	9	27	0	0	0	0	0	0
fsh-generated/resources/ValueSet-jp-condition-disease-code-receipt-vs.json	650	2	0	0	0	0	0	0	0	3	0	0	0	0	0	0	0	0	0	0	2	10	26	0	0	0	0	0	0
fsh-generated/resources/ValueSet-jp-condition-disease-modifier-medis-exchange-vs.json	941	2	0	0	0	0	0	0	0	4	0	0	0	0	0	0	0	0	0	0	2	10	28	0	0	0	1	0	0
fsh-generated/resources/ValueSet-jp-condition-disease-modifier-medis-record-no-vs.json	824	2	0	0	0	0	0	0	0	3	0	0	0	0	0	0	0	0	0	0	1	10	31	0	0	0	0	0	0
fsh-generated/resources/ValueSet-jp-condition-disease-modifier-receipt-vs.json	670	2	0	0	0	0	0	0	0	3	0	0	0	0	0	0	0	0	0	0	2	10	23	0	0	0	0	0	0
fsh-generated/resources/ValueSet-jp-condition-disease-outcome-hl70241-jhsd0006-vs.json	905	3	0	0	0	0	0	0	0	4	0	0	0	0	0	0	0	0	0	0	2	10	37	0	0	0	0	0	0
fsh-generated/resources/ValueSet-jp-condition-disease-outcome-hl70241-vs.json	611	2	0	0	0	0	0	0	1	3	0	0	0	0	0	0	0	0	0	0	1	10	30	0	0	0	1	0	0
fsh-generated/resources/ValueSet-jp-condition-disease-outcome-jhsd0006-vs.json	724	2	0	0	0	0	0	0	0	3	0	0	0	0	0	0	0	0	0	0	2	9	34	0	0	0	0	0	0
fsh-generated/resources/ValueSet-jp-condition-disease-outcome-receipt-vs.json	674	2	0	0	0	0	0	0	0	4	0	0	0	0	0	0	0	0	0	0	1	10	39	0	0	0	0	0	0
fsh-generated/resources/ValueSet-jp-condition-severity-vs.json	577	2	0	0	0	0	0	0	0	3	0	0	0	0	0	0	0	0	0	0	2	9	35	0	0	0	0	0	0
fsh-generated/resources/ValueSet-jp-dental-bodysite-vs.json	536	2	0	0	0	0	0	0	0	4	0	0	0	0	0	0	0	0	0	0	2	10	149	0	0	0	1	0	0
fsh-generated/resources/ValueSet-jp-dental-bodysitestatus-vs.json	572	3	0	0	0	0	0	0	0	3	0	0	0	0	0	0	0	0	0	0	1	9	23	0	0	0	0	0	0
fsh-generated/resources/ValueSet-jp-dental-fundamentalstatus-vs.json	587	2	0	0	0	0	0	0	0	4	0	0	0	0	0	0	0	0	0	0	2	10	23	0	0	0	0	0	0
fsh-generated/resources/ValueSet-jp-dental-missingteeth-observation-vs.json	624	2	0	0	0	0	0	0	0	3	0	0	0	0	0	0	0	0	0	0	1	10	152	0	0	0	0	0	0
fsh-generated/resources/ValueSet-jp-dental-presentteeth-observation-vs.json	624	2	0	0	1	0	0	0	1	3	0	0	0	0	0	0	0	0	0	0	2	10	384	0	0	0	0	0	1
fsh-generated/resources/ValueSet-jp-dental-rootbodystructure-vs.json	605	2	0	0	0	0	0	0	0	4	0	0	0	0	0	0	0	0	0	0	2	11	34	0	0	0	1	0	0
fsh-generated/resources/ValueSet-jp-dental-simple-missingteeth-observation-vs.json	670	3	0	0	0	0	0	0	0	3	0	0	0	0	0	0	0	0	0	0	1	10	57	0	0	0	0	0	0
fsh-generated/resources/ValueSet-jp-dental-simple-presentteeth-observation-vs.json	670	2	0	0	0	0	0	0	0	3	0	0	0	0	0	0	0	0	0	0	2	10	53	0	0	0	0	0	0
fsh-generated/resources/ValueSet-jp-dental-surfacebodystructure-vs.json	623	2	0	0	0	0	0	0	0	4	0	0	0	0	0	0	0	0	0	0	2	10	30	0	0	0	0	0	0
fsh-generated/resources/ValueSet-jp-dental-teethobservation-vs.json	943	3	0	0	0	0	0	0	0	3	0	0	0	0	0	0	0	0	0	0	1	12	537	0	0	0	0	0	0
fsh-generated/resources/ValueSet-jp-dicommodality-vs.json	5880	2	0	0	0	0	0	0	1	11	0	0	0	0	0	0	0	0	0	0	3	30	115	0	0	0	1	0	0
fsh-generated/resources/ValueSet-jp-imagingstudy-radiology-bodysite-vs.json	569	2	0	0	0	0	0	0	0	4	0	0	0	0	0	0	0	0	0	0	1	10	31	0	0	0	0	0	0
fsh-generated/resources/ValueSet-jp-observation-bodysite-vs.json	510	2	0	0	0	0	0	0	0	4	0	0	0	0	0	0	0	0	0	0	2	10	29	0	0	0	0	0	0
fsh-generated/resources/ValueSet-jp-observation-detailed-dental-category-vs.json	633	3	0	0	0	0	0	0	0	4	0	0	0	0	0	0	0	0	0	0	2	10	41	0	0	0	1	0	0
fsh-generated/resources/ValueSet-jp-observation-electrocardiogram-component-code-vs.json	708	2	0	0	0	0	0	0	1	465	0	0	0	0	0	0	0	0	0	0	1	10	61	0	0	0	0	0	0
fsh-generated/resources/ValueSet-jp-observation-electrocardiogram-duration-vs.json	669	2	0	0	0	0	0	0	0	5	0	0	0	0	0	0	0	0	0	0	2	10	45	0	0	0	0	0	0
fsh-generated/resources/ValueSet-jp-observation-electrocardiogram-extracategory-vs.json	670	2	0	0	0	0	0	0	0	3	0	0	0	0	0	0	0	0	0	0	2	10	51	0	0	0	0	0	0
fsh-generated/resources/ValueSet-jp-observation-electrocardiogram-stresstype-vs.json	682	3	0	0	1	0	0	0	0	4	0	0	0	0	0	0	0	0	0	0	1	11	48	0	0	0	0	0	0
fsh-generated/resources/ValueSet-jp-observation-endoscopy-code-vs.json	5359	2	0	0	0	0	0	0	0	227	1	0	0	0	0	0	0	0	0	0	3	24	119	0	0	0	1	0	0
fsh-generated/resources/ValueSet-jp-observation-endoscoy-value-jed-vs.json	778	2	0	0	0	0	0	0	1	6	0	0	0	0	0	0	0	0	0	0	1	10	1177	0	0	0	0	0	0
fsh-generated/resources/ValueSet-jp-observation-radiology-code-vs.json	1340	2	0	0	0	0	0	0	0	181	0	0	0	0	0	0	0	0	0	0	2	11	118	0	0	0	0	0	0
fsh-generated/resources/ValueSet-jp-physicalexamcode-vs.json	718	3	0	0	0	0	0	0	0	6	0	0	0	0	0	0	0	0	0	0	2	9	34	0	0	0	1	0	0
fsh-generated/resources/ValueSet-jp-procedure-body-site-vs.json	501	2	0	0	0	0	0	0	0	6	0	0	0	0	0	0	0	0	0	0	1	10	30	0	0	0	0	0	0
fsh-generated/resources/ValueSet-jp-procedure-codes-ichi-vs.json	551	2	0	0	0	0	0	0	0	6	0	0	0	0	0	0	0	0	0	0	2	10	25	0	0	0	0	0	0
fsh-generated/resources/ValueSet-jp-procedure-condition-vs.json	576	2	0	0	0	0	0	0	0	6	0	0	0	0	0	0	0	0	0	0	2	9	30	0	0	0	0	0	0
fsh-generated/resources/ValueSet-jp-procedure-device-action-vs.json	540	3	0	0	0	0	0	0	0	6	0	0	0	0	0	0	0	0	0	0	1	10	28	0	0	0	0	0	0
fsh-generated/resources/ValueSet-jp-procedure-devicekind-vs.json	534	2	0	0	1	0	0	0	1	5	0	0	0	0	0	0	0	0	0	0	2	10	86	0	0	0	0	0	0
fsh-generated/resources/ValueSet-jp-procedure-followup-vs.json	529	2	0	0	0	0	0	0	0	3	0	0	0	0	0	0	0	0	0	0	2	9	21	0	0	0	1	0	0
fsh-generated/resources/ValueSet-jp-procedure-not-performed-reason-vs.json	638	2	0	0	0	0	0	0	0	3	0	0	0	0	0	0	0	0	0	0	1	10	36	0	0	0	0	0	0
fsh-generated/resources/ValueSet-jp-procedure-outcome-vs.json	516	2	0	0	0	0	0	0	0	4	0	0	0	0	0	0	0	0	0	0	2	11	23	0	0	0	0	0	0
fsh-generated/resources/ValueSet-jp-procedure-performer-role-vs.json	551	3	0	0	0	0	0	0	0	3	0	0	0	0	0	0	0	0	0	0	1	12	66	0	0	0	0	0	0
fsh-generated/resources/ValueSet-jp-procedure-reason-vs.json	496	2	0	0	0	0	0	0	0	3	0	0	0	0	0	0	0	0	0	0	2	10	29	0	0	0	0	0	0
fsh-generated/resources/ValueSet-jp-reason-codes-jed-vs.json	6065	3	0	0	0	0	0	0	1	12	0	0	0	0	0	0	0	0	0	0	3	28	92	0	0	0	1	0	0
fsh-generated/resources/ValueSet-jp-simpleobservationcategory-vs.json	582	2	0	0	0	0	0	0	0	6	0	0	0	0	0	0	0	0	0	0	2	10	39	0	0	0	0	0	0
fsh-generated/resources/ValueSet-jp-undefined-vs.json	590	2	0	0	0	0	0	0	0	6	0	0	0	0	0	0	0	0	0	0	2	10	30	0	0	0	1	0	0
/input/includes/url-version-headerNote.md	282	-	-	-	0	0	0	0	0	0	0	0	0	0	0	0	0	0	0	0	0	0	0	0	0	0	0	0	0
/input/includes/markdown-link-references.md	31665	-	-	-	0	0	0	0	0	0	0	0	0	0	0	0	0	0	0	0	0	0	1	0	0	0	0	0	0
/input/includes/external-link-reference.md	7456	-	-	-	0	0	0	0	0	0	0	0	0	0	0	0	0	0	0	0	0	0	0	0	0	0	0	0	0
/fsh-generated/includes/menu.xml	2639	-	-	-	0	0	0	0	0	0	0	0	0	0	0	0	0	0	0	0	0	0	0	0	0	0	0	0	0
/fsh-generated/includes/fsh-link-references.md	30842	-	-	-	0	0	0	0	0	0	0	0	0	0	0	0	0	0	0	0	0	0	0	0	0	0	0	0	0
/input/intro-notes/StructureDefinition-jp-medicationrequest-injection-intro.md	2110	-	-	-	0	0	0	0	0	0	0	0	0	0	0	0	0	0	0	0	0	0	0	0	0	0	0	0	0
/input/intro-notes/StructureDefinition-jp-allergyintolerance-notes.md	8923	-	-	-	0	0	0	0	0	0	0	0	0	0	0	0	0	0	0	0	0	0	1	0	0	0	0	0	0
/input/intro-notes/StructureDefinition-jp-medicationadministration-intro.md	1982	-	-	-	0	0	0	0	0	0	0	0	0	0	0	0	0	0	0	0	0	0	0	0	0	0	0	0	0
/input/intro-notes/StructureDefinition-jp-medicationstatement-notes.md	10336	-	-	-	0	0	0	0	0	0	0	0	0	0	0	0	0	0	0	0	0	0	0	0	0	0	0	0	0
/input/intro-notes/StructureDefinition-jp-medicationadministration-injection-intro.md	1665	-	-	-	0	0	0	0	0	0	0	0	0	0	0	0	0	0	0	0	0	0	0	0	0	0	0	0	0
/input/intro-notes/StructureDefinition-jp-medicationdispense-injection-intro.md	1543	-	-	-	0	0	0	0	0	0	0	0	0	0	0	0	0	0	0	0	0	0	0	0	0	0	0	0	0
/input/intro-notes/StructureDefinition-jp-consent-intro.md	14140	-	-	-	0	0	0	0	0	0	0	0	0	0	0	0	0	0	0	0	0	0	0	0	0	0	0	0	0
/input/intro-notes/StructureDefinition-jp-diagnosticreport-labresult-intro.md	1798	-	-	-	0	0	0	0	0	0	0	0	0	0	0	0	0	0	0	0	0	0	0	0	0	0	0	0	0
/input/intro-notes/StructureDefinition-jp-observation-dentaloral-missingtoothcondition-intro.md	1124	-	-	-	0	0	0	0	0	0	0	0	0	0	0	0	0	0	0	0	0	0	1	0	0	0	0	0	0
/input/intro-notes/StructureDefinition-jp-observation-dentaloral-ecs-intro.md	1740	-	-	-	0	0	0	0	0	0	0	0	0	0	0	0	0	0	0	0	0	0	0	0	0	0	0	0	0
/input/intro-notes/StructureDefinition-jp-organization-department-notes.md	5918	-	-	-	0	0	0	0	0	0	0	0	0	0	0	0	0	0	0	0	0	0	0	0	0	0	0	0	0
/input/intro-notes/StructureDefinition-jp-medicationrequest-notes.md	53056	-	-	-	0	0	0	0	0	0	0	0	0	0	0	0	0	0	0	0	0	0	0	0	0	0	0	0	0
/input/intro-notes/StructureDefinition-jp-diagnosticreport-radiology-intro.md	5309	-	-	-	0	0	0	0	0	0	0	0	0	0	0	0	0	0	0	0	0	0	1	0	0	0	0	0	0
/input/intro-notes/StructureDefinition-jp-immunization-notes.md	13148	-	-	-	0	0	0	0	0	0	0	0	0	0	0	0	0	0	0	0	0	0	0	0	0	0	0	0	0
/input/intro-notes/StructureDefinition-jp-observation-dentaloral-toothtreatmentcondition-intro.md	1123	-	-	-	0	0	0	0	0	0	0	0	0	0	0	0	0	0	0	0	0	0	0	0	0	0	0	0	0
/input/intro-notes/StructureDefinition-jp-diagnosticreport-dentaloral-intro.md	2696	-	-	-	0	0	0	0	0	0	0	0	0	0	0	0	0	0	0	0	0	0	0	0	0	0	0	0	0
/input/intro-notes/StructureDefinition-jp-imagingstudy-endoscopy-notes.md	5082	-	-	-	0	0	0	0	0	0	0	0	0	0	0	0	0	0	0	0	0	0	0	0	0	0	0	0	0
/input/intro-notes/StructureDefinition-jp-patient-notes.md	11350	-	-	-	0	0	0	0	0	0	0	0	0	0	0	0	0	0	0	0	0	0	0	0	0	0	0	0	0
/input/intro-notes/StructureDefinition-jp-condition-notes.md	6516	-	-	-	0	0	0	0	0	0	0	0	0	0	0	0	0	0	0	0	0	0	0	0	0	0	0	0	0
/input/intro-notes/StructureDefinition-jp-location-notes.md	4853	-	-	-	0	0	0	0	0	0	0	0	0	0	0	0	0	0	0	0	0	0	1	0	0	0	0	0	0
/input/intro-notes/StructureDefinition-jp-location-intro.md	1936	-	-	-	0	0	0	0	0	0	0	0	0	0	0	0	0	0	0	0	0	0	0	0	0	0	0	0	0
/input/intro-notes/StructureDefinition-jp-observation-dentaloral-ecs-notes.md	2511	-	-	-	0	0	0	0	0	0	0	0	0	0	0	0	0	0	0	0	0	0	0	0	0	0	0	0	0
/input/intro-notes/StructureDefinition-jp-medicationrequest-intro.md	3056	-	-	-	0	0	0	0	0	0	0	0	0	0	0	0	0	0	0	0	0	0	0	0	0	0	0	0	0
/input/intro-notes/StructureDefinition-jp-activitydefinition-chemotherapyregimen-injection-notes.md	9426	-	-	-	0	0	0	0	0	0	0	0	0	0	0	0	0	0	0	0	0	0	0	0	0	0	0	0	0
/input/intro-notes/StructureDefinition-jp-medicationadministration-injection-notes.md	30994	-	-	-	0	0	0	0	0	0	0	0	0	0	0	0	0	0	0	0	0	0	0	0	0	0	0	0	0
/input/intro-notes/StructureDefinition-jp-observation-radiology-impression-intro.md	1816	-	-	-	0	0	0	0	0	0	0	0	0	0	0	0	0	0	0	0	0	0	1	0	0	0	0	0	0
/input/intro-notes/StructureDefinition-jp-media-endoscopy-intro.md	2996	-	-	-	0	0	0	0	0	0	0	0	0	0	0	0	0	0	0	0	0	0	0	0	0	0	0	0	0
/input/intro-notes/StructureDefinition-jp-observation-vitalsigns-intro.md	2052	-	-	-	0	0	0	0	0	0	0	0	0	0	0	0	0	0	0	0	0	0	0	0	0	0	0	0	0
/input/intro-notes/StructureDefinition-jp-condition-diagnosis-intro.md	1633	-	-	-	0	0	0	0	0	0	0	0	0	0	0	0	0	0	0	0	0	0	0	0	0	0	0	0	0
/input/intro-notes/StructureDefinition-jp-diagnosticreport-labresult-notes.md	3906	-	-	-	0	0	0	0	0	0	0	0	0	0	0	0	0	0	0	0	0	0	0	0	0	0	0	0	0
/input/intro-notes/CapabilityStatement-jp-server-capabilitystatement-intro.md	1549	-	-	-	0	0	0	0	0	0	0	0	0	0	0	0	0	0	0	0	0	0	0	0	0	0	0	0	0
/input/intro-notes/StructureDefinition-jp-procedure-notes.md	4256	-	-	-	0	0	0	0	0	0	0	0	0	0	0	0	0	0	0	0	0	0	0	0	0	0	0	0	0
/input/intro-notes/StructureDefinition-jp-specimen-common-intro.md	2328	-	-	-	0	0	0	0	0	0	0	0	0	0	0	0	0	0	0	0	0	0	0	0	0	0	0	0	0
/input/intro-notes/StructureDefinition-jp-encounter-notes.md	8500	-	-	-	0	0	0	0	0	0	0	0	0	0	0	0	0	0	0	0	0	0	0	0	0	0	0	0	0
/input/intro-notes/StructureDefinition-jp-familymemberhistory-notes.md	3285	-	-	-	0	0	0	0	0	0	0	0	0	0	0	0	0	0	0	0	0	0	1	0	0	0	0	0	0
/input/intro-notes/StructureDefinition-jp-observation-vitalsigns-notes.md	1561	-	-	-	0	0	0	0	0	0	0	0	0	0	0	0	0	0	0	0	0	0	0	0	0	0	0	0	0
/input/intro-notes/StructureDefinition-jp-organization-department-intro.md	1625	-	-	-	0	0	0	0	0	0	0	0	0	0	0	0	0	0	0	0	0	0	0	0	0	0	0	0	0
/input/intro-notes/StructureDefinition-jp-diagnosticreport-common-intro.md	4004	-	-	-	0	0	0	0	0	0	0	0	0	0	0	0	0	0	0	0	0	0	0	0	0	0	0	0	0
/input/intro-notes/StructureDefinition-jp-practitioner-intro.md	2628	-	-	-	0	0	0	0	0	0	0	0	0	0	0	0	0	0	0	0	0	0	0	0	0	0	0	0	0
/input/intro-notes/StructureDefinition-jp-coverage-intro.md	1575	-	-	-	0	0	0	0	0	0	0	0	0	0	0	0	0	0	0	0	0	0	0	0	0	0	0	0	0
/input/intro-notes/StructureDefinition-jp-observation-radiology-findings-intro.md	1759	-	-	-	0	0	0	0	0	0	0	0	0	0	0	0	0	0	0	0	0	0	0	0	0	0	0	0	0
/input/intro-notes/StructureDefinition-jp-observation-radiology-impression-notes.md	2215	-	-	-	0	0	0	0	0	0	0	0	0	0	0	0	0	0	0	0	0	0	0	0	0	0	0	0	0
/input/intro-notes/StructureDefinition-jp-diagnosticreport-dentaloral-notes.md	4085	-	-	-	0	0	0	0	0	0	0	0	0	0	0	0	0	0	0	0	0	0	0	0	0	0	0	0	0
/input/intro-notes/StructureDefinition-jp-practitionerrole-notes.md	4299	-	-	-	0	0	0	0	0	0	0	0	0	0	0	0	0	0	0	0	0	0	0	0	0	0	0	0	0
/input/intro-notes/StructureDefinition-jp-coverage-notes.md	10071	-	-	-	0	0	0	0	0	0	0	0	0	0	0	0	0	0	0	0	0	0	1	0	0	0	0	0	0
/input/intro-notes/StructureDefinition-jp-observation-physicalexam-notes.md	1489	-	-	-	0	0	0	0	0	0	0	0	0	0	0	0	0	0	0	0	0	0	0	0	0	0	0	0	0
/input/intro-notes/StructureDefinition-jp-observation-common-notes.md	33417	-	-	-	0	0	0	0	0	0	0	0	0	0	0	0	0	0	0	0	0	0	0	0	0	0	0	0	0
/input/intro-notes/StructureDefinition-jp-medicationadministration-notes.md	17253	-	-	-	0	0	0	0	0	0	0	0	0	0	0	0	0	0	0	0	0	0	1	0	0	0	0	0	0
/input/intro-notes/StructureDefinition-jp-medicationstatement-intro.md	2066	-	-	-	0	0	0	0	0	0	0	0	0	0	0	0	0	0	0	0	0	0	0	0	0	0	0	0	0
/input/intro-notes/StructureDefinition-jp-servicerequest-common-intro.md	6970	-	-	-	0	0	0	0	0	0	0	0	0	0	0	0	0	0	0	0	0	0	0	0	0	0	0	0	0
/input/intro-notes/StructureDefinition-jp-condition-diagnosis-notes.md	16375	-	-	-	0	0	0	0	0	0	0	0	0	0	0	0	0	0	0	0	0	0	0	0	0	0	0	0	0
/input/intro-notes/StructureDefinition-jp-observation-labresult-notes.md	8526	-	-	-	0	0	0	0	0	0	0	0	0	0	0	0	0	0	0	0	0	0	0	0	0	0	0	0	0
/input/intro-notes/StructureDefinition-jp-encounter-intro.md	9803	-	-	-	0	0	0	0	0	0	0	0	0	0	0	0	0	0	0	0	0	0	0	0	0	0	0	0	0
/input/intro-notes/StructureDefinition-jp-common-department-notes.md	2756	-	-	-	0	0	0	0	0	0	0	0	0	0	0	0	0	0	0	0	0	0	0	0	0	0	0	0	0
/input/intro-notes/StructureDefinition-jp-diagnosticreport-endoscopy-notes.md	8619	-	-	-	0	0	0	0	0	0	0	0	0	0	0	0	0	0	0	0	0	0	1	0	0	0	0	0	0
/input/intro-notes/StructureDefinition-jp-observation-socialhistory-notes.md	1504	-	-	-	0	0	0	0	0	0	0	0	0	0	0	0	0	0	0	0	0	0	0	0	0	0	0	0	0
/input/intro-notes/StructureDefinition-jp-activitydefinition-chemotherapyregimen-injection-intro.md	1013	-	-	-	0	0	0	0	0	0	0	0	0	0	0	0	0	0	0	0	0	0	0	0	0	0	0	0	0
/input/intro-notes/StructureDefinition-jp-common-department-intro.md	1498	-	-	-	0	0	0	0	0	0	0	0	0	0	0	0	0	0	0	0	0	0	0	0	0	0	0	0	0
/input/intro-notes/StructureDefinition-jp-practitionerrole-intro.md	1744	-	-	-	0	0	0	0	0	0	0	0	0	0	0	0	0	0	0	0	0	0	0	0	0	0	0	0	0
/input/intro-notes/StructureDefinition-jp-media-endoscopy-notes.md	3261	-	-	-	0	0	0	0	0	0	0	0	0	0	0	0	0	0	0	0	0	0	0	0	0	0	0	0	0
/input/intro-notes/StructureDefinition-jp-diagnosticreport-microbiology-intro.md	5202	-	-	-	0	0	0	0	0	0	0	0	0	0	0	0	0	0	0	0	0	0	0	0	0	0	0	0	0
/input/intro-notes/StructureDefinition-jp-medicationrequest-injection-notes.md	36523	-	-	-	0	0	0	0	0	0	0	0	0	0	0	0	0	0	0	0	0	0	1	0	0	0	0	0	0
/input/intro-notes/StructureDefinition-jp-plandefinition-chemotherapyregimen-notes.md	8526	-	-	-	0	0	0	0	0	0	0	0	0	0	0	0	0	0	0	0	0	0	0	0	0	0	0	0	0
/input/intro-notes/StructureDefinition-jp-diagnosticreport-radiology-notes.md	13803	-	-	-	0	0	0	0	0	0	0	0	0	0	0	0	0	0	0	0	0	0	0	0	0	0	0	0	0
/input/intro-notes/StructureDefinition-jp-medicationstatement-injection-notes.md	12985	-	-	-	0	0	0	0	0	0	0	0	0	0	0	0	0	0	0	0	0	0	0	0	0	0	0	0	0
/input/intro-notes/StructureDefinition-jp-immunization-intro.md	1871	-	-	-	0	0	0	0	0	0	0	0	0	0	0	0	0	0	0	0	0	0	0	0	0	0	0	0	0
/input/intro-notes/StructureDefinition-jp-observation-microbiology-notes.md	8550	-	-	-	0	0	0	0	0	0	0	0	0	0	0	0	0	0	0	0	0	0	1	0	0	0	0	0	0
/input/intro-notes/StructureDefinition-jp-familymemberhistory-intro.md	1692	-	-	-	0	0	0	0	0	0	0	0	0	0	0	0	0	0	0	0	0	0	0	0	0	0	0	0	0
/input/intro-notes/StructureDefinition-jp-organization-intro.md	1026	-	-	-	0	0	0	0	0	0	0	0	0	0	0	0	0	0	0	0	0	0	0	0	0	0	0	0	0
/input/intro-notes/StructureDefinition-jp-servicerequest-common-notes.md	7510	-	-	-	0	0	0	0	0	0	0	0	0	0	0	0	0	0	0	0	0	0	0	0	0	0	0	0	0
/input/intro-notes/StructureDefinition-jp-diagnosticreport-microbiology-notes.md	3643	-	-	-	0	0	0	0	0	0	0	0	0	0	0	0	0	0	0	0	0	0	0	0	0	0	0	0	0
/input/intro-notes/StructureDefinition-jp-observation-labresult-intro.md	2628	-	-	-	0	0	0	0	0	0	0	0	0	0	0	0	0	0	0	0	0	0	0	0	0	0	0	0	0
/input/intro-notes/StructureDefinition-jp-observation-electrocardiogram-notes.md	5077	-	-	-	0	0	0	0	0	0	0	0	0	0	0	0	0	0	0	0	0	0	0	0	0	0	0	0	0
/input/intro-notes/StructureDefinition-jp-observation-radiology-findings-notes.md	2138	-	-	-	0	0	0	0	0	0	0	0	0	0	0	0	0	0	0	0	0	0	0	0	0	0	0	0	0
/input/intro-notes/StructureDefinition-jp-medicationdispense-notes.md	15694	-	-	-	0	0	0	0	0	0	0	0	0	0	0	0	0	0	0	0	0	0	1	0	0	0	0	0	0
/input/intro-notes/StructureDefinition-jp-allergyintolerance-intro.md	1020	-	-	-	0	0	0	0	0	0	0	0	0	0	0	0	0	0	0	0	0	0	0	0	0	0	0	0	0
/input/intro-notes/StructureDefinition-jp-procedure-intro.md	2281	-	-	-	0	0	0	0	0	0	0	0	0	0	0	0	0	0	0	0	0	0	0	0	0	0	0	0	0
/input/intro-notes/CapabilityStatement-jp-client-capabilitystatement-intro.md	493	-	-	-	0	0	0	0	0	0	0	0	0	0	0	0	0	0	0	0	0	0	0	0	0	0	0	0	0
/input/intro-notes/StructureDefinition-jp-observation-endoscopy-notes.md	4695	-	-	-	0	0	0	0	0	0	0	0	0	0	0	0	0	0	0	0	0	0	0	0	0	0	0	0	0
/input/intro-notes/StructureDefinition-jp-observation-dentaloral-toothexistence-intro.md	940	-	-	-	0	0	0	0	0	0	0	0	0	0	0	0	0	0	0	0	0	0	0	0	0	0	0	0	0
/input/intro-notes/StructureDefinition-jp-diagnosticreport-common-notes.md	3957	-	-	-	0	0	0	0	0	0	0	0	0	0	0	0	0	0	0	0	0	0	0	0	0	0	0	0	0
/input/intro-notes/StructureDefinition-jp-medicationdispense-intro.md	2306	-	-	-	0	0	0	0	0	0	0	0	0	0	0	0	0	0	0	0	0	0	0	0	0	0	0	0	0
/input/intro-notes/StructureDefinition-jp-observation-endoscopy-intro.md	2975	-	-	-	0	0	0	0	0	0	0	0	0	0	0	0	0	0	0	0	0	0	0	0	0	0	0	0	0
/input/intro-notes/StructureDefinition-jp-plandefinition-chemotherapyregimen-intro.md	1432	-	-	-	0	0	0	0	0	0	0	0	0	0	0	0	0	0	0	0	0	0	1	0	0	0	0	0	0
/input/intro-notes/StructureDefinition-jp-condition-intro.md	1029	-	-	-	0	0	0	0	0	0	0	0	0	0	0	0	0	0	0	0	0	0	0	0	0	0	0	0	0
/input/intro-notes/StructureDefinition-jp-observation-dentaloral-toothtreatmentcondition-notes.md	2310	-	-	-	0	0	0	0	0	0	0	0	0	0	0	0	0	0	0	0	0	0	0	0	0	0	0	0	0
/input/intro-notes/StructureDefinition-jp-observation-bodymeasurement-intro.md	1987	-	-	-	0	0	0	0	0	0	0	0	0	0	0	0	0	0	0	0	0	0	0	0	0	0	0	0	0
/input/intro-notes/StructureDefinition-jp-observation-socialhistory-intro.md	1975	-	-	-	0	0	0	0	0	0	0	0	0	0	0	0	0	0	0	0	0	0	0	0	0	0	0	0	0
/input/intro-notes/StructureDefinition-jp-imagingstudy-radiology-notes.md	9101	-	-	-	0	0	0	0	0	0	0	0	0	0	0	0	0	0	0	0	0	0	0	0	0	0	0	0	0
/input/intro-notes/StructureDefinition-jp-observation-electrocardiogram-intro.md	1640	-	-	-	0	0	0	0	0	0	0	0	0	0	0	0	0	0	0	0	0	0	0	0	0	0	0	0	0
/input/intro-notes/StructureDefinition-jp-medicationstatement-injection-intro.md	1930	-	-	-	0	0	0	0	0	0	0	0	0	0	0	0	0	0	0	0	0	0	0	0	0	0	0	0	0
/input/intro-notes/StructureDefinition-jp-imagingstudy-endoscopy-intro.md	4165	-	-	-	0	0	0	0	0	0	0	0	0	0	0	0	0	0	0	0	0	0	0	0	0	0	0	0	0
/input/intro-notes/StructureDefinition-jp-observation-physicalexam-intro.md	1660	-	-	-	0	0	0	0	0	0	0	0	0	0	0	0	0	0	0	0	0	0	0	0	0	0	0	0	0
/input/intro-notes/StructureDefinition-jp-medication-intro.md	1924	-	-	-	0	0	0	0	0	0	0	0	0	0	0	0	0	0	0	0	0	0	0	0	0	0	0	0	0
/input/intro-notes/StructureDefinition-jp-patient-intro.md	2359	-	-	-	0	0	0	0	0	0	0	0	0	0	0	0	0	0	0	0	0	0	1	0	0	0	0	0	0
/input/intro-notes/StructureDefinition-jp-specimen-common-notes.md	355	-	-	-	0	0	0	0	0	0	0	0	0	0	0	0	0	0	0	0	0	0	0	0	0	0	0	0	0
/input/intro-notes/StructureDefinition-jp-medicationdispense-injection-notes.md	21408	-	-	-	0	0	0	0	0	0	0	0	0	0	0	0	0	0	0	0	0	0	0	0	0	0	0	0	0
/input/intro-notes/StructureDefinition-jp-observation-dentaloral-toothexistence-notes.md	2667	-	-	-	0	0	0	0	0	0	0	0	0	0	0	0	0	0	0	0	0	0	0	0	0	0	0	0	0
/input/intro-notes/StructureDefinition-jp-observation-dentaloral-missingtoothcondition-notes.md	2253	-	-	-	0	0	0	0	0	0	0	0	0	0	0	0	0	0	0	0	0	0	0	0	0	0	0	0	0
/input/intro-notes/StructureDefinition-jp-medication-notes.md	4784	-	-	-	0	0	0	0	0	0	0	0	0	0	0	0	0	0	0	0	0	0	0	0	0	0	0	0	0
/input/intro-notes/intoronotes-resources/observation_microbiology_structure.PNG	115653	-	-	-	0	0	0	0	0	0	0	0	0	0	0	0	0	0	0	0	0	0	52	0	0	0	0	0	0
/input/intro-notes/StructureDefinition-jp-observation-bodymeasurement-notes.md	1533	-	-	-	0	0	0	0	0	0	0	0	0	0	0	0	0	0	0	0	0	0	0	0	0	0	0	0	0
/input/intro-notes/StructureDefinition-jp-organization-notes.md	7629	-	-	-	0	0	0	0	0	0	0	0	0	0	0	0	0	0	0	0	0	0	0	0	0	0	0	0	0
/input/intro-notes/StructureDefinition-jp-consent-notes.md	520	-	-	-	0	0	0	0	0	0	0	0	0	0	0	0	0	0	0	0	0	0	1	0	0	0	0	0	0
/input/intro-notes/StructureDefinition-jp-observation-microbiology-intro.md	6728	-	-	-	0	0	0	0	0	0	0	0	0	0	0	0	0	0	0	0	0	0	0	0	0	0	0	0	0
/input/intro-notes/StructureDefinition-jp-humanname-notes.md	3115	-	-	-	0	0	0	0	0	0	0	0	0	0	0	0	0	0	0	0	0	0	0	0	0	0	0	0	0
/input/intro-notes/StructureDefinition-jp-practitioner-notes.md	4115	-	-	-	0	0	0	0	0	0	0	0	0	0	0	0	0	0	0	0	0	0	0	0	0	0	0	0	0
/input/intro-notes/StructureDefinition-jp-imagingstudy-radiology-intro.md	5133	-	-	-	0	0	0	0	0	0	0	0	0	0	0	0	0	0	0	0	0	0	0	0	0	0	0	0	0
/input/intro-notes/StructureDefinition-jp-diagnosticreport-endoscopy-intro.md	3012	-	-	-	0	0	0	0	0	0	0	0	0	0	0	0	0	0	0	0	0	0	0	0	0	0	0	0	0
/input/intro-notes/StructureDefinition-jp-observation-common-intro.md	1598	-	-	-	0	0	0	0	0	0	0	0	0	0	0	0	0	0	0	0	0	0	0	0	0	0	0	0	0
/input/pagecontent/group-capabilityStatement.md	3373	-	-	-	0	0	0	0	0	0	0	0	0	0	0	0	0	0	0	0	0	0	0	0	0	0	0	0	0
/input/pagecontent/guide-precautions.md	2278	-	-	-	0	0	0	0	0	0	0	0	0	0	0	0	0	0	0	0	0	0	0	0	0	0	0	0	0
/input/pagecontent/download.md	359	-	-	-	0	0	0	0	0	0	0	0	0	0	0	0	0	0	0	0	0	0	1	0	0	0	0	0	0
/input/pagecontent/guide-urlmap.md	11366	-	-	-	0	0	0	0	0	0	0	0	0	0	0	0	0	0	0	0	0	0	0	0	0	0	0	0	0
/input/pagecontent/group-searchParameter.md	1379	-	-	-	0	0	0	0	0	0	0	0	0	0	0	0	0	0	0	0	0	0	0	0	0	0	0	0	0
/input/pagecontent/guide-handlingOfNonExistentData.md	8800	-	-	-	0	0	0	0	0	0	0	0	0	0	0	0	0	0	0	0	0	0	0	0	0	0	0	0	0
/input/pagecontent/group-clinical.md	1238	-	-	-	0	0	0	0	0	0	0	0	0	0	0	0	0	0	0	0	0	0	0	0	0	0	0	0	0
/input/pagecontent/guide-general.md	3260	-	-	-	0	0	0	0	0	0	0	0	0	0	0	0	0	0	0	0	0	0	0	0	0	0	0	0	0
/input/pagecontent/group-fhircontents.md	274	-	-	-	0	0	0	0	0	0	0	0	0	0	0	0	0	0	0	0	0	0	0	0	0	0	0	0	0
/input/pagecontent/index.md	12771	-	-	-	0	0	0	0	0	0	0	0	0	0	0	0	0	0	0	0	0	0	0	0	0	0	0	0	0
/input/pagecontent/group-medication.md	2195	-	-	-	0	0	0	0	0	0	0	0	0	0	0	0	0	0	0	0	0	0	1	0	0	0	0	0	0
/input/pagecontent/security.md	10513	-	-	-	0	0	0	0	0	0	0	0	0	0	0	0	0	0	0	0	0	0	0	0	0	0	0	0	0
/input/pagecontent/update_history.md	24336	-	-	-	0	0	0	0	0	0	0	0	0	0	0	0	0	0	0	0	0	0	0	0	0	0	0	0	0
/input/pagecontent/guidance.md	359	-	-	-	0	0	0	0	0	0	0	0	0	0	0	0	0	0	0	0	0	0	0	0	0	0	0	0	0
/input/pagecontent/guide-stringSearch.md	9641	-	-	-	0	0	0	0	0	0	0	0	0	0	0	0	0	0	0	0	0	0	0	0	0	0	0	0	0
/input/pagecontent/guide-characterEncoding.md	7875	-	-	-	0	0	0	0	0	0	0	0	0	0	0	0	0	0	0	0	0	0	0	0	0	0	0	0	0
/input/pagecontent/group-diagnostic.md	3685	-	-	-	0	0	0	0	0	0	0	0	0	0	0	0	0	0	0	0	0	0	1	0	0	0	0	0	0
/input/pagecontent/group-administration.md	988	-	-	-	0	0	0	0	0	0	0	0	0	0	0	0	0	0	0	0	0	0	0	0	0	0	0	0	0
/input/pagecontent/guide-mustSupportCardinality.md	9207	-	-	-	0	0	0	0	0	0	0	0	0	0	0	0	0	0	0	0	0	0	0	0	0	0	0	0	0
/input/pagecontent/group-security-and-privacy.md	142	-	-	-	0	0	0	0	0	0	0	0	0	0	0	0	0	0	0	0	0	0	0	0	0	0	0	0	0
/input/pagecontent/group-workflow.md	207	-	-	-	0	0	0	0	0	0	0	0	0	0	0	0	0	0	0	0	0	0	0	0	0	0	0	0	0
/input/pagecontent	0	-	-	-	0	0	0	0	0	0	0	0	0	0	0	0	0	0	0	0	0	0	0	0	0	0	0	0	0
/input/pagecontent/group-capabilityStatement.md	3373	-	-	-	0	0	0	0	0	0	0	0	0	0	0	0	0	0	0	0	0	0	1	0	0	0	0	0	0
/input/pagecontent/guide-precautions.md	2278	-	-	-	0	0	0	0	0	0	0	0	0	0	0	0	0	0	0	0	0	0	0	0	0	0	0	0	0
/input/pagecontent/download.md	359	-	-	-	0	0	0	0	0	0	0	0	0	0	0	0	0	0	0	0	0	0	0	0	0	0	0	0	0
/input/pagecontent/guide-urlmap.md	11366	-	-	-	0	0	0	0	0	0	0	0	0	0	0	0	0	0	0	0	0	0	0	0	0	0	0	0	0
/input/pagecontent/group-searchParameter.md	1379	-	-	-	0	0	0	0	0	0	0	0	0	0	0	0	0	0	0	0	0	0	0	0	0	0	0	0	0
/input/pagecontent/guide-handlingOfNonExistentData.md	8800	-	-	-	0	0	0	0	0	0	0	0	0	0	0	0	0	0	0	0	0	0	0	0	0	0	0	0	0
/input/pagecontent/group-clinical.md	1238	-	-	-	0	0	0	0	0	0	0	0	0	0	0	0	0	0	0	0	0	0	1	0	0	0	0	0	0
/input/pagecontent/guide-general.md	3260	-	-	-	0	0	0	0	0	0	0	0	0	0	0	0	0	0	0	0	0	0	0	0	0	0	0	0	0
/input/pagecontent/group-fhircontents.md	274	-	-	-	0	0	0	0	0	0	0	0	0	0	0	0	0	0	0	0	0	0	0	0	0	0	0	0	0
/input/pagecontent/index.md	12771	-	-	-	0	0	0	0	0	0	0	0	0	0	0	0	0	0	0	0	0	0	0	0	0	0	0	0	0
/input/pagecontent/group-medication.md	2195	-	-	-	0	0	0	0	0	0	0	0	0	0	0	0	0	0	0	0	0	0	0	0	0	0	0	0	0
/input/pagecontent/security.md	10513	-	-	-	0	0	0	0	0	0	0	0	0	0	0	0	0	0	0	0	0	0	0	0	0	0	0	0	0
/input/pagecontent/update_history.md	24336	-	-	-	0	0	0	0	0	0	0	0	0	0	0	0	0	0	0	0	0	0	1	0	0	0	0	0	0
/input/pagecontent/guidance.md	359	-	-	-	0	0	0	0	0	0	0	0	0	0	0	0	0	0	0	0	0	0	0	0	0	0	0	0	0
/input/pagecontent/guide-stringSearch.md	9641	-	-	-	0	0	0	0	0	0	0	0	0	0	0	0	0	0	0	0	0	0	0	0	0	0	0	0	0
/input/pagecontent/guide-characterEncoding.md	7875	-	-	-	0	0	0	0	0	0	0	0	0	0	0	0	0	0	0	0	0	0	0	0	0	0	0	0	0
/input/pagecontent/group-diagnostic.md	3685	-	-	-	0	0	0	0	0	0	0	0	0	0	0	0	0	0	0	0	0	0	0	0	0	0	0	0	0
/input/pagecontent/group-administration.md	988	-	-	-	0	0	0	0	0	0	0	0	0	0	0	0	0	0	0	0	0	0	0	0	0	0	0	0	0
/input/pagecontent/guide-mustSupportCardinality.md	9207	-	-	-	0	0	0	0	0	0	0	0	0	0	0	0	0	0	0	0	0	0	0	0	0	0	0	0	0
/input/pagecontent/group-security-and-privacy.md	142	-	-	-	0	0	0	0	0	0	0	0	0	0	0	0	0	0	0	0	0	0	1	0	0	0	0	0	0
/input/pagecontent/group-workflow.md	207	-	-	-	0	0	0	0	0	0	0	0	0	0	0	0	0	0	0	0	0	0	0	0	0	0	0	0	0
/input/intro-notes	0	-	-	-	0	0	0	0	0	0	0	0	0	0	0	0	0	0	0	0	0	0	0	0	0	0	0	0	0
/input/intro-notes/StructureDefinition-jp-medicationrequest-injection-intro.md	2110	-	-	-	0	0	0	0	0	0	0	0	0	0	0	0	0	0	0	0	0	0	0	0	0	0	0	0	0
/input/intro-notes/StructureDefinition-jp-allergyintolerance-notes.md	8923	-	-	-	0	0	0	0	0	0	0	0	0	0	0	0	0	0	0	0	0	0	0	0	0	0	0	0	0
/input/intro-notes/StructureDefinition-jp-medicationadministration-intro.md	1982	-	-	-	0	0	0	0	0	0	0	0	0	0	0	0	0	0	0	0	0	0	1	0	0	0	0	0	0
/input/intro-notes/StructureDefinition-jp-medicationstatement-notes.md	10336	-	-	-	0	0	0	0	0	0	0	0	0	0	0	0	0	0	0	0	0	0	0	0	0	0	0	0	0
/input/intro-notes/StructureDefinition-jp-medicationadministration-injection-intro.md	1665	-	-	-	0	0	0	0	0	0	0	0	0	0	0	0	0	0	0	0	0	0	0	0	0	0	0	0	0
/input/intro-notes/StructureDefinition-jp-medicationdispense-injection-intro.md	1543	-	-	-	0	0	0	0	0	0	0	0	0	0	0	0	0	0	0	0	0	0	0	0	0	0	0	0	0
/input/intro-notes/StructureDefinition-jp-consent-intro.md	14140	-	-	-	0	0	0	0	0	0	0	0	0	0	0	0	0	0	0	0	0	0	0	0	0	0	0	0	0
/input/intro-notes/StructureDefinition-jp-diagnosticreport-labresult-intro.md	1798	-	-	-	0	0	0	0	0	0	0	0	0	0	0	0	0	0	0	0	0	0	0	0	0	0	0	0	0
/input/intro-notes/StructureDefinition-jp-observation-dentaloral-missingtoothcondition-intro.md	1124	-	-	-	0	0	0	0	0	0	0	0	0	0	0	0	0	0	0	0	0	0	0	0	0	0	0	0	0
/input/intro-notes/StructureDefinition-jp-observation-dentaloral-ecs-intro.md	1740	-	-	-	0	0	0	0	0	0	0	0	0	0	0	0	0	0	0	0	0	0	1	0	0	0	0	0	0
/input/intro-notes/StructureDefinition-jp-organization-department-notes.md	5918	-	-	-	0	0	0	0	0	0	0	0	0	0	0	0	0	0	0	0	0	0	0	0	0	0	0	0	0
/input/intro-notes/StructureDefinition-jp-medicationrequest-notes.md	53056	-	-	-	0	0	0	0	0	0	0	0	0	0	0	0	0	0	0	0	0	0	1	0	0	0	0	0	0
/input/intro-notes/StructureDefinition-jp-diagnosticreport-radiology-intro.md	5309	-	-	-	0	0	0	0	0	0	0	0	0	0	0	0	0	0	0	0	0	0	0	0	0	0	0	0	0
/input/intro-notes/StructureDefinition-jp-immunization-notes.md	13148	-	-	-	0	0	0	0	0	0	0	0	0	0	0	0	0	0	0	0	0	0	0	0	0	0	0	0	0
/input/intro-notes/StructureDefinition-jp-observation-dentaloral-toothtreatmentcondition-intro.md	1123	-	-	-	0	0	0	0	0	0	0	0	0	0	0	0	0	0	0	0	0	0	0	0	0	0	0	0	0
/input/intro-notes/StructureDefinition-jp-diagnosticreport-dentaloral-intro.md	2696	-	-	-	0	0	0	0	0	0	0	0	0	0	0	0	0	0	0	0	0	0	0	0	0	0	0	0	0
/input/intro-notes/StructureDefinition-jp-imagingstudy-endoscopy-notes.md	5082	-	-	-	0	0	0	0	0	0	0	0	0	0	0	0	0	0	0	0	0	0	0	0	0	0	0	0	0
/input/intro-notes/StructureDefinition-jp-patient-notes.md	11350	-	-	-	0	0	0	0	0	0	0	0	0	0	0	0	0	0	0	0	0	0	0	0	0	0	0	0	0
/input/intro-notes/StructureDefinition-jp-condition-notes.md	6516	-	-	-	0	0	0	0	0	0	0	0	0	0	0	0	0	0	0	0	0	0	1	0	0	0	0	0	0
/input/intro-notes/StructureDefinition-jp-location-notes.md	4853	-	-	-	0	0	0	0	0	0	0	0	0	0	0	0	0	0	0	0	0	0	0	0	0	0	0	0	0
/input/intro-notes/StructureDefinition-jp-location-intro.md	1936	-	-	-	0	0	0	0	0	0	0	0	0	0	0	0	0	0	0	0	0	0	0	0	0	0	0	0	0
/input/intro-notes/StructureDefinition-jp-observation-dentaloral-ecs-notes.md	2511	-	-	-	0	0	0	0	0	0	0	0	0	0	0	0	0	0	0	0	0	0	0	0	0	0	0	0	0
/input/intro-notes/StructureDefinition-jp-medicationrequest-intro.md	3056	-	-	-	0	0	0	0	0	0	0	0	0	0	0	0	0	0	0	0	0	0	0	0	0	0	0	0	0
/input/intro-notes/StructureDefinition-jp-activitydefinition-chemotherapyregimen-injection-notes.md	9426	-	-	-	0	0	0	0	0	0	0	0	0	0	0	0	0	0	0	0	0	0	0	0	0	0	0	0	0
/input/intro-notes/StructureDefinition-jp-medicationadministration-injection-notes.md	30994	-	-	-	0	0	0	0	0	0	0	0	0	0	0	0	0	0	0	0	0	0	1	0	0	0	0	0	0
/input/intro-notes/StructureDefinition-jp-observation-radiology-impression-intro.md	1816	-	-	-	0	0	0	0	0	0	0	0	0	0	0	0	0	0	0	0	0	0	0	0	0	0	0	0	0
/input/intro-notes/StructureDefinition-jp-media-endoscopy-intro.md	2996	-	-	-	0	0	0	0	0	0	0	0	0	0	0	0	0	0	0	0	0	0	0	0	0	0	0	0	0
/input/intro-notes/StructureDefinition-jp-observation-vitalsigns-intro.md	2052	-	-	-	0	0	0	0	0	0	0	0	0	0	0	0	0	0	0	0	0	0	0	0	0	0	0	0	0
/input/intro-notes/StructureDefinition-jp-condition-diagnosis-intro.md	1633	-	-	-	0	0	0	0	0	0	0	0	0	0	0	0	0	0	0	0	0	0	0	0	0	0	0	0	0
/input/intro-notes/StructureDefinition-jp-diagnosticreport-labresult-notes.md	3906	-	-	-	0	0	0	0	0	0	0	0	0	0	0	0	0	0	0	0	0	0	0	0	0	0	0	0	0
/input/intro-notes/CapabilityStatement-jp-server-capabilitystatement-intro.md	1549	-	-	-	0	0	0	0	0	0	0	0	0	0	0	0	0	0	0	0	0	0	1	0	0	0	0	0	0
/input/intro-notes/StructureDefinition-jp-procedure-notes.md	4256	-	-	-	0	0	0	0	0	0	0	0	0	0	0	0	0	0	0	0	0	0	0	0	0	0	0	0	0
/input/intro-notes/StructureDefinition-jp-specimen-common-intro.md	2328	-	-	-	0	0	0	0	0	0	0	0	0	0	0	0	0	0	0	0	0	0	0	0	0	0	0	0	0
/input/intro-notes/StructureDefinition-jp-encounter-notes.md	8500	-	-	-	0	0	0	0	0	0	0	0	0	0	0	0	0	0	0	0	0	0	0	0	0	0	0	0	0
/input/intro-notes/StructureDefinition-jp-familymemberhistory-notes.md	3285	-	-	-	0	0	0	0	0	0	0	0	0	0	0	0	0	0	0	0	0	0	0	0	0	0	0	0	0
/input/intro-notes/StructureDefinition-jp-observation-vitalsigns-notes.md	1561	-	-	-	0	0	0	0	0	0	0	0	0	0	0	0	0	0	0	0	0	0	0	0	0	0	0	0	0
/input/intro-notes/StructureDefinition-jp-organization-department-intro.md	1625	-	-	-	0	0	0	0	0	0	0	0	0	0	0	0	0	0	0	0	0	0	0	0	0	0	0	0	0
/input/intro-notes/StructureDefinition-jp-diagnosticreport-common-intro.md	4004	-	-	-	0	0	0	0	0	0	0	0	0	0	0	0	0	0	0	0	0	0	0	0	0	0	0	0	0
/input/intro-notes/StructureDefinition-jp-practitioner-intro.md	2628	-	-	-	0	0	0	0	0	0	0	0	0	0	0	0	0	0	0	0	0	0	1	0	0	0	0	0	0
/input/intro-notes/StructureDefinition-jp-coverage-intro.md	1575	-	-	-	0	0	0	0	0	0	0	0	0	0	0	0	0	0	0	0	0	0	0	0	0	0	0	0	0
/input/intro-notes/StructureDefinition-jp-observation-radiology-findings-intro.md	1759	-	-	-	0	0	0	0	0	0	0	0	0	0	0	0	0	0	0	0	0	0	0	0	0	0	0	0	0
/input/intro-notes/StructureDefinition-jp-observation-radiology-impression-notes.md	2215	-	-	-	0	0	0	0	0	0	0	0	0	0	0	0	0	0	0	0	0	0	0	0	0	0	0	0	0
/input/intro-notes/StructureDefinition-jp-diagnosticreport-dentaloral-notes.md	4085	-	-	-	0	0	0	0	0	0	0	0	0	0	0	0	0	0	0	0	0	0	0	0	0	0	0	0	0
/input/intro-notes/StructureDefinition-jp-practitionerrole-notes.md	4299	-	-	-	0	0	0	0	0	0	0	0	0	0	0	0	0	0	0	0	0	0	0	0	0	0	0	0	0
/input/intro-notes/StructureDefinition-jp-coverage-notes.md	10071	-	-	-	0	0	0	0	0	0	0	0	0	0	0	0	0	0	0	0	0	0	0	0	0	0	0	0	0
/input/intro-notes/StructureDefinition-jp-observation-physicalexam-notes.md	1489	-	-	-	0	0	0	0	0	0	0	0	0	0	0	0	0	0	0	0	0	0	0	0	0	0	0	0	0
/input/intro-notes/StructureDefinition-jp-observation-common-notes.md	33417	-	-	-	0	0	0	0	0	0	0	0	0	0	0	0	0	0	0	0	0	0	1	0	0	0	0	0	0
/input/intro-notes/StructureDefinition-jp-medicationadministration-notes.md	17253	-	-	-	0	0	0	0	0	0	0	0	0	0	0	0	0	0	0	0	0	0	1	0	0	0	0	0	0
/input/intro-notes/StructureDefinition-jp-medicationstatement-intro.md	2066	-	-	-	0	0	0	0	0	0	0	0	0	0	0	0	0	0	0	0	0	0	0	0	0	0	0	0	0
/input/intro-notes/StructureDefinition-jp-servicerequest-common-intro.md	6970	-	-	-	0	0	0	0	0	0	0	0	0	0	0	0	0	0	0	0	0	0	0	0	0	0	0	0	0
/input/intro-notes/StructureDefinition-jp-condition-diagnosis-notes.md	16375	-	-	-	0	0	0	0	0	0	0	0	0	0	0	0	0	0	0	0	0	0	0	0	0	0	0	0	0
/input/intro-notes/StructureDefinition-jp-observation-labresult-notes.md	8526	-	-	-	0	0	0	0	0	0	0	0	0	0	0	0	0	0	0	0	0	0	0	0	0	0	0	0	0
/input/intro-notes/StructureDefinition-jp-encounter-intro.md	9803	-	-	-	0	0	0	0	0	0	0	0	0	0	0	0	0	0	0	0	0	0	0	0	0	0	0	0	0
/input/intro-notes/StructureDefinition-jp-common-department-notes.md	2756	-	-	-	0	0	0	0	0	0	0	0	0	0	0	0	0	0	0	0	0	0	1	0	0	0	0	0	0
/input/intro-notes/StructureDefinition-jp-diagnosticreport-endoscopy-notes.md	8619	-	-	-	0	0	0	0	0	0	0	0	0	0	0	0	0	0	0	0	0	0	0	0	0	0	0	0	0
/input/intro-notes/StructureDefinition-jp-observation-socialhistory-notes.md	1504	-	-	-	0	0	0	0	0	0	0	0	0	0	0	0	0	0	0	0	0	0	0	0	0	0	0	0	0
/input/intro-notes/StructureDefinition-jp-activitydefinition-chemotherapyregimen-injection-intro.md	1013	-	-	-	0	0	0	0	0	0	0	0	0	0	0	0	0	0	0	0	0	0	0	0	0	0	0	0	0
/input/intro-notes/StructureDefinition-jp-common-department-intro.md	1498	-	-	-	0	0	0	0	0	0	0	0	0	0	0	0	0	0	0	0	0	0	0	0	0	0	0	0	0
/input/intro-notes/StructureDefinition-jp-practitionerrole-intro.md	1744	-	-	-	0	0	0	0	0	0	0	0	0	0	0	0	0	0	0	0	0	0	0	0	0	0	0	0	0
/input/intro-notes/StructureDefinition-jp-media-endoscopy-notes.md	3261	-	-	-	0	0	0	0	0	0	0	0	0	0	0	0	0	0	0	0	0	0	0	0	0	0	0	0	0
/input/intro-notes/StructureDefinition-jp-diagnosticreport-microbiology-intro.md	5202	-	-	-	0	0	0	0	0	0	0	0	0	0	0	0	0	0	0	0	0	0	0	0	0	0	0	0	0
/input/intro-notes/StructureDefinition-jp-medicationrequest-injection-notes.md	36523	-	-	-	0	0	0	0	0	0	0	0	0	0	0	0	0	0	0	0	0	0	1	0	0	0	0	0	0
/input/intro-notes/StructureDefinition-jp-plandefinition-chemotherapyregimen-notes.md	8526	-	-	-	0	0	0	0	0	0	0	0	0	0	0	0	0	0	0	0	0	0	0	0	0	0	0	0	0
/input/intro-notes/StructureDefinition-jp-diagnosticreport-radiology-notes.md	13803	-	-	-	0	0	0	0	0	0	0	0	0	0	0	0	0	0	0	0	0	0	0	0	0	0	0	0	0
/input/intro-notes/StructureDefinition-jp-medicationstatement-injection-notes.md	12985	-	-	-	0	0	0	0	0	0	0	0	0	0	0	0	0	0	0	0	0	0	1	0	0	0	0	0	0
/input/intro-notes/StructureDefinition-jp-immunization-intro.md	1871	-	-	-	0	0	0	0	0	0	0	0	0	0	0	0	0	0	0	0	0	0	0	0	0	0	0	0	0
/input/intro-notes/StructureDefinition-jp-observation-microbiology-notes.md	8550	-	-	-	0	0	0	0	0	0	0	0	0	0	0	0	0	0	0	0	0	0	0	0	0	0	0	0	0
/input/intro-notes/StructureDefinition-jp-familymemberhistory-intro.md	1692	-	-	-	0	0	0	0	0	0	0	0	0	0	0	0	0	0	0	0	0	0	0	0	0	0	0	0	0
/input/intro-notes/StructureDefinition-jp-organization-intro.md	1026	-	-	-	0	0	0	0	0	0	0	0	0	0	0	0	0	0	0	0	0	0	0	0	0	0	0	0	0
/input/intro-notes/StructureDefinition-jp-servicerequest-common-notes.md	7510	-	-	-	0	0	0	0	0	0	0	0	0	0	0	0	0	0	0	0	0	0	0	0	0	0	0	0	0
/input/intro-notes/StructureDefinition-jp-diagnosticreport-microbiology-notes.md	3643	-	-	-	0	0	0	0	0	0	0	0	0	0	0	0	0	0	0	0	0	0	1	0	0	0	0	0	0
/input/intro-notes/StructureDefinition-jp-observation-labresult-intro.md	2628	-	-	-	0	0	0	0	0	0	0	0	0	0	0	0	0	0	0	0	0	0	0	0	0	0	0	0	0
/input/intro-notes/StructureDefinition-jp-observation-electrocardiogram-notes.md	5077	-	-	-	0	0	0	0	0	0	0	0	0	0	0	0	0	0	0	0	0	0	0	0	0	0	0	0	0
/input/intro-notes/StructureDefinition-jp-observation-radiology-findings-notes.md	2138	-	-	-	0	0	0	0	0	0	0	0	0	0	0	0	0	0	0	0	0	0	0	0	0	0	0	0	0
/input/intro-notes/StructureDefinition-jp-medicationdispense-notes.md	15694	-	-	-	0	0	0	0	0	0	0	0	0	0	0	0	0	0	0	0	0	0	0	0	0	0	0	0	0
/input/intro-notes/StructureDefinition-jp-allergyintolerance-intro.md	1020	-	-	-	0	0	0	0	0	0	0	0	0	0	0	0	0	0	0	0	0	0	0	0	0	0	0	0	0
/input/intro-notes/StructureDefinition-jp-procedure-intro.md	2281	-	-	-	0	0	0	0	0	0	0	0	0	0	0	0	0	0	0	0	0	0	0	0	0	0	0	0	0
/input/intro-notes/CapabilityStatement-jp-client-capabilitystatement-intro.md	493	-	-	-	0	0	0	0	0	0	0	0	0	0	0	0	0	0	0	0	0	0	0	0	0	0	0	0	0
/input/intro-notes/StructureDefinition-jp-observation-endoscopy-notes.md	4695	-	-	-	0	0	0	0	0	0	0	0	0	0	0	0	0	0	0	0	0	0	1	0	0	0	0	0	0
/input/intro-notes/StructureDefinition-jp-observation-dentaloral-toothexistence-intro.md	940	-	-	-	0	0	0	0	0	0	0	0	0	0	0	0	0	0	0	0	0	0	0	0	0	0	0	0	0
/input/intro-notes/StructureDefinition-jp-diagnosticreport-common-notes.md	3957	-	-	-	0	0	0	0	0	0	0	0	0	0	0	0	0	0	0	0	0	0	0	0	0	0	0	0	0
/input/intro-notes/StructureDefinition-jp-medicationdispense-intro.md	2306	-	-	-	0	0	0	0	0	0	0	0	0	0	0	0	0	0	0	0	0	0	0	0	0	0	0	0	0
/input/intro-notes/StructureDefinition-jp-observation-endoscopy-intro.md	2975	-	-	-	0	0	0	0	0	0	0	0	0	0	0	0	0	0	0	0	0	0	0	0	0	0	0	0	0
/input/intro-notes/StructureDefinition-jp-plandefinition-chemotherapyregimen-intro.md	1432	-	-	-	0	0	0	0	0	0	0	0	0	0	0	0	0	0	0	0	0	0	0	0	0	0	0	0	0
/input/intro-notes/StructureDefinition-jp-condition-intro.md	1029	-	-	-	0	0	0	0	0	0	0	0	0	0	0	0	0	0	0	0	0	0	0	0	0	0	0	0	0
/input/intro-notes/StructureDefinition-jp-observation-dentaloral-toothtreatmentcondition-notes.md	2310	-	-	-	0	0	0	0	0	0	0	0	0	0	0	0	0	0	0	0	0	0	0	0	0	0	0	0	0
/input/intro-notes/StructureDefinition-jp-observation-bodymeasurement-intro.md	1987	-	-	-	0	0	0	0	0	0	0	0	0	0	0	0	0	0	0	0	0	0	0	0	0	0	0	0	0
/input/intro-notes/StructureDefinition-jp-observation-socialhistory-intro.md	1975	-	-	-	0	0	0	0	0	0	0	0	0	0	0	0	0	0	0	0	0	0	0	0	0	0	0	0	0
/input/intro-notes/StructureDefinition-jp-imagingstudy-radiology-notes.md	9101	-	-	-	0	0	0	0	0	0	0	0	0	0	0	0	0	0	0	0	0	0	0	0	0	0	0	0	0
/input/intro-notes/StructureDefinition-jp-observation-electrocardiogram-intro.md	1640	-	-	-	0	0	0	0	0	0	0	0	0	0	0	0	0	0	0	0	0	0	1	0	0	0	0	0	0
/input/intro-notes/StructureDefinition-jp-medicationstatement-injection-intro.md	1930	-	-	-	0	0	0	0	0	0	0	0	0	0	0	0	0	0	0	0	0	0	0	0	0	0	0	0	0
/input/intro-notes/StructureDefinition-jp-imagingstudy-endoscopy-intro.md	4165	-	-	-	0	0	0	0	0	0	0	0	0	0	0	0	0	0	0	0	0	0	0	0	0	0	0	0	0
/input/intro-notes/StructureDefinition-jp-observation-physicalexam-intro.md	1660	-	-	-	0	0	0	0	0	0	0	0	0	0	0	0	0	0	0	0	0	0	0	0	0	0	0	0	0
/input/intro-notes/StructureDefinition-jp-medication-intro.md	1924	-	-	-	0	0	0	0	0	0	0	0	0	0	0	0	0	0	0	0	0	0	0	0	0	0	0	0	0
/input/intro-notes/StructureDefinition-jp-patient-intro.md	2359	-	-	-	0	0	0	0	0	0	0	0	0	0	0	0	0	0	0	0	0	0	0	0	0	0	0	0	0
/input/intro-notes/StructureDefinition-jp-specimen-common-notes.md	355	-	-	-	0	0	0	0	0	0	0	0	0	0	0	0	0	0	0	0	0	0	0	0	0	0	0	0	0
/input/intro-notes/StructureDefinition-jp-medicationdispense-injection-notes.md	21408	-	-	-	0	0	0	0	0	0	0	0	0	0	0	0	0	0	0	0	0	0	0	0	0	0	0	0	0
/input/intro-notes/StructureDefinition-jp-observation-dentaloral-toothexistence-notes.md	2667	-	-	-	0	0	0	0	0	0	0	0	0	0	0	0	0	0	0	0	0	0	1	0	0	0	0	0	0
/input/intro-notes/StructureDefinition-jp-observation-dentaloral-missingtoothcondition-notes.md	2253	-	-	-	0	0	0	0	0	0	0	0	0	0	0	0	0	0	0	0	0	0	0	0	0	0	0	0	0
/input/intro-notes/StructureDefinition-jp-medication-notes.md	4784	-	-	-	0	0	0	0	0	0	0	0	0	0	0	0	0	0	0	0	0	0	0	0	0	0	0	0	0
/input/intro-notes/intoronotes-resources	0	-	-	-	0	0	0	0	0	0	0	0	0	0	0	0	0	0	0	0	0	0	3	0	0	0	0	0	0
/input/intro-notes/intoronotes-resources/observation_microbiology_structure.PNG	115653	-	-	-	0	0	0	0	0	0	0	0	0	0	0	0	0	0	0	0	0	0	0	0	0	0	0	0	0
/input/intro-notes/StructureDefinition-jp-observation-bodymeasurement-notes.md	1533	-	-	-	0	0	0	0	0	0	0	0	0	0	0	0	0	0	0	0	0	0	0	0	0	0	0	0	0
/input/intro-notes/StructureDefinition-jp-organization-notes.md	7629	-	-	-	0	0	0	0	0	0	0	0	0	0	0	0	0	0	0	0	0	0	0	0	0	0	0	0	0
/input/intro-notes/StructureDefinition-jp-consent-notes.md	520	-	-	-	0	0	0	0	0	0	0	0	0	0	0	0	0	0	0	0	0	0	0	0	0	0	0	0	0
/input/intro-notes/StructureDefinition-jp-observation-microbiology-intro.md	6728	-	-	-	0	0	0	0	0	0	0	0	0	0	0	0	0	0	0	0	0	0	1	0	0	0	0	0	0
/input/intro-notes/StructureDefinition-jp-humanname-notes.md	3115	-	-	-	0	0	0	0	0	0	0	0	0	0	0	0	0	0	0	0	0	0	0	0	0	0	0	0	0
/input/intro-notes/StructureDefinition-jp-practitioner-notes.md	4115	-	-	-	0	0	0	0	0	0	0	0	0	0	0	0	0	0	0	0	0	0	0	0	0	0	0	0	0
/input/intro-notes/StructureDefinition-jp-imagingstudy-radiology-intro.md	5133	-	-	-	0	0	0	0	0	0	0	0	0	0	0	0	0	0	0	0	0	0	0	0	0	0	0	0	0
/input/intro-notes/StructureDefinition-jp-diagnosticreport-endoscopy-intro.md	3012	-	-	-	0	0	0	0	0	0	0	0	0	0	0	0	0	0	0	0	0	0	0	0	0	0	0	0	0
/input/intro-notes/StructureDefinition-jp-observation-common-intro.md	1598	-	-	-	0	0	0	0	0	0	0	0	0	0	0	0	0	0	0	0	0	0	0	0	0	0	0	0	0
/input/images	0	-	-	-	0	0	0	0	0	0	0	0	0	0	0	0	0	0	0	0	0	0	0	0	0	0	0	0	0
/input/images/observation_dentaloral_ecs_structure.png	53022	-	-	-	0	0	0	0	0	0	0	0	0	0	0	0	0	0	0	0	0	0	0	0	0	0	0	0	0
/input/images/observation_microbiology_structure.png	115653	-	-	-	0	0	0	0	0	0	0	0	0	0	0	0	0	0	0	0	0	0	0	0	0	0	0	0	0
/input/images/observation_radiology_structure.png	462753	-	-	-	0	0	0	0	0	0	0	0	0	0	0	0	0	0	0	0	0	0	1	0	0	0	0	0	0
/input/images/observation_dentaloral_structure.png	284895	-	-	-	0	0	0	0	0	0	0	0	0	0	0	0	0	0	0	0	0	0	0	0	0	0	0	0	0
/input/images/observation_endoscopy_structure.png	93920	-	-	-	0	0	0	0	0	0	0	0	0	0	0	0	0	0	0	0	0	0	1	0	0	0	0	0	0
/fsh-generated/includes	0	-	-	-	0	0	0	0	0	0	0	0	0	0	0	0	0	0	0	0	0	0	0	0	0	0	0	0	0
/fsh-generated/includes/menu.xml	2639	-	-	-	0	0	0	0	0	0	0	0	0	0	0	0	0	0	0	0	0	0	0	0	0	0	0	0	0
/fsh-generated/includes/fsh-link-references.md	30842	-	-	-	0	0	0	0	0	0	0	0	0	0	0	0	0	0	0	0	0	0	0	0	0	0	0	0	0
/template/config	0	-	-	-	0	0	0	0	0	0	0	0	0	0	0	0	0	0	0	0	0	0	0	0	0	0	0	0	0
/template/config/_config.yml	140	-	-	-	0	0	0	0	0	0	0	0	0	0	0	0	0	0	0	0	0	0	0	0	0	0	0	0	0
/temp/pages/_includes/artifacts.xml	164979	-	-	-	-	-	-	-	-	-	-	-	-	-	-	-	-	-	-	-	-	-	2	0	0	0	0	0	0
