"Id","Path","Slice Name","Alias(s)","Label","Min","Max","Must Support?","Is Modifier?","Is Summary?","Type(s)","Short","Definition","Comments","Requirements","Default Value","Meaning When Missing","Fixed Value","Pattern","Example","Minimum Value","Maximum Value","Maximum Length","Binding Strength","Binding Description","Binding Value Set","Code","Slicing Discriminator","Slicing Description","Slicing Ordered","Slicing Rules","Base Path","Base Min","Base Max","Condition(s)","Constraint(s)","Mapping: Workflow Pattern","Mapping: RIM Mapping","Mapping: FiveWs Pattern Mapping","Mapping: Object Implementation Information"
"ActivityDefinition","ActivityDefinition","","","",0,*,"","","","null {[]} {[]}
","TBD","TBD","","","","","","","","","",,,,,"",,,,"ActivityDefinition",0,*,"","cnl-0:名称は、コード生成などの機械処理アプリケーションによるモジュールの識別子として使用できるべきである / Name should be usable as an identifier for the module by machine processing applications such as code generation {name.exists() implies name.matches('[A-Z]([A-Za-z0-9_]){0,254}')}
dom-2:リソースが別のリソースに含まれている場合、ネストされたリソースを含めてはなりません / If the resource is contained in another resource, it SHALL NOT contain nested Resources {contained.contained.empty()}dom-3:リソースが別のリソースに含まれている場合、それはリソースの他の場所から参照されるか、含有リソースを参照するものとします / If the resource is contained in another resource, it SHALL be referred to from elsewhere in the resource or SHALL refer to the containing resource {contained.where(((id.exists() and ('#'+id in (%resource.descendants().reference | %resource.descendants().as(canonical) | %resource.descendants().as(uri) | %resource.descendants().as(url)))) or descendants().where(reference = '#').exists() or descendants().where(as(canonical) = '#').exists() or descendants().where(as(uri) = '#').exists()).not()).trace('unmatched', id).empty()}dom-4:リソースが別のリソースに含まれている場合、meta.versionidもmeta.lastupdatedも持ってはならない。 / If a resource is contained in another resource, it SHALL NOT have a meta.versionId or a meta.lastUpdated {contained.meta.versionId.empty() and contained.meta.lastUpdated.empty()}dom-5:別のリソースにリソースが含まれている場合、セキュリティラベルはありません / If a resource is contained in another resource, it SHALL NOT have a security label {contained.meta.security.empty()}dom-6:リソースには、堅牢な管理のための叙述(Narative)が存在することが望ましい / A resource should have narrative for robust management {text.`div`.exists()}","Definition","Entity. Role, or Act","Act[classCode=ACT; moodCode=DEFN]","clinical.general"
"ActivityDefinition.id","ActivityDefinition.id","","","",0,1,"","","Y","id {[]} {[]}
","このアーティファクトの論理ID / Logical id of this artifact","リソースのURLで使用されるリソースの論理ID。割り当てられたら、この値は変更されません。 / The logical id of the resource, as used in the URL for the resource. Once assigned, this value never changes.","リソースにIDがないのは、IDが作成操作を使用してサーバーに送信されている場合です。 / The only time that a resource does not have an id is when it is being submitted to the server using a create operation.","","","","","","","","",,,,,"",,,,"Resource.id",0,1,"",""
"ActivityDefinition.meta","ActivityDefinition.meta","","","",0,1,"","","Y","Meta {[]} {[]}
","リソースに関するMetadata / Metadata about the resource","リソースに関するMetadata。これは、インフラストラクチャによって維持されるコンテンツです。コンテンツの変更は、常にリソースのバージョンの変更に関連付けられているとは限りません。 / The metadata about the resource. This is content that is maintained by the infrastructure. Changes to the content might not always be associated with version changes to the resource.","","","","","","","","","",,,,,"",,,,"Resource.meta",0,1,"","ele-1:すべてのFHIR要素には、@valueまたは子要素が必要です / All FHIR elements must have a @value or children {hasValue() or (children().count() > id.count())}
"
"ActivityDefinition.implicitRules","ActivityDefinition.implicitRules","","","",0,1,"","Y","Y","uri {[]} {[]}
","このコンテンツが作成されたルールのセット / A set of rules under which this content was created","リソースが構築されたときに従った一連のルールへの参照。コンテンツの処理時に理解する必要があります。多くの場合、これは他のプロファイルなどとともに特別なルールを定義する実装ガイドへの参照です。 / A reference to a set of rules that were followed when the resource was constructed, and which must be understood when processing the content. Often, this is a reference to an implementation guide that defines the special rules along with other profiles etc.","このルールセットを主張することは、コンテンツが限られた取引パートナーのセットによってのみ理解されることを制限します。これにより、本質的に長期的にデータの有用性が制限されます。ただし、既存の健康エコシステムは非常に破壊されており、一般的に計算可能な意味でデータを定義、収集、交換する準備ができていません。可能な限り、実装者や仕様ライターはこの要素の使用を避ける必要があります。多くの場合、使用する場合、URLは、これらの特別なルールを他のプロファイル、バリューセットなどとともに叙述(Narative)の一部として定義する実装ガイドへの参照です。 / Asserting this rule set restricts the content to be only understood by a limited set of trading partners. This inherently limits the usefulness of the data in the long term. However, the existing health eco-system is highly fractured, and not yet ready to define, collect, and exchange data in a generally computable sense. Wherever possible, implementers and/or specification writers should avoid using this element. Often, when used, the URL is a reference to an implementation guide that defines these special rules as part of it's narrative along with other profiles, value sets, etc.","","","","","","","","",,,,,"",,,,"Resource.implicitRules",0,1,"","ele-1:すべてのFHIR要素には、@valueまたは子要素が必要です / All FHIR elements must have a @value or children {hasValue() or (children().count() > id.count())}
"
"ActivityDefinition.language","ActivityDefinition.language","","","",0,1,"","","","code {[]} {[]}
","リソースコンテンツの言語 / Language of the resource content","リソースが書かれている基本言語。 / The base language in which the resource is written.","言語は、インデックス作成とアクセシビリティをサポートするために提供されます（通常、テキストから音声までのサービスなどのサービスが言語タグを使用します）。叙述(Narative)のHTML言語タグは、叙述(Narative)に適用されます。リソース上の言語タグを使用して、リソース内のデータから生成された他のプレゼンテーションの言語を指定できます。すべてのコンテンツが基本言語である必要はありません。リソース。言語は、叙述(Narative)に自動的に適用されると想定されるべきではありません。言語が指定されている場合、HTMLのDIV要素にも指定されている場合（XML：LangとHTML Lang属性の関係については、HTML5のルールを参照してください）。 / Language is provided to support indexing and accessibility (typically, services such as text to speech use the language tag). The html language tag in the narrative applies  to the narrative. The language tag on the resource may be used to specify the language of other presentations generated from the data in the resource. Not all the content has to be in the base language. The Resource.language should not be assumed to apply to the narrative automatically. If a language is specified, it should it also be specified on the div element in the html (see rules in HTML5 for information about the relationship between xml:lang and the html lang attribute).","","","","","","","","",,"preferred","IETF言語タグ / IETF language tag","http://hl7.org/fhir/ValueSet/languages|4.3.0","",,,,"Resource.language",0,1,"","ele-1:すべてのFHIR要素には、@valueまたは子要素が必要です / All FHIR elements must have a @value or children {hasValue() or (children().count() > id.count())}
"
"ActivityDefinition.text","ActivityDefinition.text","","narrative
htmlxhtmldisplay","",0,1,"","","","Narrative {[]} {[]}
","人間の解釈のためのリソースのテキスト概要 / Text summary of the resource, for human interpretation","リソースの概要を含み、人間へのリソースの内容を表すために使用できる人間の読み取り可能な叙述(Narative)。叙述(Narative)はすべての構造化されたデータをエンコードする必要はありませんが、人間が叙述(Narative)を読むだけで「臨床的に安全」にするために十分な詳細を含める必要があります。リソースの定義は、臨床的安全を確保するために、叙述(Narative)で表現するコンテンツを定義する場合があります。 / A human-readable narrative that contains a summary of the resource and can be used to represent the content of the resource to a human. The narrative need not encode all the structured data, but is required to contain sufficient detail to make it ""clinically safe"" for a human to just read the narrative. Resource definitions may define what content should be represented in the narrative to ensure clinical safety.","含まれるリソースには叙述(Narative)がありません。含まれていないリソースには叙述(Narative)が必要です。場合によっては、リソースには、追加の個別のデータがほとんどまたはまったくないテキストのみがあります（すべてのMinoccur = 1要素が満たされている限り）。これは、情報がtext blob (バイナリー ラージ オブジェクト)としてキャプチャされるレガシーシステムからのデータ、またはテキストが生またはナレーションされ、エンコードされた情報が後で追加される場合に必要になる場合があります。 / Contained resources do not have narrative. Resources that are not contained SHOULD have a narrative. In some cases, a resource may only have text with little or no additional discrete data (as long as all minOccurs=1 elements are satisfied).  This may be necessary for data from legacy systems where information is captured as a ""text blob"" or where text is additionally entered raw or narrated and encoded information is added later.","","","","","","","","",,,,,"",,,,"DomainResource.text",0,1,"","ele-1:すべてのFHIR要素には、@valueまたは子要素が必要です / All FHIR elements must have a @value or children {hasValue() or (children().count() > id.count())}
","Act.text?"
"ActivityDefinition.contained","ActivityDefinition.contained","","inline resources
anonymous resourcescontained resources","",0,*,"","","","Resource {[]} {[]}
","インラインリソースが含まれています / Contained, inline Resources","これらのリソースには、それらを含むリソースを除いて独立した存在はありません - 独立して特定することはできず、独自の独立したトランザクションスコープを持つこともできません。 / These resources do not have an independent existence apart from the resource that contains them - they cannot be identified independently, and nor can they have their own independent transaction scope.","識別が失われると、コンテンツを適切に識別できる場合は、これを行うべきではありません。含まれるリソースには、メタ要素にプロファイルとタグがある場合がありますが、セキュリティラベルはありません。 / This should never be done when the content can be identified properly, as once identification is lost, it is extremely difficult (and context dependent) to restore it again. Contained resources may have profiles and tags In their meta elements, but SHALL NOT have security labels.","","","","","","","","",,,,,"",,,,"DomainResource.contained",0,*,"","dom-r4b:R4リソース内に新しいR4Bリソースを含めると、インスタンスがR4システムと共有された場合に相互運用性の問題が発生する可能性があります / Containing new R4B resources within R4 resources may cause interoperability issues if instances are shared with R4 systems {($this is Citation or $this is Evidence or $this is EvidenceReport or $this is EvidenceVariable or $this is MedicinalProductDefinition or $this is PackagedProductDefinition or $this is AdministrableProductDefinition or $this is Ingredient or $this is ClinicalUseDefinition or $this is RegulatedAuthorization or $this is SubstanceDefinition or $this is SubscriptionStatus or $this is SubscriptionTopic) implies (%resource is Citation or %resource is Evidence or %resource is EvidenceReport or %resource is EvidenceVariable or %resource is MedicinalProductDefinition or %resource is PackagedProductDefinition or %resource is AdministrableProductDefinition or %resource is Ingredient or %resource is ClinicalUseDefinition or %resource is RegulatedAuthorization or %resource is SubstanceDefinition or %resource is SubscriptionStatus or %resource is SubscriptionTopic)}
","N/A"
"ActivityDefinition.extension","ActivityDefinition.extension","","extensions
user content","",0,*,"","","","Extension {[]} {[]}
","実装で定義された追加のコンテンツ / Additional content defined by implementations","リソースの基本的な定義の一部ではない追加情報を表すために使用できます。拡張機能を安全で管理しやすくするために、拡張機能の定義と使用に適用される厳格なガバナンスセットがあります。実装者は拡張機能を定義できますが、拡張機能の定義の一部として満たされる一連の要件があります。 / May be used to represent additional information that is not part of the basic definition of the resource. To make the use of extensions safe and manageable, there is a strict set of governance  applied to the definition and use of extensions. Though any implementer can define an extension, there is a set of requirements that SHALL be met as part of the definition of the extension.","拡張機能を使用または定義する機関や管轄権に関係なく、アプリケーション、プロジェクト、または標準による拡張機能の使用に関連するスティグマはありません。拡張機能の使用は、FHIR仕様がすべての人にコアレベルのシンプルさを保持できるようにするものです。 / There can be no stigma associated with the use of extensions by any application, project, or standard - regardless of the institution or jurisdiction that uses or defines the extensions.  The use of extensions is what allows the FHIR specification to retain a core level of simplicity for everyone.","","","","","","","","",,,,,"",,,,"DomainResource.extension",0,*,"","ele-1:すべてのFHIR要素には、@valueまたは子要素が必要です / All FHIR elements must have a @value or children {hasValue() or (children().count() > id.count())}
ext-1:両方ではなく、拡張または値[x]が必要です / Must have either extensions or value[x], not both {extension.exists() != value.exists()}","N/A"
"ActivityDefinition.modifierExtension","ActivityDefinition.modifierExtension","","extensions
user content","",0,*,"","Y","","Extension {[]} {[]}
","無視できない拡張機能 / Extensions that cannot be ignored","リソースの基本的な定義の一部ではなく、それを含む要素の理解および/または含有要素の子孫の理解を変更するために使用される場合があります。通常、修飾子要素は否定または資格を提供します。拡張機能を安全で管理しやすくするために、拡張機能の定義と使用に適用される厳格なガバナンスセットがあります。実装者は拡張機能を定義することが許可されていますが、拡張機能の定義の一部として満たされる一連の要件があります。アプリケーションの処理リソースは、修飾子拡張機能をチェックする必要があります。

モディファイア拡張は、リソースまたはdomainResource上の要素の意味を変更してはなりません（修飾軸自体の意味を変更することはできません）。 / May be used to represent additional information that is not part of the basic definition of the resource and that modifies the understanding of the element that contains it and/or the understanding of the containing element's descendants. Usually modifier elements provide negation or qualification. To make the use of extensions safe and manageable, there is a strict set of governance applied to the definition and use of extensions. Though any implementer is allowed to define an extension, there is a set of requirements that SHALL be met as part of the definition of the extension. Applications processing a resource are required to check for modifier extensions.

Modifier extensions SHALL NOT change the meaning of any elements on Resource or DomainResource (including cannot change the meaning of modifierExtension itself).","拡張機能を使用または定義する機関や管轄権に関係なく、アプリケーション、プロジェクト、または標準による拡張機能の使用に関連するスティグマはありません。拡張機能の使用は、FHIR仕様がすべての人にコアレベルのシンプルさを保持できるようにするものです。 / There can be no stigma associated with the use of extensions by any application, project, or standard - regardless of the institution or jurisdiction that uses or defines the extensions.  The use of extensions is what allows the FHIR specification to retain a core level of simplicity for everyone.","修飾子拡張機能により、安全に無視できる大部分の拡張機能と明確に区別できるように、安全に無視できない拡張機能が可能になります。これにより、実装者が拡張の存在を禁止する必要性を排除することにより、相互運用性が促進されます。詳細については、[修飾子拡張の定義]（拡張性.html＃modifierextension）を参照してください。 / Modifier extensions allow for extensions that *cannot* be safely ignored to be clearly distinguished from the vast majority of extensions which can be safely ignored.  This promotes interoperability by eliminating the need for implementers to prohibit the presence of extensions. For further information, see the [definition of modifier extensions](http://hl7.org/fhir/R4B/extensibility.html#modifierExtension).","","","","","","","",,,,,"",,,,"DomainResource.modifierExtension",0,*,"","ele-1:すべてのFHIR要素には、@valueまたは子要素が必要です / All FHIR elements must have a @value or children {hasValue() or (children().count() > id.count())}
ext-1:両方ではなく、拡張または値[x]が必要です / Must have either extensions or value[x], not both {extension.exists() != value.exists()}","N/A"
"ActivityDefinition.url","ActivityDefinition.url","","","",0,1,"","","Y","uri {[]} {[]}
","このアクティビティ定義の標準identifier、URI（グローバルに一意）として表される / Canonical identifier for this activity definition, represented as a URI (globally unique)","このアクティビティ定義を識別するために使用される絶対URIは、仕様、モデル、設計、またはインスタンスで参照されている場合に使用されます。その標準identifierとも呼ばれます。これはグローバルにユニークである必要があり、このアクティビティ定義の権威あるインスタンスが公開される（または公開される）文字通りのアドレスである必要があります。このURLは、標準的な参照のターゲットになる可能性があります。アクティビティ定義が異なるサーバーに保存されている場合、同じままになります。 / An absolute URI that is used to identify this activity definition when it is referenced in a specification, model, design or an instance; also called its canonical identifier. This SHOULD be globally unique and SHOULD be a literal address at which at which an authoritative instance of this activity definition is (or will be) published. This URL can be the target of a canonical reference. It SHALL remain the same when the activity definition is stored on different servers.","urn：uuid：またはurn：oid：しかし、実際のhttp：アドレスが望ましいです。複数のインスタンスが異なるバージョンがある場合、同じURLを共有する場合があります。

新しいバージョンのリソース（同じURL、新しいバージョン）を作成するタイミングの決定と新しいアーティファクトの定義は、著者次第です。この決定を行うための考慮事項は、[テクニカルバージョンとビジネスバージョン]（resource.html＃バージョン）にあります。

場合によっては、リソースは記載されているURLで見つけることができなくなりますが、URL自体は変更できません。実装では、[Meta.Source]（Resource.html＃Meta）要素を使用して、リソースの現在のマスターソースがどこにあるかを示すことができます。 / Can be a urn:uuid: or a urn:oid: but real http: addresses are preferred.  Multiple instances may share the same URL if they have a distinct version.

The determination of when to create a new version of a resource (same url, new version) vs. defining a new artifact is up to the author.  Considerations for making this decision are found in [Technical and Business Versions](http://hl7.org/fhir/R4B/resource.html#versions). 

In some cases, the resource can no longer be found at the stated url, but the url itself cannot change. Implementations can use the [meta.source](http://hl7.org/fhir/R4B/resource.html#meta) element to indicate where the current master source of the resource can be found.","アクティビティ定義を単一のグローバルに一意のidentifierによって参照できるようにします。 / Allows the activity definition to be referenced by a single globally unique identifier.","","","","","","","",,,,,"",,,,"ActivityDefinition.url",0,1,"","ele-1:すべてのFHIR要素には、@valueまたは子要素が必要です / All FHIR elements must have a @value or children {hasValue() or (children().count() > id.count())}
","Definition.url",".identifier[scope=BUSN;reliability=ISS]","FiveWs.identifier"
"ActivityDefinition.identifier","ActivityDefinition.identifier","","","",0,*,"","","Y","Identifier {[]} {[]}
","アクティビティ定義の追加identifier / Additional identifier for the activity definition","このアクティビティ定義を他の形式で表現した場合、または仕様、モデル、設計、またはインスタンスで参照される場合に使用される正式なidentifier。 / A formal identifier that is used to identify this activity definition when it is represented in other formats, or referenced in a specification, model, design or an instance.","通常、これは、HL7 V3 II（インスタンスidentifier）データ型に移動できるidentifierに使用され、論理URIを使用できないFHIR以外でこのアクティビティ定義を識別できます。 / Typically, this is used for identifiers that can go in an HL7 V3 II (instance identifier) data type, and can then identify this activity definition outside of FHIR, where it is not possible to use the logical URI.","外部から提供可能なビジネスidentifierをモジュールに簡単に関連付けることができます。 / Allows externally provided and/or usable business identifiers to be easily associated with the module.","","","","","","","",,,,,"",,,,"ActivityDefinition.identifier",0,*,"","ele-1:すべてのFHIR要素には、@valueまたは子要素が必要です / All FHIR elements must have a @value or children {hasValue() or (children().count() > id.count())}
","Definition.identifier",".identifier","FiveWs.identifier","no-gen-base"
"ActivityDefinition.version","ActivityDefinition.version","","","",0,1,"","","Y","string {[]} {[]}
","アクティビティ定義のビジネスバージョン / Business version of the activity definition","このバージョンのアクティビティ定義を識別するために使用されるidentifierは、仕様、モデル、デザイン、またはインスタンスで参照されている場合です。これは、アクティビティ定義著者によって管理される任意の価値であり、グローバルにユニークであるとは期待されていません。たとえば、マネージドバージョンが利用できない場合は、タイムスタンプ（Yyyymmddなど）かもしれません。また、バージョンを辞書的なシーケンスに配置できるという期待もありません。意思決定サポートサービスの仕様と一致するバージョンを提供するには、Major.minor.revisionの形式（1.0.0など）を使用します。バージョンの知識資産の詳細については、意思決定支援サービスの仕様を参照してください。非実験的アクティブアセットにはバージョンが必要であることに注意してください。 / The identifier that is used to identify this version of the activity definition when it is referenced in a specification, model, design or instance. This is an arbitrary value managed by the activity definition author and is not expected to be globally unique. For example, it might be a timestamp (e.g. yyyymmdd) if a managed version is not available. There is also no expectation that versions can be placed in a lexicographical sequence. To provide a version consistent with the Decision Support Service specification, use the format Major.Minor.Revision (e.g. 1.0.0). For more information on versioning knowledge assets, refer to the Decision Support Service specification. Note that a version is required for non-experimental active assets.","同じidentifierを持っているが異なるバージョンを持つさまざまなアクティビティ定義インスタンスがある場合があります。バージョンは、[url] | [バージョン]を使用して、アクティビティ定義の特定のビジネスバージョンへの参照を許可するために、参照にURLに追加できます。 / There may be different activity definition instances that have the same identifier but different versions.  The version can be appended to the url in a reference to allow a reference to a particular business version of the activity definition with the format [url]|[version].","","","","","","","","",,,,,"",,,,"ActivityDefinition.version",0,1,"","ele-1:すべてのFHIR要素には、@valueまたは子要素が必要です / All FHIR elements must have a @value or children {hasValue() or (children().count() > id.count())}
","Definition.version","N/A (to add?)","FiveWs.version"
"ActivityDefinition.name","ActivityDefinition.name","","","",0,1,"","","Y","string {[]} {[]}
","このアクティビティ定義の名前（コンピューターフレンドリー） / Name for this activity definition (computer friendly)","アクティビティ定義を識別する自然言語名。この名前は、コード生成などのマシン処理アプリケーションにより、モジュールのidentifierとして使用できる必要があります。 / A natural language name identifying the activity definition. This name should be usable as an identifier for the module by machine processing applications such as code generation.","名前はグローバルにユニークであるとは予想されていません。名前は、機械加工に優しいことを確認するための単純な英数字タイプの名前である必要があります。 / The name is not expected to be globally unique. The name should be a simple alphanumeric type name to ensure that it is machine-processing friendly.","ヒューマンナビゲーションとコード生成をサポートします。 / Support human navigation and code generation.","","","","","","","",,,,,"",,,,"ActivityDefinition.name",0,1,"cnl-0
","ele-1:すべてのFHIR要素には、@valueまたは子要素が必要です / All FHIR elements must have a @value or children {hasValue() or (children().count() > id.count())}
","N/A"
"ActivityDefinition.title","ActivityDefinition.title","","","",0,1,"","","Y","string {[]} {[]}
","このアクティビティ定義の名前（人間に優しい） / Name for this activity definition (human friendly)","アクティビティ定義の短い、説明的でユーザーフレンドリーなタイトル。 / A short, descriptive, user-friendly title for the activity definition.","この名前は、機械加工に優しいものである必要はなく、句読点、ホワイトスペースなどが含まれている場合があります。 / This name does not need to be machine-processing friendly and may contain punctuation, white-space, etc.","","","","","","","","",,,,,"",,,,"ActivityDefinition.title",0,1,"","ele-1:すべてのFHIR要素には、@valueまたは子要素が必要です / All FHIR elements must have a @value or children {hasValue() or (children().count() > id.count())}
","Definition.title",".title"
"ActivityDefinition.subtitle","ActivityDefinition.subtitle","","","",0,1,"","","","string {[]} {[]}
","アクティビティ定義の下位タイトル / Subordinate title of the activity definition","コンテンツに関する追加情報を提供するアクティビティ定義の説明または代替タイトル。 / An explanatory or alternate title for the activity definition giving additional information about its content.","","","","","","","","","",,,,,"",,,,"ActivityDefinition.subtitle",0,1,"","ele-1:すべてのFHIR要素には、@valueまたは子要素が必要です / All FHIR elements must have a @value or children {hasValue() or (children().count() > id.count())}
","N/A (to add?)"
"ActivityDefinition.status","ActivityDefinition.status","","","",1,1,"","Y","Y","code {[]} {[]}
","ドラフト|アクティブ|引退|わからない / draft | active | retired | unknown","このアクティビティ定義のステータス。コンテンツのライフサイクルを追跡することができます。 / The status of this activity definition. Enables tracking the life-cycle of the content.","使用に適したアクティビティ定義のフィルタリングを使用できます。 / Allows filtering of activity definitions that are appropriate for use versus not.","","","","","","","","",,"required","アーティファクトのライフサイクルステータス。 / The lifecycle status of an artifact.","http://hl7.org/fhir/ValueSet/publication-status|4.3.0","",,,,"ActivityDefinition.status",1,1,"","ele-1:すべてのFHIR要素には、@valueまたは子要素が必要です / All FHIR elements must have a @value or children {hasValue() or (children().count() > id.count())}
","Definition.status {different ValueSet}",".status","FiveWs.status"
"ActivityDefinition.experimental","ActivityDefinition.experimental","","","",0,1,"","","Y","boolean {[]} {[]}
","テスト目的で、実際の使用法ではありません / For testing purposes, not real usage","このアクティビティ定義は、テスト目的（または教育/評価/マーケティング）のために執筆されており、本物の使用に使用されることを意図していないことを示すブール値。 / A Boolean value to indicate that this activity definition is authored for testing purposes (or education/evaluation/marketing) and is not intended to be used for genuine usage.","使用に適したアクティビティ定義のフィルタリングを使用できます。 / Allows filtering of activity definitions that are appropriate for use versus not.","生産レベルのアクティビティ定義に使用される同じライフサイクルに従って、実験コンテンツを開発できるようにします。 / Enables experimental content to be developed following the same lifecycle that would be used for a production-level activity definition.","","","","","","","",,,,,"",,,,"ActivityDefinition.experimental",0,1,"","ele-1:すべてのFHIR要素には、@valueまたは子要素が必要です / All FHIR elements must have a @value or children {hasValue() or (children().count() > id.count())}
","Definition.experimental","N/A (to add?)","FiveWs.class"
"ActivityDefinition.subject[x]","ActivityDefinition.subject[x]","","","",0,1,"","","","CodeableConcept {[]} {[]}
Reference {[]} {[CanonicalType[http://hl7.org/fhir/StructureDefinition/Group|4.3.0]]}canonical {[]} {[]}","個別のタイプアクティビティ定義は目的です / Type of individual the activity definition is intended for","定義されている活動の対象となる主題を記述または識別するコード、グループ定義、またはカノニカル参照。カノニカル参照は、医薬品および物質の品質仕様のプロトコル定義をサポートするために許可されており、MedicinalProductDefinition、SubstanceDefinition、AdministrableProductDefinition、ManufacturedItemDefinition、またはPackagedProductDefinitionリソースを参照できます。 / A code, group definition, or canonical reference that describes  or identifies the intended subject of the activity being defined.  Canonical references are allowed to support the definition of protocols for drug and substance quality specifications, and is allowed to reference a MedicinalProductDefinition, SubstanceDefinition, AdministrableProductDefinition, ManufacturedItemDefinition, or PackagedProductDefinition resource.","subject要素のcanonical型の選択肢はR4Bで医薬品品質のユースケースをサポートするために導入されたことに注意。できるだけ後方互換性を確保するため、新しいcanonical型はこれらのユースケースでのみ使用することが推奨される。 / Note that the choice of canonical for the subject element was introduced in R4B to support pharmaceutical quality use cases. To ensure as much backwards-compatibility as possible, it is recommended to only use the new canonical type with these use cases.","","","忍耐強い / Patient","","","","","",,"extensible","活動の可能性のある被験者（患者、開業医、組織、場所など）の可能性のあるタイプ。 / The possible types of subjects for an activity (E.g. Patient, Practitioner, Organization, Location, etc.).","http://hl7.org/fhir/ValueSet/subject-type|4.3.0","",,,,"ActivityDefinition.subject[x]",0,1,"","ele-1:すべてのFHIR要素には、@valueまたは子要素が必要です / All FHIR elements must have a @value or children {hasValue() or (children().count() > id.count())}
","Definition.subject","N/A (to add?) { only applies for subject Patient? }"
"ActivityDefinition.date","ActivityDefinition.date","","Revision Date
","",0,1,"","","Y","dateTime {[]} {[]}
","日付は最後に変更されました / Date last changed","アクティビティ定義が公開された日付（およびオプションで時間）。ビジネスバージョンが変更されたときに日付が変更され、ステータスコードが変更された場合は変更する必要があります。さらに、アクティビティ定義の実質的な内容が変更されると、変更する必要があります。 / The date  (and optionally time) when the activity definition was published. The date must change when the business version changes and it must change if the status code changes. In addition, it should change when the substantive content of the activity definition changes.","リソースはアクティビティ定義の二次表現である可能性があるため、これはリソースラスト修飾日と同じではないことに注意してください。追加の特定の日付は、拡張機能として追加されるか、リソースの過去のバージョンに関連する提案に相談することで見つけることができます。 / Note that this is not the same as the resource last-modified-date, since the resource may be a secondary representation of the activity definition. Additional specific dates may be added as extensions or be found by consulting Provenances associated with past versions of the resource.","","","","","","","","",,,,,"",,,,"ActivityDefinition.date",0,1,"","ele-1:すべてのFHIR要素には、@valueまたは子要素が必要です / All FHIR elements must have a @value or children {hasValue() or (children().count() > id.count())}
","Definition.date",".participation[typeCode=AUT].time","FiveWs.recorded"
"ActivityDefinition.publisher","ActivityDefinition.publisher","","","",0,1,"","","Y","string {[]} {[]}
","出版社の名前（組織または個人） / Name of the publisher (organization or individual)","アクティビティ定義を公開した組織または個人の名前。 / The name of the organization or individual that published the activity definition.","通常、組織ですが、個人かもしれません。アクティビティ定義のパブリッシャー（またはスチュワード）は、アクティビティ定義のメンテナンスと維持の主な責任を負う組織または個人です。これは、必ずしもコンテンツを開発し、最初に執筆した個人または組織ではありません。出版社は、アクティビティ定義に関する質問または問題の連絡先の主要なポイントです。情報がコンテキストから利用可能でない限り、このアイテムは入力する必要があります。 / Usually an organization but may be an individual. The publisher (or steward) of the activity definition is the organization or individual primarily responsible for the maintenance and upkeep of the activity definition. This is not necessarily the same individual or organization that developed and initially authored the content. The publisher is the primary point of contact for questions or issues with the activity definition. This item SHOULD be populated unless the information is available from context.","アクティビティ定義の「権限/信頼性」を確立するのに役立ちます。また、接触を許可する場合があります。 / Helps establish the ""authority/credibility"" of the activity definition.  May also allow for contact.","","","","","","","",,,,,"",,,,"ActivityDefinition.publisher",0,1,"","ele-1:すべてのFHIR要素には、@valueまたは子要素が必要です / All FHIR elements must have a @value or children {hasValue() or (children().count() > id.count())}
","Definition.publisher {as string instead of CodeableConcept}",".participation[typeCode=AUT].role","FiveWs.witness"
"ActivityDefinition.contact","ActivityDefinition.contact","","","",0,*,"","","Y","ContactDetail {[]} {[]}
","出版社の連絡先の詳細 / Contact details for the publisher","ユーザーがパブリッシャーを見つけて通信するのを支援する連絡先の詳細。 / Contact details to assist a user in finding and communicating with the publisher.","Webサイト、電子メールアドレス、電話番号などです。 / May be a web site, an email address, a telephone number, etc.","","","","","","","","",,,,,"",,,,"ActivityDefinition.contact",0,*,"","ele-1:すべてのFHIR要素には、@valueまたは子要素が必要です / All FHIR elements must have a @value or children {hasValue() or (children().count() > id.count())}
","Definition.contact",".participation[typeCode=CALLBCK].role"
"ActivityDefinition.description","ActivityDefinition.description","","","",0,1,"","","Y","markdown {[]} {[]}
","アクティビティ定義の自然言語説明 / Natural language description of the activity definition","消費者の観点からのアクティビティ定義の無料テキスト自然言語説明。 / A free text natural language description of the activity definition from a consumer's perspective.","この説明は、アクティビティ定義が作成された理由、誤用に関するコメント、臨床使用と解釈の指示、文献の参照、紙の世界からの例などの詳細をキャプチャするために使用できます。伝達されるアクティビティ定義のレンダリングではありません。リソース自体の「テキスト」フィールド。この項目は、情報がコンテキストから利用可能でない限り入力する必要があります（たとえば、アクティビティ定義の言語は、アクティビティ定義が作成された場所の主要な言語であると推定されます）。 / This description can be used to capture details such as why the activity definition was built, comments about misuse, instructions for clinical use and interpretation, literature references, examples from the paper world, etc. It is not a rendering of the activity definition as conveyed in the 'text' field of the resource itself. This item SHOULD be populated unless the information is available from context (e.g. the language of the activity definition is presumed to be the predominant language in the place the activity definition was created).","","","","","","","","",,,,,"",,,,"ActivityDefinition.description",0,1,"","ele-1:すべてのFHIR要素には、@valueまたは子要素が必要です / All FHIR elements must have a @value or children {hasValue() or (children().count() > id.count())}
","Definition.description",".text"
"ActivityDefinition.useContext","ActivityDefinition.useContext","","","",0,*,"","","Y","UsageContext {[]} {[]}
","コンテンツがサポートすることを意図しているというコンテキスト / The context that the content is intended to support","コンテンツは、リストされているコンテキストをサポートすることを目的として開発されました。これらのコンテキストは、一般的なカテゴリ（性別、年齢、...）であるか、特定のプログラム（保険プラン、研究など）への参照である場合があり、適切なアクティビティ定義インスタンスのインデックス作成と検索を支援するために使用できます。 / The content was developed with a focus and intent of supporting the contexts that are listed. These contexts may be general categories (gender, age, ...) or may be references to specific programs (insurance plans, studies, ...) and may be used to assist with indexing and searching for appropriate activity definition instances.","複数のUSECONTEXTSが指定されている場合、すべてまたはどのコンテキストが適用されるという期待はありません。 / When multiple useContexts are specified, there is no expectation that all or any of the contexts apply.","適切なコンテンツの検索を支援します。 / Assist in searching for appropriate content.","","","","","","","",,,,,"",,,,"ActivityDefinition.useContext",0,*,"","ele-1:すべてのFHIR要素には、@valueまたは子要素が必要です / All FHIR elements must have a @value or children {hasValue() or (children().count() > id.count())}
","Definition.useContext","N/A (to add?)"
"ActivityDefinition.jurisdiction","ActivityDefinition.jurisdiction","","","",0,*,"","","Y","CodeableConcept {[]} {[]}
","アクティビティ定義のための対象管轄区域（該当する場合） / Intended jurisdiction for activity definition (if applicable)","アクティビティ定義が使用されることを目的としている法的または地理的地域。 / A legal or geographic region in which the activity definition is intended to be used.","アクティビティ定義は、元々設計または意図されたもの以外の管轄区域で使用される可能性があります。 / It may be possible for the activity definition to be used in jurisdictions other than those for which it was originally designed or intended.","","","","","","","","",,"extensible","このアーティファクトが使用することを目的としている国と地域。 / Countries and regions within which this artifact is targeted for use.","http://hl7.org/fhir/ValueSet/jurisdiction|4.3.0","",,,,"ActivityDefinition.jurisdiction",0,*,"","ele-1:すべてのFHIR要素には、@valueまたは子要素が必要です / All FHIR elements must have a @value or children {hasValue() or (children().count() > id.count())}
","Definition.jurisdiction","N/A (to add?)"
"ActivityDefinition.purpose","ActivityDefinition.purpose","","","",0,1,"","","","markdown {[]} {[]}
","このアクティビティ定義が定義される理由 / Why this activity definition is defined","このアクティビティ定義が必要な理由と、それがそのまま設計された理由の説明。 / Explanation of why this activity definition is needed and why it has been designed as it has.","この要素は、アクティビティ定義の使用法を説明していません。代わりに、リソースが必要であるか、「なぜ」のどちらかのように定義されている「なぜ」のトレーサビリティを提供します。これは、このアクティビティ定義の構造を促進する材料または仕様を調達するために使用できます。 / This element does not describe the usage of the activity definition. Instead, it provides traceability of ''why'' the resource is either needed or ''why'' it is defined as it is.  This may be used to point to source materials or specifications that drove the structure of this activity definition.","","","","","","","","",,,,,"",,,,"ActivityDefinition.purpose",0,1,"","ele-1:すべてのFHIR要素には、@valueまたは子要素が必要です / All FHIR elements must have a @value or children {hasValue() or (children().count() > id.count())}
","Definition.purpose",".reasonCode.text","FiveWs.why[x]","no-gen-base"
"ActivityDefinition.usage","ActivityDefinition.usage","","","",0,1,"","","","string {[]} {[]}
","活動定義の臨床的使用について説明します / Describes the clinical usage of the activity definition","臨床的観点から活動定義がどのように使用されるかの詳細な説明。 / A detailed description of how the activity definition is used from a clinical perspective.","","","","","","","","","",,,,,"",,,,"ActivityDefinition.usage",0,1,"","ele-1:すべてのFHIR要素には、@valueまたは子要素が必要です / All FHIR elements must have a @value or children {hasValue() or (children().count() > id.count())}
","N/A (to add?)"
"ActivityDefinition.copyright","ActivityDefinition.copyright","","License
Restrictions","",0,1,"","","","markdown {[]} {[]}
","使用および/または公開制限 / Use and/or publishing restrictions","アクティビティ定義および/またはその内容に関する著作権ステートメント。著作権声明は、一般に、アクティビティ定義の使用と公開に関する法的制限です。 / A copyright statement relating to the activity definition and/or its contents. Copyright statements are generally legal restrictions on the use and publishing of the activity definition.","","消費者は、アクティビティ定義および/またはそのコンテンツの使用に関する法的制限を決定できる必要があります。 / Consumers must be able to determine any legal restrictions on the use of the activity definition and/or its content.","","","","","","","",,,,,"",,,,"ActivityDefinition.copyright",0,1,"","ele-1:すべてのFHIR要素には、@valueまたは子要素が必要です / All FHIR elements must have a @value or children {hasValue() or (children().count() > id.count())}
","Definition.copyright","N/A (to add?)","no-gen-base"
"ActivityDefinition.approvalDate","ActivityDefinition.approvalDate","","","",0,1,"","","","date {[]} {[]}
","アクティビティ定義が出版社によって承認されたとき / When the activity definition was approved by publisher","リソースコンテンツが出版社によって承認された日付。承認は、コンテンツの使用が正式に承認されたときに1回発生します。 / The date on which the resource content was approved by the publisher. Approval happens once when the content is officially approved for usage.","「日付」要素は、軽度の変更または編集の修正のため、承認日よりも最近のものです。 / The 'date' element may be more recent than the approval date because of minor changes or editorial corrections.","","","","","","","","",,,,,"",,,,"ActivityDefinition.approvalDate",0,1,"","ele-1:すべてのFHIR要素には、@valueまたは子要素が必要です / All FHIR elements must have a @value or children {hasValue() or (children().count() > id.count())}
","Definition.approvalDate",".outboundRelationship[typeCode=""SUBJ""].act[classCode=CACT;moodCode=EVN;code=""approval""].effectiveTime","no-gen-base"
"ActivityDefinition.lastReviewDate","ActivityDefinition.lastReviewDate","","","",0,1,"","","","date {[]} {[]}
","アクティビティ定義が最後にレビューされたとき / When the activity definition was last reviewed","リソースコンテンツが最後にレビューされた日付。レビューは承認後に定期的に行われますが、元の承認日は変更されません。 / The date on which the resource content was last reviewed. Review happens periodically after approval but does not change the original approval date.","指定されている場合、この日付は元の承認日に従います。 / If specified, this date follows the original approval date.","コンテンツがどれほど「現在」であるかの感覚を与えます。長い間レビューされていないリソースは、適切/関連性が低くなるリスクがある場合があります。 / Gives a sense of how ""current"" the content is.  Resources that have not been reviewed in a long time may have a risk of being less appropriate/relevant.","","","","","","","",,,,,"",,,,"ActivityDefinition.lastReviewDate",0,1,"","ele-1:すべてのFHIR要素には、@valueまたは子要素が必要です / All FHIR elements must have a @value or children {hasValue() or (children().count() > id.count())}
","Definition.lastReviewDate",".outboundRelationship[typeCode=""SUBJ""; subsetCode=""RECENT""].act[classCode=CACT;moodCode=EVN;code=""review""].effectiveTime","no-gen-base"
"ActivityDefinition.effectivePeriod","ActivityDefinition.effectivePeriod","","","",0,1,"","","Y","Period {[]} {[]}
","アクティビティ定義が使用されると予想される場合 / When the activity definition is expected to be used","アクティビティ定義コンテンツがアクティブに使用されるか、または計画されている期間。 / The period during which the activity definition content was or is planned to be in active use.","アクティビティ定義の有効期間は、コンテンツが使用に適用され、公開およびレビューの日付とは独立している時期を決定します。たとえば、2016年に使用することを目的とした尺度は、2015年に公開される場合があります。 / The effective period for a activity definition  determines when the content is applicable for usage and is independent of publication and review dates. For example, a measure intended to be used for the year 2016 might be published in 2015.","リソースが施行される前に遷移を確立することができ、アクティビティ定義の新しいバージョンが代わりに使用される場合と予想される場合、日没プロセスを許可します。 / Allows establishing a transition before a resource comes into effect and also allows for a sunsetting  process when new versions of the activity definition are or are expected to be used instead.","","","","","","","",,,,,"",,,,"ActivityDefinition.effectivePeriod",0,1,"","ele-1:すべてのFHIR要素には、@valueまたは子要素が必要です / All FHIR elements must have a @value or children {hasValue() or (children().count() > id.count())}
","Definition.effectivePeriod","N/A (to add?)","no-gen-base"
"ActivityDefinition.topic","ActivityDefinition.topic","","","",0,*,"","","","CodeableConcept {[]} {[]}
","例えば。教育、治療、評価など / E.g. Education, Treatment, Assessment, etc.","アクティビティの内容に関連する説明的なトピック。トピックは、フィルタリングと検索に役立つアクティビティの高レベルの分類を提供します。 / Descriptive topics related to the content of the activity. Topics provide a high-level categorization of the activity that can be useful for filtering and searching.","","リポジトリは、アクティビティ定義を分類する方法を決定して、局所検索によって見つけることができる必要があります。 / Repositories must be able to determine how to categorize the activity definition so that it can be found by topical searches.","","","","","","","",,"example","検索、ソート、フィルタリングに使用される定義の高レベルの分類。 / High-level categorization of the definition, used for searching, sorting, and filtering.","http://hl7.org/fhir/ValueSet/definition-topic|4.3.0","",,,,"ActivityDefinition.topic",0,*,"","ele-1:すべてのFHIR要素には、@valueまたは子要素が必要です / All FHIR elements must have a @value or children {hasValue() or (children().count() > id.count())}
","N/A (to add?)"
"ActivityDefinition.author","ActivityDefinition.author","","","",0,*,"","","","ContactDetail {[]} {[]}
","誰がコンテンツを執筆しましたか / Who authored the content","主にコンテンツの作成とメンテナンスに関与する個人または組織。 / An individiual or organization primarily involved in the creation and maintenance of the content.","","","","","","","","","",,,,,"",,,,"ActivityDefinition.author",0,*,"","ele-1:すべてのFHIR要素には、@valueまたは子要素が必要です / All FHIR elements must have a @value or children {hasValue() or (children().count() > id.count())}
",".participation[typeCode=AUT]"
"ActivityDefinition.editor","ActivityDefinition.editor","","","",0,*,"","","","ContactDetail {[]} {[]}
","コンテンツを編集した人 / Who edited the content","主にコンテンツの内部一貫性を担当する個人または組織。 / An individual or organization primarily responsible for internal coherence of the content.","","","","","","","","","",,,,,"",,,,"ActivityDefinition.editor",0,*,"","ele-1:すべてのFHIR要素には、@valueまたは子要素が必要です / All FHIR elements must have a @value or children {hasValue() or (children().count() > id.count())}
",".participation[typeCode=AUT] { not a great match, but there does not appear to be an editor concept in V3 participation }"
"ActivityDefinition.reviewer","ActivityDefinition.reviewer","","","",0,*,"","","","ContactDetail {[]} {[]}
","コンテンツをレビューした人 / Who reviewed the content","コンテンツのいくつかの側面のレビューを主に担当する個人または組織。 / An individual or organization primarily responsible for review of some aspect of the content.","","","","","","","","","",,,,,"",,,,"ActivityDefinition.reviewer",0,*,"","ele-1:すべてのFHIR要素には、@valueまたは子要素が必要です / All FHIR elements must have a @value or children {hasValue() or (children().count() > id.count())}
",".participation[typeCode=VRF] {not clear whether VRF best corresponds to reviewer or endorser}"
"ActivityDefinition.endorser","ActivityDefinition.endorser","","","",0,*,"","","","ContactDetail {[]} {[]}
","誰がコンテンツを承認しましたか / Who endorsed the content","一部の設定で使用するためにコンテンツを公式に支持する個人または組織。 / An individual or organization responsible for officially endorsing the content for use in some setting.","","","","","","","","","",,,,,"",,,,"ActivityDefinition.endorser",0,*,"","ele-1:すべてのFHIR要素には、@valueまたは子要素が必要です / All FHIR elements must have a @value or children {hasValue() or (children().count() > id.count())}
",".participation[typeCode=VRF] {not clear whether VRF best corresponds to reviewer or endorser}"
"ActivityDefinition.relatedArtifact","ActivityDefinition.relatedArtifact","","","",0,*,"","","","RelatedArtifact {[]} {[]}
","追加のドキュメント、引用など / Additional documentation, citations, etc.","追加のドキュメント、正当化、書誌参照などの関連アーチファクト。 / Related artifacts such as additional documentation, justification, or bibliographic references.","関連する各アーティファクトは、添付ファイルまたは別のリソースへの参照のいずれかですが、両方ではありません。 / Each related artifact is either an attachment, or a reference to another resource, but not both.","コンテンツを支持する正当性と証拠を決定および理解できるように、アクティビティの定義は、コンテンツの消費者（および/またはコンテンツによって生成された介入または結果）の十分な情報を提供できる必要があります。 / Activity definitions must be able to provide enough information for consumers of the content (and/or interventions or results produced by the content) to be able to determine and understand the justification for and evidence in support of the content.","","","","","","","",,,,,"",,,,"ActivityDefinition.relatedArtifact",0,*,"","ele-1:すべてのFHIR要素には、@valueまたは子要素が必要です / All FHIR elements must have a @value or children {hasValue() or (children().count() > id.count())}
",".outboundRelationship[typeCode=DOC,RSON,PREV, DRIV, USE, COMP] {successor would be PREV w/ inversionInd=true; No support for citation}"
"ActivityDefinition.library","ActivityDefinition.library","","","",0,*,"","","","canonical {[]} {[CanonicalType[http://hl7.org/fhir/StructureDefinition/Library|4.3.0]]}
","アクティビティ定義で使用されるロジック / Logic used by the activity definition","アクティビティ定義で使用される正式なロジックを含むライブラリリソースへの参照。 / A reference to a Library resource containing any formal logic used by the activity definition.","","","","","","","","","",,,,,"",,,,"ActivityDefinition.library",0,*,"","ele-1:すべてのFHIR要素には、@valueまたは子要素が必要です / All FHIR elements must have a @value or children {hasValue() or (children().count() > id.count())}
",".outboundRelationship[typeCode=USE].target[classCode=GROUPER,moodCode=EVN]"
"ActivityDefinition.kind","ActivityDefinition.kind","","","",0,1,"","","Y","code {[]} {[]}
","一種のリソース / Kind of resource","アクティビティ定義が表しているリソースの種類の説明。たとえば、薬物療法、サービスレクエスト、またはCommunicationRequest。通常、常にではありませんが、これはリクエストリソースです。 / A description of the kind of resource the activity definition is representing. For example, a MedicationRequest, a ServiceRequest, or a CommunicationRequest. Typically, but not always, this is a Request resource.","どのタイプの拡張機能が許可されているかを決定できます。 / May determine what types of extensions are permitted.","","","","","","","","",,"required","定義が説明している種類のアクティビティ。 / The kind of activity the definition is describing.","http://hl7.org/fhir/ValueSet/request-resource-types|4.3.0","",,,,"ActivityDefinition.kind",0,1,"","ele-1:すべてのFHIR要素には、@valueまたは子要素が必要です / All FHIR elements must have a @value or children {hasValue() or (children().count() > id.count())}
",".classCode"
"ActivityDefinition.profile","ActivityDefinition.profile","","","",0,1,"","","","canonical {[]} {[CanonicalType[http://hl7.org/fhir/StructureDefinition/StructureDefinition|4.3.0]]}
","リソースが適合する必要があるプロファイル / What profile the resource needs to conform to","アクティビティ定義のターゲットが適合すると予想されるプロファイル。 / A profile to which the target of the activity definition is expected to conform.","","プロファイルを使用して、ワークフロー、プロトコル、または注文セット内で実行できるアクティビティの種類を説明できます。 / Allows profiles to be used to describe the types of activities that can be performed within a workflow, protocol, or order set.","","","","","","","",,,,,"",,,,"ActivityDefinition.profile",0,1,"","ele-1:すべてのFHIR要素には、@valueまたは子要素が必要です / All FHIR elements must have a @value or children {hasValue() or (children().count() > id.count())}
",".templateId"
"ActivityDefinition.code","ActivityDefinition.code","","","",0,1,"","","Y","CodeableConcept {[]} {[]}
","アクティビティの詳細 / Detail type of activity","アクティビティのタイプの詳細な説明。例えばどのラボテスト、どのようなプロシジャー（処置等）、どのようなEncounterがありますか。 / Detailed description of the type of activity; e.g. What lab test, what procedure, what kind of encounter.","特定の製品が関与する活動にはあまり関連性がない傾向があります。 / Tends to be less relevant for activities involving particular products.","プロトコルに対する検証と同様に、実行されたパフォーマンスを計画することを可能にします。 / Allows matching performed to planned as well as validation against protocols.","","","","","","","",,"example","アクティビティの詳細なタイプ。例えばCBC。 / Detailed type of the activity; e.g. CBC.","http://hl7.org/fhir/ValueSet/procedure-code|4.3.0","",,,,"ActivityDefinition.code",0,1,"","ele-1:すべてのFHIR要素には、@valueまたは子要素が必要です / All FHIR elements must have a @value or children {hasValue() or (children().count() > id.count())}
",".code"
"ActivityDefinition.intent","ActivityDefinition.intent","","","",0,1,"","","","code {[]} {[]}
","提案|計画|指令|注文|オリジナルオーダー|反射順|フィラーオーダー|インスタンスオーダー|オプション / proposal | plan | directive | order | original-order | reflex-order | filler-order | instance-order | option","アクティビティに関連する権限/意図性のレベルと、リクエストがワークフローチェーンに適合する場所を示します。 / Indicates the level of authority/intentionality associated with the activity and where the request should fit into the workflow chain.","","","","","","","","","",,"required","要求に関連する権限/意図性の程度を示すコード。 / Codes indicating the degree of authority/intentionality associated with a request.","http://hl7.org/fhir/ValueSet/request-intent|4.3.0","",,,,"ActivityDefinition.intent",0,1,"","ele-1:すべてのFHIR要素には、@valueまたは子要素が必要です / All FHIR elements must have a @value or children {hasValue() or (children().count() > id.count())}
",".moodCode { of the realized Activity }"
"ActivityDefinition.priority","ActivityDefinition.priority","","","",0,1,"","","","code {[]} {[]}
","ルーチン|緊急|できるだけ早く|統計 / routine | urgent | asap | stat","他のリクエストに関してアクティビティがどれだけ速く対処されるべきかを示します。 / Indicates how quickly the activity  should be addressed with respect to other requests.","","","","","","","","","",,"required","リクエストの実行に割り当てられる重要性のレベルを特定します。 / Identifies the level of importance to be assigned to actioning the request.","http://hl7.org/fhir/ValueSet/request-priority|4.3.0","",,,,"ActivityDefinition.priority",0,1,"","ele-1:すべてのFHIR要素には、@valueまたは子要素が必要です / All FHIR elements must have a @value or children {hasValue() or (children().count() > id.count())}
",".priority { of the realized activity }"
"ActivityDefinition.doNotPerform","ActivityDefinition.doNotPerform","","","",0,1,"","Y","Y","boolean {[]} {[]}
","アクティビティを実行しないでください / True if the activity should not be performed","定義が特定のアクティビティを実行しないでください。真実の場合、この要素はネガティブコーディングを強化するために解釈する必要があります。たとえば、trueのdonotperformを持つコードとしてのNPOは、アクションを実行しないことを示しています。 / Set this to true if the definition is to indicate that a particular activity should NOT be performed. If true, this element should be interpreted to reinforce a negative coding. For example NPO as a code with a doNotPerform of true would still indicate to NOT perform the action.","この要素は、進行中の注文をキャンセルするための意思決定サポート応答を伝えるために使用することを意図していません。これは、PlandefinitionまたはRequestGroupの「削除」タイプで行う必要があります。 / This element is not intended to be used to communicate a decision support response to cancel an order in progress. That should be done with the ""remove"" type of a PlanDefinition or RequestGroup.","","","","","","","","",,,,,"",,,,"ActivityDefinition.doNotPerform",0,1,"","ele-1:すべてのFHIR要素には、@valueまたは子要素が必要です / All FHIR elements must have a @value or children {hasValue() or (children().count() > id.count())}
",".negationInd { of the realized activity }"
"ActivityDefinition.timing[x]","ActivityDefinition.timing[x]","","","",0,1,"","","","Timing {[]} {[]}
dateTime {[]} {[]}Age {[]} {[]}Period {[]} {[]}Range {[]} {[]}Duration {[]} {[]}","アクティビティが発生する場合 / When activity is to occur","記述されたアクティビティが発生する期間、タイミング、または頻度。 / The period, timing or frequency upon which the described activity is to occur.","","逃した計画されたアクティビティの活動と検出を促すことができます。 / Allows prompting for activities and detection of missed planned activities.","","","","","","","",,,,,"",,,,"ActivityDefinition.timing[x]",0,1,"","ele-1:すべてのFHIR要素には、@valueまたは子要素が必要です / All FHIR elements must have a @value or children {hasValue() or (children().count() > id.count())}
",".effectiveTime"
"ActivityDefinition.location","ActivityDefinition.location","","facility
","",0,1,"","","","Reference {[]} {[CanonicalType[http://hl7.org/fhir/StructureDefinition/Location|4.3.0]]}
","それが起こるべき場所 / Where it should happen","アクティビティが発生する施設を特定します。例えば自宅、病院、特定の診療所など。 / Identifies the facility where the activity will occur; e.g. home, hospital, specific clinic, etc.","特定の臨床的位置を参照するか、場所のタイプを特定する場合があります。 / May reference a specific clinical location or may just identify a type of location.","活動の計画に役立ちます。 / Helps in planning of activity.","","","","","","","",,,,,"",,,,"ActivityDefinition.location",0,1,"","ele-1:すべてのFHIR要素には、@valueまたは子要素が必要です / All FHIR elements must have a @value or children {hasValue() or (children().count() > id.count())}
",".participation[typeCode=LOC].role"
"ActivityDefinition.participant","ActivityDefinition.participant","","","",0,*,"","","","BackboneElement {[]} {[]}
","誰がアクションに参加すべきか / Who should participate in the action","説明されているアクションの実行に誰が参加すべきかを示します。 / Indicates who should participate in performing the action described.","","","","","","","","","",,,,,"",,,,"ActivityDefinition.participant",0,*,"","ele-1:空のParametersリソースでない限り、すべてのFHIR要素には@valueまたはchildrenが必要です / All FHIR elements must have a @value or children unless an empty Parameters resource {hasValue() or (children().count() > id.count()) or $this is Parameters}
",".participation[typeCode=PFM]"
"ActivityDefinition.participant.id","ActivityDefinition.participant.id","","","",0,1,"","","","string {[]} {[]}
","要素間参照のための一意のID / Unique id for inter-element referencing","リソース内の要素の一意のID（内部参照用）。これは、スペースを含まない文字列値である場合があります。 / Unique id for the element within a resource (for internal references). This may be any string value that does not contain spaces.","","","","","","","","","",,,,,"",,,,"Element.id",0,1,"","","n/a"
"ActivityDefinition.participant.extension","ActivityDefinition.participant.extension","","extensions
user content","",0,*,"","","","Extension {[]} {[]}
","実装で定義された追加のコンテンツ / Additional content defined by implementations","要素の基本的な定義の一部ではない追加情報を表すために使用できます。拡張機能を安全で管理しやすくするために、拡張機能の定義と使用に適用される厳格なガバナンスセットがあります。実装者は拡張機能を定義できますが、拡張機能の定義の一部として満たされる一連の要件があります。 / May be used to represent additional information that is not part of the basic definition of the element. To make the use of extensions safe and manageable, there is a strict set of governance  applied to the definition and use of extensions. Though any implementer can define an extension, there is a set of requirements that SHALL be met as part of the definition of the extension.","拡張機能を使用または定義する機関や管轄権に関係なく、アプリケーション、プロジェクト、または標準による拡張機能の使用に関連するスティグマはありません。拡張機能の使用は、FHIR仕様がすべての人にコアレベルのシンプルさを保持できるようにするものです。 / There can be no stigma associated with the use of extensions by any application, project, or standard - regardless of the institution or jurisdiction that uses or defines the extensions.  The use of extensions is what allows the FHIR specification to retain a core level of simplicity for everyone.","","","","","","","","",,,,,"",,,,"Element.extension",0,*,"","ele-1:すべてのFHIR要素には、@valueまたは子要素が必要です / All FHIR elements must have a @value or children {hasValue() or (children().count() > id.count())}
ext-1:両方ではなく、拡張または値[x]が必要です / Must have either extensions or value[x], not both {extension.exists() != value.exists()}","n/a"
"ActivityDefinition.participant.modifierExtension","ActivityDefinition.participant.modifierExtension","","extensions
user contentmodifiers","",0,*,"","Y","Y","Extension {[]} {[]}
","認識されていなくても無視できない拡張機能 / Extensions that cannot be ignored even if unrecognized","要素の基本的な定義の一部ではなく、それが含まれている要素の理解、および/または含まれる要素の子孫の理解を変更するために使用される場合があります。通常、修飾子要素は否定または資格を提供します。拡張機能を安全で管理しやすくするために、拡張機能の定義と使用に適用される厳格なガバナンスセットがあります。実装者は拡張機能を定義できますが、拡張機能の定義の一部として満たされる一連の要件があります。アプリケーションの処理リソースは、修飾子拡張機能をチェックする必要があります。

モディファイア拡張は、リソースまたはdomainResource上の要素の意味を変更してはなりません（修飾軸自体の意味を変更することはできません）。 / May be used to represent additional information that is not part of the basic definition of the element and that modifies the understanding of the element in which it is contained and/or the understanding of the containing element's descendants. Usually modifier elements provide negation or qualification. To make the use of extensions safe and manageable, there is a strict set of governance applied to the definition and use of extensions. Though any implementer can define an extension, there is a set of requirements that SHALL be met as part of the definition of the extension. Applications processing a resource are required to check for modifier extensions.

Modifier extensions SHALL NOT change the meaning of any elements on Resource or DomainResource (including cannot change the meaning of modifierExtension itself).","拡張機能を使用または定義する機関や管轄権に関係なく、アプリケーション、プロジェクト、または標準による拡張機能の使用に関連するスティグマはありません。拡張機能の使用は、FHIR仕様がすべての人にコアレベルのシンプルさを保持できるようにするものです。 / There can be no stigma associated with the use of extensions by any application, project, or standard - regardless of the institution or jurisdiction that uses or defines the extensions.  The use of extensions is what allows the FHIR specification to retain a core level of simplicity for everyone.","修飾子拡張機能により、安全に無視できる大部分の拡張機能と明確に区別できるように、安全に無視できない拡張機能が可能になります。これにより、実装者が拡張の存在を禁止する必要性を排除することにより、相互運用性が促進されます。詳細については、[修飾子拡張の定義]（拡張性.html＃modifierextension）を参照してください。 / Modifier extensions allow for extensions that *cannot* be safely ignored to be clearly distinguished from the vast majority of extensions which can be safely ignored.  This promotes interoperability by eliminating the need for implementers to prohibit the presence of extensions. For further information, see the [definition of modifier extensions](http://hl7.org/fhir/R4B/extensibility.html#modifierExtension).","","","","","","","",,,,,"",,,,"BackboneElement.modifierExtension",0,*,"","ele-1:すべてのFHIR要素には、@valueまたは子要素が必要です / All FHIR elements must have a @value or children {hasValue() or (children().count() > id.count())}
ext-1:両方ではなく、拡張または値[x]が必要です / Must have either extensions or value[x], not both {extension.exists() != value.exists()}","N/A"
"ActivityDefinition.participant.type","ActivityDefinition.participant.type","","","",1,1,"","","","code {[]} {[]}
","患者|開業医|関連者|デバイス / patient | practitioner | related-person | device","アクションの参加者のタイプ。 / The type of participant in the action.","","","","","","","","","",,"required","アクティビティへの参加者のタイプ。 / The type of participant in the activity.","http://hl7.org/fhir/ValueSet/action-participant-type|4.3.0","",,,,"ActivityDefinition.participant.type",1,1,"","ele-1:すべてのFHIR要素には、@valueまたは子要素が必要です / All FHIR elements must have a @value or children {hasValue() or (children().count() > id.count())}
",".role.classCode"
"ActivityDefinition.participant.role","ActivityDefinition.participant.role","","","",0,1,"","","","CodeableConcept {[]} {[]}
","例えば。看護師、外科医、親など / E.g. Nurse, Surgeon, Parent, etc.","参加者が説明されたアクションを実行する際に果たすべき役割。 / The role the participant should play in performing the described action.","","","","","","","","","",,"example","アクションのために参加者が演じる役割を定義します。 / Defines roles played by participants for the action.","http://terminology.hl7.org/ValueSet/action-participant-role","",,,,"ActivityDefinition.participant.role",0,1,"","ele-1:すべてのFHIR要素には、@valueまたは子要素が必要です / All FHIR elements must have a @value or children {hasValue() or (children().count() > id.count())}
",".role.code"
"ActivityDefinition.product[x]","ActivityDefinition.product[x]","","","",0,1,"","","","CodeableConcept {[]} {[]}
","管理/提供されているもの / What's administered/supplied","活動で消費または供給されている食品、薬物、またはその他の製品を特定します。 / Identifies the food, drug or other product being consumed or supplied in the activity.","","","","","","","","","",,"preferred","医薬品コード","http://jpfhir.jp/fhir/core/ValueSet/JP_MedicationCode_VS","",,,,"ActivityDefinition.product[x]",0,1,"","ele-1:すべてのFHIR要素には、@valueまたは子要素が必要です / All FHIR elements must have a @value or children {hasValue() or (children().count() > id.count())}
",".participation[typeCode=CSM].role"
"ActivityDefinition.quantity","ActivityDefinition.quantity","","dose
","",0,1,"","","","Quantity {[CanonicalType[http://hl7.org/fhir/StructureDefinition/SimpleQuantity|4.3.0]]} {[]}
","投与/消費/供給される金額 / How much is administered/consumed/supplied","一度に消費されると予想される量（用量あたり、食事あたりなど）を識別します。 / Identifies the quantity expected to be consumed at once (per dose, per meal, etc.).","","","","","","","","","",,,,,"",,,,"ActivityDefinition.quantity",0,1,"","ele-1:すべてのFHIR要素には、@valueまたは子要素が必要です / All FHIR elements must have a @value or children {hasValue() or (children().count() > id.count())}
",".quantity {for classCode=SPLY}"
"ActivityDefinition.dosage","ActivityDefinition.dosage","","","",0,*,"","","","Dosage {[CanonicalType[http://jpfhir.jp/fhir/core/StructureDefinition/JP_MedicationDosage]]} {[]}
","詳細な用量の指示 / Detailed dosage instructions","薬剤リソースのリソースについて説明されているのと同じ方法で、詳細な用量の指示を提供します。 / Provides detailed dosage instructions in the same way that they are described for MedicationRequest resources.","投与命令が使用されている場合、定義はタイミングや数量を指定してはなりません。 / If a dosage instruction is used, the definition should not specify timing or quantity.","","","","","","","","",,,,,"",,,,"ActivityDefinition.dosage",0,*,"","ele-1:すべてのFHIR要素には、@valueまたは子要素が必要です / All FHIR elements must have a @value or children {hasValue() or (children().count() > id.count())}
",".outboundRelationship[typeCode=COMP].target[classCode=SBADM; moodCode=DEFN]"
"ActivityDefinition.bodySite","ActivityDefinition.bodySite","","","",0,*,"","","","CodeableConcept {[]} {[]}
","パフォーマンスを発揮する身体のどの部分 / What part of body to perform on","プロシジャー（処置等）を実行する必要がある被験者の本体のサイト（つまり、ターゲットサイト）を示します。 / Indicates the sites on the subject's body where the procedure should be performed (I.e. the target sites).","Servicerequest.Typeで見つかったコードで暗黙的ではない場合にのみ使用されます。 / Only used if not implicit in the code found in ServiceRequest.type.","複数のサイトが可能かどうかを追跡するには、プロシジャー（処置等）がどこで行われているかを知ることが重要です。 / Knowing where the procedure is made is important for tracking if multiple sites are possible.","","","","","","","",,"example","解剖学的場所を識別するコード。 / A code that identifies the anatomical location.","http://hl7.org/fhir/ValueSet/body-site|4.3.0","",,,,"ActivityDefinition.bodySite",0,*,"","ele-1:すべてのFHIR要素には、@valueまたは子要素が必要です / All FHIR elements must have a @value or children {hasValue() or (children().count() > id.count())}
",".targetSiteCode {for classCode=PROC, SBADM}"
"ActivityDefinition.specimenRequirement","ActivityDefinition.specimenRequirement","","","",0,*,"","","","Reference {[]} {[CanonicalType[http://hl7.org/fhir/StructureDefinition/SpecimenDefinition|4.3.0]]}
","このアクションを実行するために必要な標本 / What specimens are required to perform this action","ラボテストに必要な標本など、実行されるアクションの標本要件を定義します。 / Defines specimen requirements for the action to be performed, such as required specimens for a lab test.","","ラボの順序定義を表すために必要です。 / Needed to represent lab order definitions.","","","","","","","",,,,,"",,,,"ActivityDefinition.specimenRequirement",0,*,"","ele-1:すべてのFHIR要素には、@valueまたは子要素が必要です / All FHIR elements must have a @value or children {hasValue() or (children().count() > id.count())}
","N/A"
"ActivityDefinition.observationRequirement","ActivityDefinition.observationRequirement","","","",0,*,"","","","Reference {[]} {[CanonicalType[http://hl7.org/fhir/StructureDefinition/ObservationDefinition|4.3.0]]}
","このアクションを実行するために必要な観察結果 / What observations are required to perform this action","体重や表面積など、実行されるアクションの観測要件を定義します。 / Defines observation requirements for the action to be performed, such as body weight or surface area.","","観察定義を表すために必要です。 / Needed to represent observation definitions.","","","","","","","",,,,,"",,,,"ActivityDefinition.observationRequirement",0,*,"","ele-1:すべてのFHIR要素には、@valueまたは子要素が必要です / All FHIR elements must have a @value or children {hasValue() or (children().count() > id.count())}
","N/A"
"ActivityDefinition.observationResultRequirement","ActivityDefinition.observationResultRequirement","","","",0,*,"","","","Reference {[]} {[CanonicalType[http://hl7.org/fhir/StructureDefinition/ObservationDefinition|4.3.0]]}
","このアクションによってどのような観察が生み出されなければなりませんか / What observations must be produced by this action","アクションによって生成されると予想される観察結果を定義します。 / Defines the observations that are expected to be produced by the action.","","","","","","","","","",,,,,"",,,,"ActivityDefinition.observationResultRequirement",0,*,"","ele-1:すべてのFHIR要素には、@valueまたは子要素が必要です / All FHIR elements must have a @value or children {hasValue() or (children().count() > id.count())}
","N/A"
"ActivityDefinition.transform","ActivityDefinition.transform","","","",0,1,"","","","canonical {[]} {[CanonicalType[http://hl7.org/fhir/StructureDefinition/StructureMap|4.3.0]]}
","テンプレートを適用するために変換します / Transform to apply the template","Activitydefinitionインスタンスを入力として使用して、意図リソースを生成するために実行できる変換を定義するStructureMapリソースへの参照。 / A reference to a StructureMap resource that defines a transform that can be executed to produce the intent resource using the ActivityDefinition instance as the input.","変換値と動的値の両方が指定されている場合、変換の結果に動的値が適用されることに注意してください。 / Note that if both a transform and dynamic values are specified, the dynamic values will be applied to the result of the transform.","","","","","","","","",,,,,"",,,,"ActivityDefinition.transform",0,1,"","ele-1:すべてのFHIR要素には、@valueまたは子要素が必要です / All FHIR elements must have a @value or children {hasValue() or (children().count() > id.count())}
","N/A"
"ActivityDefinition.dynamicValue","ActivityDefinition.dynamicValue","","","",0,*,"","","","BackboneElement {[]} {[]}
","定義の動的な側面 / Dynamic aspects of the definition","結果のリソースの要素の値を生成するために評価される動的値。たとえば、薬物の投与量を患者の体重に基づいて計算する必要がある場合、動的値を使用して、重量を計算する式と、結果を含むリクエストリソースのパスを指定します。 / Dynamic values that will be evaluated to produce values for elements of the resulting resource. For example, if the dosage of a medication must be computed based on the patient's weight, a dynamic value would be used to specify an expression that calculated the weight, and the path on the request resource that would contain the result.","動的値は、Activity -Definitionで定義されている順序で適用されます。変換値と動的値の両方が指定されている場合、変換の結果に動的値が適用されることに注意してください。 / Dynamic values are applied in the order in which they are defined in the ActivityDefinition. Note that if both a transform and dynamic values are specified, the dynamic values will be applied to the result of the transform.","","","","","","","","",,,,,"",,,,"ActivityDefinition.dynamicValue",0,*,"","ele-1:空のParametersリソースでない限り、すべてのFHIR要素には@valueまたはchildrenが必要です / All FHIR elements must have a @value or children unless an empty Parameters resource {hasValue() or (children().count() > id.count()) or $this is Parameters}
","N/A"
"ActivityDefinition.dynamicValue.id","ActivityDefinition.dynamicValue.id","","","",0,1,"","","","string {[]} {[]}
","要素間参照のための一意のID / Unique id for inter-element referencing","リソース内の要素の一意のID（内部参照用）。これは、スペースを含まない文字列値である場合があります。 / Unique id for the element within a resource (for internal references). This may be any string value that does not contain spaces.","","","","","","","","","",,,,,"",,,,"Element.id",0,1,"","","n/a"
"ActivityDefinition.dynamicValue.extension","ActivityDefinition.dynamicValue.extension","","extensions
user content","",0,*,"","","","Extension {[]} {[]}
","実装で定義された追加のコンテンツ / Additional content defined by implementations","要素の基本的な定義の一部ではない追加情報を表すために使用できます。拡張機能を安全で管理しやすくするために、拡張機能の定義と使用に適用される厳格なガバナンスセットがあります。実装者は拡張機能を定義できますが、拡張機能の定義の一部として満たされる一連の要件があります。 / May be used to represent additional information that is not part of the basic definition of the element. To make the use of extensions safe and manageable, there is a strict set of governance  applied to the definition and use of extensions. Though any implementer can define an extension, there is a set of requirements that SHALL be met as part of the definition of the extension.","拡張機能を使用または定義する機関や管轄権に関係なく、アプリケーション、プロジェクト、または標準による拡張機能の使用に関連するスティグマはありません。拡張機能の使用は、FHIR仕様がすべての人にコアレベルのシンプルさを保持できるようにするものです。 / There can be no stigma associated with the use of extensions by any application, project, or standard - regardless of the institution or jurisdiction that uses or defines the extensions.  The use of extensions is what allows the FHIR specification to retain a core level of simplicity for everyone.","","","","","","","","",,,,,"",,,,"Element.extension",0,*,"","ele-1:すべてのFHIR要素には、@valueまたは子要素が必要です / All FHIR elements must have a @value or children {hasValue() or (children().count() > id.count())}
ext-1:両方ではなく、拡張または値[x]が必要です / Must have either extensions or value[x], not both {extension.exists() != value.exists()}","n/a"
"ActivityDefinition.dynamicValue.modifierExtension","ActivityDefinition.dynamicValue.modifierExtension","","extensions
user contentmodifiers","",0,*,"","Y","Y","Extension {[]} {[]}
","認識されていなくても無視できない拡張機能 / Extensions that cannot be ignored even if unrecognized","要素の基本的な定義の一部ではなく、それが含まれている要素の理解、および/または含まれる要素の子孫の理解を変更するために使用される場合があります。通常、修飾子要素は否定または資格を提供します。拡張機能を安全で管理しやすくするために、拡張機能の定義と使用に適用される厳格なガバナンスセットがあります。実装者は拡張機能を定義できますが、拡張機能の定義の一部として満たされる一連の要件があります。アプリケーションの処理リソースは、修飾子拡張機能をチェックする必要があります。

モディファイア拡張は、リソースまたはdomainResource上の要素の意味を変更してはなりません（修飾軸自体の意味を変更することはできません）。 / May be used to represent additional information that is not part of the basic definition of the element and that modifies the understanding of the element in which it is contained and/or the understanding of the containing element's descendants. Usually modifier elements provide negation or qualification. To make the use of extensions safe and manageable, there is a strict set of governance applied to the definition and use of extensions. Though any implementer can define an extension, there is a set of requirements that SHALL be met as part of the definition of the extension. Applications processing a resource are required to check for modifier extensions.

Modifier extensions SHALL NOT change the meaning of any elements on Resource or DomainResource (including cannot change the meaning of modifierExtension itself).","拡張機能を使用または定義する機関や管轄権に関係なく、アプリケーション、プロジェクト、または標準による拡張機能の使用に関連するスティグマはありません。拡張機能の使用は、FHIR仕様がすべての人にコアレベルのシンプルさを保持できるようにするものです。 / There can be no stigma associated with the use of extensions by any application, project, or standard - regardless of the institution or jurisdiction that uses or defines the extensions.  The use of extensions is what allows the FHIR specification to retain a core level of simplicity for everyone.","修飾子拡張機能により、安全に無視できる大部分の拡張機能と明確に区別できるように、安全に無視できない拡張機能が可能になります。これにより、実装者が拡張の存在を禁止する必要性を排除することにより、相互運用性が促進されます。詳細については、[修飾子拡張の定義]（拡張性.html＃modifierextension）を参照してください。 / Modifier extensions allow for extensions that *cannot* be safely ignored to be clearly distinguished from the vast majority of extensions which can be safely ignored.  This promotes interoperability by eliminating the need for implementers to prohibit the presence of extensions. For further information, see the [definition of modifier extensions](http://hl7.org/fhir/R4B/extensibility.html#modifierExtension).","","","","","","","",,,,,"",,,,"BackboneElement.modifierExtension",0,*,"","ele-1:すべてのFHIR要素には、@valueまたは子要素が必要です / All FHIR elements must have a @value or children {hasValue() or (children().count() > id.count())}
ext-1:両方ではなく、拡張または値[x]が必要です / Must have either extensions or value[x], not both {extension.exists() != value.exists()}","N/A"
"ActivityDefinition.dynamicValue.path","ActivityDefinition.dynamicValue.path","","","",1,1,"","","","string {[]} {[]}
","動的に設定する要素へのパス / The path to the element to be set dynamically","カスタマイズされる要素へのパス。これは、式によって定義された計算の結果を保持するリソースのパスです。指定されたパスは、指定されたターゲットタイプのActivity -Definitionで解決可能なFHIRPATHであり、identifier、一定のインデクサー、および関数の制限付きサブセットのみで構成されます。パスは、サブエレメントを通過する予選（。）を含むことができます。また、インデクサー（[x]）が複数のカードサブエレメントを通過します（[simple fhirpathプロファイル]（fhirpath.html＃simpleを参照）。詳細）。 / The path to the element to be customized. This is the path on the resource that will hold the result of the calculation defined by the expression. The specified path SHALL be a FHIRPath resolveable on the specified target type of the ActivityDefinition, and SHALL consist only of identifiers, constant indexers, and a restricted subset of functions. The path is allowed to contain qualifiers (.) to traverse sub-elements, as well as indexers ([x]) to traverse multiple-cardinality sub-elements (see the [Simple FHIRPath Profile](http://hl7.org/fhir/R4B/fhirpath.html#simple) for full details).","パス属性には、[simple fhirpath Subset]（fhirpath.html＃simple）が含まれています。 / The path attribute contains a [Simple FHIRPath Subset](http://hl7.org/fhir/R4B/fhirpath.html#simple) that allows path traversal, but not calculation.","","","","","","","","",,,,,"",,,,"ActivityDefinition.dynamicValue.path",1,1,"","ele-1:すべてのFHIR要素には、@valueまたは子要素が必要です / All FHIR elements must have a @value or children {hasValue() or (children().count() > id.count())}
","N/A"
"ActivityDefinition.dynamicValue.expression","ActivityDefinition.dynamicValue.expression","","","",1,1,"","","","Expression {[]} {[]}
","カスタマイズの動的値を提供する式 / An expression that provides the dynamic value for the customization","カスタマイズされた要素の値を指定する式。 / An expression specifying the value of the customized element.","式にインラキングされる場合があるか、ライブラリ要素によって参照されるロジックライブラリ内の名前付き式への参照である場合があります。 / The expression may be inlined, or may be a reference to a named expression within a logic library referenced by the library element.","","","","","","","","",,,,,"",,,,"ActivityDefinition.dynamicValue.expression",1,1,"","ele-1:すべてのFHIR要素には、@valueまたは子要素が必要です / All FHIR elements must have a @value or children {hasValue() or (children().count() > id.count())}
","N/A"
