"Id","Path","Slice Name","Alias(s)","Label","Min","Max","Must Support?","Is Modifier?","Is Summary?","Type(s)","Short","Definition","Comments","Requirements","Default Value","Meaning When Missing","Fixed Value","Pattern","Example","Minimum Value","Maximum Value","Maximum Length","Binding Strength","Binding Description","Binding Value Set","Code","Slicing Discriminator","Slicing Description","Slicing Ordered","Slicing Rules","Base Path","Base Min","Base Max","Condition(s)","Constraint(s)","Mapping: Workflow Pattern","Mapping: RIM Mapping","Mapping: FiveWs Pattern Mapping","Mapping: HL7 v2 Mapping","Mapping: W3C PROV"
"MedicationAdministration","MedicationAdministration","","","",0,*,"","","","null {[]} {[]}
","患者への薬剤投与記録","患者が薬剤を服用する、あるいは投与される事象を説明します。これは、錠剤を飲むだけだったり、長時間の点滴だったりすることがあります。関連するリソースは、この事象を許可された処方箋や、患者と医療従事者の具体的な受療行動と結びつけます。 / Describes the event of a patient consuming or otherwise being administered a medication.  This may be as simple as swallowing a tablet or it may be a long running infusion.  Related resources tie this event to the authorizing prescription, and the specific encounter between patient and health care practitioner.","","","","","","","","","",,,,,"",,,,"MedicationAdministration",0,*,"","dom-2:もしリソースが他のリソースに含まれている場合、そのリソースにはネストされたリソースを含めてはなりません (moshi risōsu ga hoka no risōsu ni fukumarete iru baai, sono risōsu ni wa nesuto sareta risōsu o fukumete wa narimasen). / If the resource is contained in another resource, it SHALL NOT contain nested Resources {contained.contained.empty()}
dom-3:もしリソースが他のリソースに含まれている場合、それはリソースの他の場所から参照されるか、含まれるリソースに参照されるべきです。 / If the resource is contained in another resource, it SHALL be referred to from elsewhere in the resource or SHALL refer to the containing resource {contained.where(((id.exists() and ('#'+id in (%resource.descendants().reference | %resource.descendants().as(canonical) | %resource.descendants().as(uri) | %resource.descendants().as(url)))) or descendants().where(reference = '#').exists() or descendants().where(as(canonical) = '#').exists() or descendants().where(as(uri) = '#').exists()).not()).trace('unmatched', id).empty()}dom-4:もしリソースが別のリソースの中に含まれる場合、meta.versionIdまたはmeta.lastUpdatedを持つべきではありません。 / If a resource is contained in another resource, it SHALL NOT have a meta.versionId or a meta.lastUpdated {contained.meta.versionId.empty() and contained.meta.lastUpdated.empty()}dom-5:もしリソースが他のリソースに含まれている場合、セキュリティラベルを持つべきではありません。 / If a resource is contained in another resource, it SHALL NOT have a security label {contained.meta.security.empty()}dom-6:資源は堅牢な管理のために物語を持つべきである。 / A resource should have narrative for robust management {text.`div`.exists()}","Event","Entity. Role, or Act","SubstanceAdministration","clinical.medication"
"MedicationAdministration.id","MedicationAdministration.id","","","",0,1,"","","Y","id {[]} {[]}
","このアーティファクトの論理ID / Logical id of this artifact","リソースのURLで使用される論理ID。一度割り当てられたら、この値は変更されません。 / The logical id of the resource, as used in the URL for the resource. Once assigned, this value never changes.","リソースにIDがないのは、作成操作を使用してサーバーに送信されているときだけです。 / The only time that a resource does not have an id is when it is being submitted to the server using a create operation.","","","","","","","","",,,,,"",,,,"Resource.id",0,1,"",""
"MedicationAdministration.meta","MedicationAdministration.meta","","","",0,1,"","","Y","Meta {[]} {[]}
","リソースに関するMetadata / Metadata about the resource","リソースに関するMetadata。これはインフラストラクチャによって維持されるコンテンツです。 コンテンツの変更は、リソースのバージョン変更と常に関連しているわけではありません。 / The metadata about the resource. This is content that is maintained by the infrastructure. Changes to the content might not always be associated with version changes to the resource.","","","","","","","","","",,,,,"",,,,"Resource.meta",0,1,"","ele-1:すべてのFHIR要素は、@valueまたはchildrenを持っている必要があります。 / All FHIR elements must have a @value or children {hasValue() or (children().count() > id.count())}
"
"MedicationAdministration.implicitRules","MedicationAdministration.implicitRules","","","",0,1,"","Y","Y","uri {[]} {[]}
","このコンテンツが作成されたルールセット / A set of rules under which this content was created","リソース構築時に遵守された一連のルールを指すものであり、コンテンツを処理する際に理解する必要があります。しばしば、特別なルールを定義する実装ガイドとその他のプロファイルなどを含むものです。 / A reference to a set of rules that were followed when the resource was constructed, and which must be understood when processing the content. Often, this is a reference to an implementation guide that defines the special rules along with other profiles etc.","このルールセットを主張することで、取引先の限られた集団にしか内容を理解させることができず、長期的にはデータの有用性が制限されます。しかしながら、現存するヘルスエコシステムは高度に分断化しており、一般的に計算可能な形式でデータを定義、収集、交換する準備が整っていません。できる限り、実装者および/または仕様ライターはこの要素の使用を避けるべきです。使用する場合、URLは、そのナラティブとともに他のプロファイル、値セットなどを含む実装ガイドを定義する参照となります。 / Asserting this rule set restricts the content to be only understood by a limited set of trading partners. This inherently limits the usefulness of the data in the long term. However, the existing health eco-system is highly fractured, and not yet ready to define, collect, and exchange data in a generally computable sense. Wherever possible, implementers and/or specification writers should avoid using this element. Often, when used, the URL is a reference to an implementation guide that defines these special rules as part of it's narrative along with other profiles, value sets, etc.","","","","","","","","",,,,,"",,,,"Resource.implicitRules",0,1,"","ele-1:すべてのFHIR要素は、@valueまたはchildrenを持っている必要があります。 / All FHIR elements must have a @value or children {hasValue() or (children().count() > id.count())}
"
"MedicationAdministration.language","MedicationAdministration.language","","","",0,1,"","","","code {[]} {[]}
","リソースコンテンツの言語 / Language of the resource content","リソースが書かれている基本言語。 / The base language in which the resource is written.","言語はインデックスとアクセシビリティをサポートするために提供されます（通常、テキスト読み上げなどのサービスは言語タグを使用します）。物語のHTML言語タグは、物語に適用されます。リソース上の言語タグは、リソース内のデータから生成される他のプレゼンテーションの言語を指定するために使用できます。すべてのコンテンツが基本言語である必要はありません。Resource.languageは自動的に物語に適用されたと想定してはいけません。言語が指定されている場合、HTMLのdiv要素にも指定する必要があります（xml：langとhtml lang属性の関係に関する情報はHTML5の規則を参照）。 / Language is provided to support indexing and accessibility (typically, services such as text to speech use the language tag). The html language tag in the narrative applies  to the narrative. The language tag on the resource may be used to specify the language of other presentations generated from the data in the resource. Not all the content has to be in the base language. The Resource.language should not be assumed to apply to the narrative automatically. If a language is specified, it should it also be specified on the div element in the html (see rules in HTML5 for information about the relationship between xml:lang and the html lang attribute).","","","","","","","","",,"preferred","人間の言語。 / IETF language tag","http://hl7.org/fhir/ValueSet/languages|4.3.0","",,,,"Resource.language",0,1,"","ele-1:すべてのFHIR要素は、@valueまたはchildrenを持っている必要があります。 / All FHIR elements must have a @value or children {hasValue() or (children().count() > id.count())}
"
"MedicationAdministration.text","MedicationAdministration.text","","narrative
htmlxhtmldisplay","",0,1,"","","","Narrative {[]} {[]}
","人間の解釈のためのリソースのテキスト要約 / Text summary of the resource, for human interpretation","リソースの要約を含む人が読めるナビゲーションであり、リソースの内容を人に表現するために使用できます。ナビゲーションはすべての構造化されたデータをエンコードする必要はありませんが、人間がナビゲーションを読むだけで「臨床的に安全」であるために十分な詳細を含む必要があります。リソース定義には、臨床的な安全性を確保するためにナビゲーションで表現する必要があるコンテンツが定義される場合があります。 / A human-readable narrative that contains a summary of the resource and can be used to represent the content of the resource to a human. The narrative need not encode all the structured data, but is required to contain sufficient detail to make it ""clinically safe"" for a human to just read the narrative. Resource definitions may define what content should be represented in the narrative to ensure clinical safety.","含まれるリソースには説明がありません。含まれないリソースには説明が必要です。場合によっては、リソースが少量のデータしか含まず、テキストだけで表現されることがあります（minOccurs = 1要素がすべて満たされている限り）。これは、情報が「テキストの塊」としてキャプチャされるレガシーシステムからのデータや、テキストが生またはナレーションされて符号化された情報が後で追加される場合に必要な場合があります。 / Contained resources do not have narrative. Resources that are not contained SHOULD have a narrative. In some cases, a resource may only have text with little or no additional discrete data (as long as all minOccurs=1 elements are satisfied).  This may be necessary for data from legacy systems where information is captured as a ""text blob"" or where text is additionally entered raw or narrated and encoded information is added later.","","","","","","","","",,,,,"",,,,"DomainResource.text",0,1,"","ele-1:すべてのFHIR要素は、@valueまたはchildrenを持っている必要があります。 / All FHIR elements must have a @value or children {hasValue() or (children().count() > id.count())}
","Act.text?"
"MedicationAdministration.contained","MedicationAdministration.contained","","inline resources
anonymous resourcescontained resources","",0,*,"","","","Resource {[]} {[]}
","含まれている、インラインのリソース / Contained, inline Resources","これらのリソースは、それらを含むリソースから独立した存在を持ちません。それらは独立して識別することはできず、独自の独立したトランザクション範囲を持つこともできません。 / These resources do not have an independent existence apart from the resource that contains them - they cannot be identified independently, and nor can they have their own independent transaction scope.","コンテンツが適切に識別できる場合には、これを行うべきではありません。識別が失われると、再び復元することは非常に困難であり（文脈に依存します）、メタ要素にプロファイルとタグを持つことができますが、セキュリティのラベルを持っていてはいけません。 / This should never be done when the content can be identified properly, as once identification is lost, it is extremely difficult (and context dependent) to restore it again. Contained resources may have profiles and tags In their meta elements, but SHALL NOT have security labels.","","","","","","","","",,,,,"",,,,"DomainResource.contained",0,*,"","dom-r4b:R4リソース内に新しいR4Bリソースを含めると、インスタンスがR4システムと共有された場合に相互運用性の問題が発生する可能性があります / Containing new R4B resources within R4 resources may cause interoperability issues if instances are shared with R4 systems {($this is Citation or $this is Evidence or $this is EvidenceReport or $this is EvidenceVariable or $this is MedicinalProductDefinition or $this is PackagedProductDefinition or $this is AdministrableProductDefinition or $this is Ingredient or $this is ClinicalUseDefinition or $this is RegulatedAuthorization or $this is SubstanceDefinition or $this is SubscriptionStatus or $this is SubscriptionTopic) implies (%resource is Citation or %resource is Evidence or %resource is EvidenceReport or %resource is EvidenceVariable or %resource is MedicinalProductDefinition or %resource is PackagedProductDefinition or %resource is AdministrableProductDefinition or %resource is Ingredient or %resource is ClinicalUseDefinition or %resource is RegulatedAuthorization or %resource is SubstanceDefinition or %resource is SubscriptionStatus or %resource is SubscriptionTopic)}
","N/A"
"MedicationAdministration.extension","MedicationAdministration.extension","","","",0,*,"","","","Extension {[]} {[]}
","Extension","An Extension","","","","","","","","","",,,,,"","value:url}
","",,"open","DomainResource.extension",0,*,"","ele-1:すべてのFHIR要素は、@valueまたはchildrenを持っている必要があります。 / All FHIR elements must have a @value or children {hasValue() or (children().count() > id.count())}
ext-1:extensionまたはvalue[x]のいずれかが必要です。両方ではありません。 / Must have either extensions or value[x], not both {extension.exists() != value.exists()}"
"MedicationAdministration.extension:requestDepartment","MedicationAdministration.extension","requestDepartment","","",0,1,"","","","Extension {[CanonicalType[http://jpfhir.jp/fhir/core/Extension/StructureDefinition/JP_MedicationAdministration_RequestDepartment]]} {[]}
","依頼科","依頼科を格納するための拡張","","","","","","","","","",,,,,"",,,,"DomainResource.extension",0,*,"ele-1
","ele-1:空のParametersリソースでない限り、すべてのFHIR要素には@valueまたはchildrenが必要です / All FHIR elements must have a @value or children unless an empty Parameters resource {hasValue() or (children().count() > id.count()) or $this is Parameters}
ext-1:両方ではなく、拡張または値[x]が必要です / Must have either extensions or value[x], not both {extension.exists() != value.exists()}"
"MedicationAdministration.extension:requestAuthoredOn","MedicationAdministration.extension","requestAuthoredOn","","",0,1,"","","","Extension {[CanonicalType[http://jpfhir.jp/fhir/core/Extension/StructureDefinition/JP_MedicationAdministration_RequestAuthoredOn]]} {[]}
","依頼日時","依頼日時を格納するための拡張","","","","","","","","","",,,,,"",,,,"DomainResource.extension",0,*,"ele-1
","ele-1:空のParametersリソースでない限り、すべてのFHIR要素には@valueまたはchildrenが必要です / All FHIR elements must have a @value or children unless an empty Parameters resource {hasValue() or (children().count() > id.count()) or $this is Parameters}
ext-1:両方ではなく、拡張または値[x]が必要です / Must have either extensions or value[x], not both {extension.exists() != value.exists()}"
"MedicationAdministration.extension:location","MedicationAdministration.extension","location","","",0,1,"","","","Extension {[CanonicalType[http://jpfhir.jp/fhir/core/Extension/StructureDefinition/JP_MedicationAdministration_Location]]} {[]}
","実施場所","実施場所を格納するための拡張。  
実施場所を記述した  Locationリソースへの参照。","","","","","","","","","",,,,,"",,,,"DomainResource.extension",0,*,"ele-1
","ele-1:空のParametersリソースでない限り、すべてのFHIR要素には@valueまたはchildrenが必要です / All FHIR elements must have a @value or children unless an empty Parameters resource {hasValue() or (children().count() > id.count()) or $this is Parameters}
ext-1:両方ではなく、拡張または値[x]が必要です / Must have either extensions or value[x], not both {extension.exists() != value.exists()}"
"MedicationAdministration.extension:requester","MedicationAdministration.extension","requester","","",0,*,"","","","Extension {[CanonicalType[http://jpfhir.jp/fhir/core/Extension/StructureDefinition/JP_MedicationAdministration_Requester]]} {[]}
","依頼医","依頼医を格納するための拡張。  
依頼医を記述した Practitioner  リソースへの参照。","","","","","","","","","",,,,,"",,,,"DomainResource.extension",0,*,"ele-1
","ele-1:空のParametersリソースでない限り、すべてのFHIR要素には@valueまたはchildrenが必要です / All FHIR elements must have a @value or children unless an empty Parameters resource {hasValue() or (children().count() > id.count()) or $this is Parameters}
ext-1:両方ではなく、拡張または値[x]が必要です / Must have either extensions or value[x], not both {extension.exists() != value.exists()}"
"MedicationAdministration.modifierExtension","MedicationAdministration.modifierExtension","","extensions
user content","",0,*,"","Y","","Extension {[]} {[]}
","無視できない拡張機能 / Extensions that cannot be ignored","リソースの基本的な定義に含まれない、要素の理解や、それを含む要素の子孫の理解を修正する追加情報を表すためにも使用されることがあります。通常、修飾要素は否定や修飾を提供します。拡張機能の使用を安全で管理しやすくするために、拡張機能の定義と使用に対して厳格な統治が適用されます。実装者は拡張機能を定義することが許可されていますが、拡張機能の定義の一部として満たす必要がある要件があります。リソースを処理するアプリケーションは、修飾子拡張をチェックする必要があります。修飾子拡張は、リソースまたはドメインリソースの任意の要素の意味を変更してはなりません（修飾子拡張自体の意味も変更できません）。 / May be used to represent additional information that is not part of the basic definition of the resource and that modifies the understanding of the element that contains it and/or the understanding of the containing element's descendants. Usually modifier elements provide negation or qualification. To make the use of extensions safe and manageable, there is a strict set of governance applied to the definition and use of extensions. Though any implementer is allowed to define an extension, there is a set of requirements that SHALL be met as part of the definition of the extension. Applications processing a resource are required to check for modifier extensions.

Modifier extensions SHALL NOT change the meaning of any elements on Resource or DomainResource (including cannot change the meaning of modifierExtension itself).","どのようなアプリケーション、プロジェクト、または標準が拡張機能を使用しているかに関わらず、拡張機能の使用には決して汚名が付くわけではありません - それらを使用または定義する機関または管轄区域に関係なく。拡張機能の使用こそが、FHIR仕様を誰にとっても簡単なコアレベルで維持することを可能にします。 / There can be no stigma associated with the use of extensions by any application, project, or standard - regardless of the institution or jurisdiction that uses or defines the extensions.  The use of extensions is what allows the FHIR specification to retain a core level of simplicity for everyone.","修飾子拡張により、安全に無視できない拡張を、安全に無視できる大多数の拡張と明確に区別することができます。これにより、実装者が拡張の存在を禁止する必要がなくなり、相互運用性が促進されます。詳細については、[修飾子拡張の定義](http://hl7.org/fhir/R4B/extensibility.html#modifierExtension)を参照してください。 / Modifier extensions allow for extensions that *cannot* be safely ignored to be clearly distinguished from the vast majority of extensions which can be safely ignored.  This promotes interoperability by eliminating the need for implementers to prohibit the presence of extensions. For further information, see the [definition of modifier extensions](http://hl7.org/fhir/R4B/extensibility.html#modifierExtension).","","","","","","","",,,,,"",,,,"DomainResource.modifierExtension",0,*,"","ele-1:すべてのFHIR要素は、@valueまたはchildrenを持っている必要があります。 / All FHIR elements must have a @value or children {hasValue() or (children().count() > id.count())}
ext-1:extensionまたはvalue[x]のいずれかが必要です。両方ではありません。 / Must have either extensions or value[x], not both {extension.exists() != value.exists()}","N/A"
"MedicationAdministration.identifier","MedicationAdministration.identifier","","","",1,*,"","","","Identifier {[]} {[]}
","外部から参照されるID","このインスタンスが外部から参照されるために使われるIDである。処方箋全体としてのIDとしては使用しない。  
処方箋内で同一の用法をまとめて表記されるRp番号はこのIdentifier elementの別スライスで表現する。それ以外に任意のIDを付与してもよい。  
このIDは業務手順によって定められた処方オーダに対して、直接的なURL参照が適切でない場合も含めて関連付けるために使われる。この業務手順のIDは実施者によって割り当てられたものであり、リソースが更新されたりサーバからサーバに転送されたとしても固定のものとして存続する。","これは業務IDであって、リソースに対するIDではない。","","","","","","","","",,,,,"","value:system}
","",,"open","MedicationAdministration.identifier",0,*,"","ele-1:すべてのFHIR要素は、@valueまたはchildrenを持っている必要があります。 / All FHIR elements must have a @value or children {hasValue() or (children().count() > id.count())}
","Event.identifier",".id","FiveWs.identifier"
"MedicationAdministration.identifier:rpNumber","MedicationAdministration.identifier","rpNumber","","",1,1,"","","","Identifier {[]} {[]}
","処方箋内部の剤グループとしてのRp番号","処方箋内で同一用法の薬剤を慣用的にまとめて、Rpに番号をつけて剤グループとして一括指定されることがある。このスライスでは剤グループに対して割り振られたRp番号を記録する。","剤グループに複数の薬剤が含まれる場合、このグループ内の薬剤には同じRp番号が割り振られる。","","","","","","","","",,,,,"",,,,"MedicationAdministration.identifier",0,*,"","ele-1:すべてのFHIR要素は、@valueまたはchildrenを持っている必要があります。 / All FHIR elements must have a @value or children {hasValue() or (children().count() > id.count())}
","Event.identifier",".id","FiveWs.identifier"
"MedicationAdministration.identifier:rpNumber.id","MedicationAdministration.identifier.id","","","",0,1,"","","","id {[]} {[]}
","要素間参照のための一意のID / Unique id for inter-element referencing","リソース内の要素の一意のID（内部参照用）。これは、スペースを含まない文字列値である場合があります。 / Unique id for the element within a resource (for internal references). This may be any string value that does not contain spaces.","","","","","","","","","",,,,,"",,,,"Element.id",0,1,"","","n/a"
"MedicationAdministration.identifier:rpNumber.extension","MedicationAdministration.identifier.extension","","extensions
user content","",0,*,"","","","Extension {[]} {[]}
","実装で定義された追加のコンテンツ / Additional content defined by implementations","要素の基本的な定義の一部ではない追加情報を表すために使用できます。拡張機能を安全で管理しやすくするために、拡張機能の定義と使用に適用される厳格なガバナンスセットがあります。実装者は拡張機能を定義できますが、拡張機能の定義の一部として満たされる一連の要件があります。 / May be used to represent additional information that is not part of the basic definition of the element. To make the use of extensions safe and manageable, there is a strict set of governance  applied to the definition and use of extensions. Though any implementer can define an extension, there is a set of requirements that SHALL be met as part of the definition of the extension.","拡張機能を使用または定義する機関や管轄権に関係なく、アプリケーション、プロジェクト、または標準による拡張機能の使用に関連するスティグマはありません。拡張機能の使用は、FHIR仕様がすべての人にコアレベルのシンプルさを保持できるようにするものです。 / There can be no stigma associated with the use of extensions by any application, project, or standard - regardless of the institution or jurisdiction that uses or defines the extensions.  The use of extensions is what allows the FHIR specification to retain a core level of simplicity for everyone.","","","","","","","","",,,,,"","value:url}
","Extensions are always sliced by (at least) url",,"open","Element.extension",0,*,"","ele-1:すべてのFHIR要素には、@valueまたは子要素が必要です / All FHIR elements must have a @value or children {hasValue() or (children().count() > id.count())}
ext-1:両方ではなく、拡張または値[x]が必要です / Must have either extensions or value[x], not both {extension.exists() != value.exists()}","n/a"
"MedicationAdministration.identifier:rpNumber.use","MedicationAdministration.identifier.use","","","",0,1,"","Y","Y","code {[]} {[]}
","通常|公式|一時的|セカンダリ|古い（知られている場合） / usual | official | temp | secondary | old (If known)","このidentifierの目的。 / The purpose of this identifier.","アプリケーションは、identifierが一時的なものであると明示的に言っていない限り、永続的であると想定できます。 / Applications can assume that an identifier is permanent unless it explicitly says that it is temporary.","特定の使用のコンテキストが一連のidentifierの中から選択される適切なidentifierを許可します。 / Allows the appropriate identifier for a particular context of use to be selected from among a set of identifiers.","","","","","","","",,"required","","http://hl7.org/fhir/ValueSet/identifier-use|4.3.0","",,,,"Identifier.use",0,1,"","ele-1:すべてのFHIR要素には、@valueまたは子要素が必要です / All FHIR elements must have a @value or children {hasValue() or (children().count() > id.count())}
","Role.code or implied by context","N/A"
"MedicationAdministration.identifier:rpNumber.type","MedicationAdministration.identifier.type","","","",0,1,"","","Y","CodeableConcept {[]} {[]}
","identifierの説明 / Description of identifier","特定の目的に使用するidentifierを決定するために使用できるidentifierのコード化されたタイプ。 / A coded type for the identifier that can be used to determine which identifier to use for a specific purpose.","この要素は、identifierの一般的なカテゴリのみを扱います。identifier。システムに対応するコードに使用しないでください。一部のidentifierは、一般的な使用法により複数のカテゴリに分類される場合があります。システムがわかっている場合、タイプは常にシステム定義の一部であるため、タイプは不要です。ただし、システムが不明なidentifierを処理する必要があることがよくあります。多くの異なるシステムが同じタイプを持っているため、タイプとシステムの間に1：1の関係はありません。 / This element deals only with general categories of identifiers.  It SHOULD not be used for codes that correspond 1..1 with the Identifier.system. Some identifiers may fall into multiple categories due to common usage.   Where the system is known, a type is unnecessary because the type is always part of the system definition. However systems often need to handle identifiers where the system is not known. There is not a 1:1 relationship between type and system, since many different systems have the same type.","identifierシステムが不明な場合、ユーザーはidentifierを使用できます。 / Allows users to make use of identifiers when the identifier system is not known.","","","","","","","",,"extensible","","http://hl7.org/fhir/ValueSet/identifier-type|4.3.0","",,,,"Identifier.type",0,1,"","ele-1:すべてのFHIR要素には、@valueまたは子要素が必要です / All FHIR elements must have a @value or children {hasValue() or (children().count() > id.count())}
","Role.code or implied by context","CX.5"
"MedicationAdministration.identifier:rpNumber.system","MedicationAdministration.identifier.system","","","",1,1,"","","Y","uri {[]} {[]}
","Rp番号(剤グループ番号)についてのsystem値","ここで付番されたIDがRp番号であることを明示するためにOID-urlとして定義された。http://jpfhir.jp/fhir/core/mhlw/IdSystem/Medication-RPGroupNumberで固定される。","identifier。システムは常にケースに敏感です。 / Identifier.system is always case sensitive.","identifierのセットがたくさんあります。2つのidentifierを一致させるには、どのセットを扱っているかを知る必要があります。システムは、特定の一意のidentifierセットを識別します。 / There are many sets  of identifiers.  To perform matching of two identifiers, we need to know what set we're dealing with. The system identifies a particular set of unique identifiers.","","","<valueUri xmlns=""http://hl7.org/fhir"" value=""http://jpfhir.jp/fhir/core/mhlw/IdSystem/Medication-RPGroupNumber""/>","","<valueUri xmlns=""http://hl7.org/fhir"" value=""http://www.acme.com/identifiers/patient""/>","","",,,,,"",,,,"Identifier.system",0,1,"","ele-1:すべてのFHIR要素には、@valueまたは子要素が必要です / All FHIR elements must have a @value or children {hasValue() or (children().count() > id.count())}
","II.root or Role.id.root","CX.4 / EI-2-4"
"MedicationAdministration.identifier:rpNumber.value","MedicationAdministration.identifier.value","","","",1,1,"","","Y","string {[]} {[]}
","Rp番号(剤グループ番号)","Rp番号(剤グループ番号)。""1""など。","value は string型であり、数値はゼロサプレス、つまり、'01'でなく'1'と指定すること。","","","","","","<valueString xmlns=""http://hl7.org/fhir"" value=""123456""/>","","",,,,,"",,,,"Identifier.value",0,1,"","ele-1:すべてのFHIR要素には、@valueまたは子要素が必要です / All FHIR elements must have a @value or children {hasValue() or (children().count() > id.count())}
","II.extension or II.root if system indicates OID or GUID (Or Role.id.extension or root)","CX.1 / EI.1"
"MedicationAdministration.identifier:rpNumber.period","MedicationAdministration.identifier.period","","","",0,1,"","","Y","Period {[]} {[]}
","IDが使用に有効だった時間期間 / Time period when id is/was valid for use","identifierが使用される/有効な期間。 / Time period during which identifier is/was valid for use.","","","","","","","","","",,,,,"",,,,"Identifier.period",0,1,"","ele-1:すべてのFHIR要素には、@valueまたは子要素が必要です / All FHIR elements must have a @value or children {hasValue() or (children().count() > id.count())}
","Role.effectiveTime or implied by context","CX.7 + CX.8"
"MedicationAdministration.identifier:rpNumber.assigner","MedicationAdministration.identifier.assigner","","","",0,1,"","","Y","Reference {[]} {[CanonicalType[http://hl7.org/fhir/StructureDefinition/Organization|4.3.0]]}
","IDを発行した組織（単なるテキストである可能性があります） / Organization that issued id (may be just text)","identifierを発行/管理する組織。 / Organization that issued/manages the identifier.","identifierは、.reference要素を省略し、割り当て組織に関する名前またはその他のテキスト情報を反映した.display要素のみを含む場合があります。 / The Identifier.assigner may omit the .reference element and only contain a .display element reflecting the name or other textual information about the assigning organization.","","","","","","","","",,,,,"",,,,"Identifier.assigner",0,1,"","ele-1:すべてのFHIR要素には、@valueまたは子要素が必要です / All FHIR elements must have a @value or children {hasValue() or (children().count() > id.count())}
","II.assigningAuthorityName but note that this is an improper use by the definition of the field.  Also Role.scoper","CX.4 / (CX.4,CX.9,CX.10)"
"MedicationAdministration.identifier:requestIdentifier","MedicationAdministration.identifier","requestIdentifier","","",0,*,"","","","Identifier {[]} {[]}
","処方オーダに対するID(MedicationRequestからの継承)","薬剤をオーダする単位としての処方箋に対するID。原則として投薬実施の基となったMedicationRequestのIDを設定する。","これはビジネスidentifierであり、リソースidentifierではありません。 / This is a business identifier, not a resource identifier.","","","","","","","","",,,,,"",,,,"MedicationAdministration.identifier",0,*,"","ele-1:すべてのFHIR要素は、@valueまたはchildrenを持っている必要があります。 / All FHIR elements must have a @value or children {hasValue() or (children().count() > id.count())}
","Event.identifier",".id","FiveWs.identifier"
"MedicationAdministration.identifier:requestIdentifier.id","MedicationAdministration.identifier.id","","","",0,1,"","","","id {[]} {[]}
","要素間参照のための一意のID / Unique id for inter-element referencing","リソース内の要素の一意のID（内部参照用）。これは、スペースを含まない文字列値である場合があります。 / Unique id for the element within a resource (for internal references). This may be any string value that does not contain spaces.","","","","","","","","","",,,,,"",,,,"Element.id",0,1,"","","n/a"
"MedicationAdministration.identifier:requestIdentifier.extension","MedicationAdministration.identifier.extension","","extensions
user content","",0,*,"","","","Extension {[]} {[]}
","実装で定義された追加のコンテンツ / Additional content defined by implementations","要素の基本的な定義の一部ではない追加情報を表すために使用できます。拡張機能を安全で管理しやすくするために、拡張機能の定義と使用に適用される厳格なガバナンスセットがあります。実装者は拡張機能を定義できますが、拡張機能の定義の一部として満たされる一連の要件があります。 / May be used to represent additional information that is not part of the basic definition of the element. To make the use of extensions safe and manageable, there is a strict set of governance  applied to the definition and use of extensions. Though any implementer can define an extension, there is a set of requirements that SHALL be met as part of the definition of the extension.","拡張機能を使用または定義する機関や管轄権に関係なく、アプリケーション、プロジェクト、または標準による拡張機能の使用に関連するスティグマはありません。拡張機能の使用は、FHIR仕様がすべての人にコアレベルのシンプルさを保持できるようにするものです。 / There can be no stigma associated with the use of extensions by any application, project, or standard - regardless of the institution or jurisdiction that uses or defines the extensions.  The use of extensions is what allows the FHIR specification to retain a core level of simplicity for everyone.","","","","","","","","",,,,,"","value:url}
","Extensions are always sliced by (at least) url",,"open","Element.extension",0,*,"","ele-1:すべてのFHIR要素には、@valueまたは子要素が必要です / All FHIR elements must have a @value or children {hasValue() or (children().count() > id.count())}
ext-1:両方ではなく、拡張または値[x]が必要です / Must have either extensions or value[x], not both {extension.exists() != value.exists()}","n/a"
"MedicationAdministration.identifier:requestIdentifier.use","MedicationAdministration.identifier.use","","","",0,1,"","Y","Y","code {[]} {[]}
","通常|公式|一時的|セカンダリ|古い（知られている場合） / usual | official | temp | secondary | old (If known)","このidentifierの目的。 / The purpose of this identifier.","アプリケーションは、identifierが一時的なものであると明示的に言っていない限り、永続的であると想定できます。 / Applications can assume that an identifier is permanent unless it explicitly says that it is temporary.","特定の使用のコンテキストが一連のidentifierの中から選択される適切なidentifierを許可します。 / Allows the appropriate identifier for a particular context of use to be selected from among a set of identifiers.","","","","","","","",,"required","","http://hl7.org/fhir/ValueSet/identifier-use|4.3.0","",,,,"Identifier.use",0,1,"","ele-1:すべてのFHIR要素には、@valueまたは子要素が必要です / All FHIR elements must have a @value or children {hasValue() or (children().count() > id.count())}
","Role.code or implied by context","N/A"
"MedicationAdministration.identifier:requestIdentifier.type","MedicationAdministration.identifier.type","","","",0,1,"","","Y","CodeableConcept {[]} {[]}
","identifierの説明 / Description of identifier","特定の目的に使用するidentifierを決定するために使用できるidentifierのコード化されたタイプ。 / A coded type for the identifier that can be used to determine which identifier to use for a specific purpose.","この要素は、identifierの一般的なカテゴリのみを扱います。identifier。システムに対応するコードに使用しないでください。一部のidentifierは、一般的な使用法により複数のカテゴリに分類される場合があります。システムがわかっている場合、タイプは常にシステム定義の一部であるため、タイプは不要です。ただし、システムが不明なidentifierを処理する必要があることがよくあります。多くの異なるシステムが同じタイプを持っているため、タイプとシステムの間に1：1の関係はありません。 / This element deals only with general categories of identifiers.  It SHOULD not be used for codes that correspond 1..1 with the Identifier.system. Some identifiers may fall into multiple categories due to common usage.   Where the system is known, a type is unnecessary because the type is always part of the system definition. However systems often need to handle identifiers where the system is not known. There is not a 1:1 relationship between type and system, since many different systems have the same type.","identifierシステムが不明な場合、ユーザーはidentifierを使用できます。 / Allows users to make use of identifiers when the identifier system is not known.","","","","","","","",,"extensible","","http://hl7.org/fhir/ValueSet/identifier-type|4.3.0","",,,,"Identifier.type",0,1,"","ele-1:すべてのFHIR要素には、@valueまたは子要素が必要です / All FHIR elements must have a @value or children {hasValue() or (children().count() > id.count())}
","Role.code or implied by context","CX.5"
"MedicationAdministration.identifier:requestIdentifier.system","MedicationAdministration.identifier.system","","","",1,1,"","","Y","uri {[]} {[]}
","identifier値の名前空間 / The namespace for the identifier value","値の名前空間、つまり一意のセット値を記述するURLを確立します。 / Establishes the namespace for the value - that is, a URL that describes a set values that are unique.","identifier。システムは常にケースに敏感です。 / Identifier.system is always case sensitive.","identifierのセットがたくさんあります。2つのidentifierを一致させるには、どのセットを扱っているかを知る必要があります。システムは、特定の一意のidentifierセットを識別します。 / There are many sets  of identifiers.  To perform matching of two identifiers, we need to know what set we're dealing with. The system identifies a particular set of unique identifiers.","","","<valueUri xmlns=""http://hl7.org/fhir"" value=""urn:oid:1.2.392.100495.20.3.11""/>","","<valueUri xmlns=""http://hl7.org/fhir"" value=""http://www.acme.com/identifiers/patient""/>","","",,,,,"",,,,"Identifier.system",0,1,"","ele-1:すべてのFHIR要素には、@valueまたは子要素が必要です / All FHIR elements must have a @value or children {hasValue() or (children().count() > id.count())}
","II.root or Role.id.root","CX.4 / EI-2-4"
"MedicationAdministration.identifier:requestIdentifier.value","MedicationAdministration.identifier.value","","","",1,1,"","","Y","string {[]} {[]}
","一意の値 / The value that is unique","通常、identifierの部分はユーザーに関連し、システムのコンテキスト内で一意のユーザーに関連しています。 / The portion of the identifier typically relevant to the user and which is unique within the context of the system.","値が完全なURIの場合、システムはurn：ietf：rfc：3986でなければなりません。値の主な目的は、計算マッピングです。その結果、比較目的で正規化される可能性があります（例えば、有意でない白文字、ダッシュなどの削除）ヒューマンディスプレイ用の値は、[レンダリングされた値拡張]（拡張レンダリングValue.html）を使用して伝達できます。identifier。価値は、identifierの知識を使用しない限り、ケースに敏感なものとして扱われます。システムにより、プロセッサーは、非セイズに固有の処理が安全であると確信できます。 / If the value is a full URI, then the system SHALL be urn:ietf:rfc:3986.  The value's primary purpose is computational mapping.  As a result, it may be normalized for comparison purposes (e.g. removing non-significant whitespace, dashes, etc.)  A value formatted for human display can be conveyed using the [Rendered Value extension](http://hl7.org/fhir/R4B/extension-rendered-value.html). Identifier.value is to be treated as case sensitive unless knowledge of the Identifier.system allows the processer to be confident that non-case-sensitive processing is safe.","","","","","","<valueString xmlns=""http://hl7.org/fhir"" value=""123456""/>","","",,,,,"",,,,"Identifier.value",0,1,"","ele-1:すべてのFHIR要素には、@valueまたは子要素が必要です / All FHIR elements must have a @value or children {hasValue() or (children().count() > id.count())}
","II.extension or II.root if system indicates OID or GUID (Or Role.id.extension or root)","CX.1 / EI.1"
"MedicationAdministration.identifier:requestIdentifier.period","MedicationAdministration.identifier.period","","","",0,1,"","","Y","Period {[]} {[]}
","IDが使用に有効だった時間期間 / Time period when id is/was valid for use","identifierが使用される/有効な期間。 / Time period during which identifier is/was valid for use.","","","","","","","","","",,,,,"",,,,"Identifier.period",0,1,"","ele-1:すべてのFHIR要素には、@valueまたは子要素が必要です / All FHIR elements must have a @value or children {hasValue() or (children().count() > id.count())}
","Role.effectiveTime or implied by context","CX.7 + CX.8"
"MedicationAdministration.identifier:requestIdentifier.assigner","MedicationAdministration.identifier.assigner","","","",0,1,"","","Y","Reference {[]} {[CanonicalType[http://hl7.org/fhir/StructureDefinition/Organization|4.3.0]]}
","IDを発行した組織（単なるテキストである可能性があります） / Organization that issued id (may be just text)","identifierを発行/管理する組織。 / Organization that issued/manages the identifier.","identifierは、.reference要素を省略し、割り当て組織に関する名前またはその他のテキスト情報を反映した.display要素のみを含む場合があります。 / The Identifier.assigner may omit the .reference element and only contain a .display element reflecting the name or other textual information about the assigning organization.","","","","","","","","",,,,,"",,,,"Identifier.assigner",0,1,"","ele-1:すべてのFHIR要素には、@valueまたは子要素が必要です / All FHIR elements must have a @value or children {hasValue() or (children().count() > id.count())}
","II.assigningAuthorityName but note that this is an improper use by the definition of the field.  Also Role.scoper","CX.4 / (CX.4,CX.9,CX.10)"
"MedicationAdministration.instantiates","MedicationAdministration.instantiates","","","",0,*,"","","Y","uri {[]} {[]}
","プロトコルや定義のインスタンス化","このイベントによって全体的または部分的に順守されたプロトコル、ガイドライン、オーダセット、またはその他の定義。","","","","","","","","","",,,,,"",,,,"MedicationAdministration.instantiates",0,*,"","ele-1:すべてのFHIR要素は、@valueまたはchildrenを持っている必要があります。 / All FHIR elements must have a @value or children {hasValue() or (children().count() > id.count())}
","Event.instantiates",".outboundRelationship[typeCode=DEFN].target[classCode=unspecified]"
"MedicationAdministration.partOf","MedicationAdministration.partOf","","","",0,*,"","","Y","Reference {[]} {[CanonicalType[http://hl7.org/fhir/StructureDefinition/MedicationAdministration|4.3.0], CanonicalType[http://hl7.org/fhir/StructureDefinition/Procedure|4.3.0]]}
","親イベントへの参照","この特定のイベントがコンポーネントまたはステップであるようなより大きな親イベント。","","","","","","","","","",,,,,"",,,,"MedicationAdministration.partOf",0,*,"","ele-1:すべてのFHIR要素は、@valueまたはchildrenを持っている必要があります。 / All FHIR elements must have a @value or children {hasValue() or (children().count() > id.count())}
","Event.partOf",".outboundRelationship[typeCode=COMP]/target[classCode=SBADM or PROC,moodCode=EVN]"
"MedicationAdministration.status","MedicationAdministration.status","","","",1,1,"","Y","Y","code {[]} {[]}
","completed | stopped","通常、管理が完了したことを示すように設定される。輸液などの長期にわたる投与では、投与を開始しても完了しない場合や、他のプロセスの進行中に一時停止する場合がある。  
【JP Core仕様】　completed or stopped に限定される。","この要素は修飾子としてラベル付けされています。なぜなら、ステータスには、リソースが現在無効であることを示すコードが含まれているためです。 / This element is labeled as a modifier because the status contains codes that mark the resource as not currently valid.","","","","","","","","",,"required","患者への投与状況","http://hl7.org/fhir/ValueSet/medication-admin-status|4.3.0","",,,,"MedicationAdministration.status",1,1,"","ele-1:すべてのFHIR要素は、@valueまたはchildrenを持っている必要があります。 / All FHIR elements must have a @value or children {hasValue() or (children().count() > id.count())}
","Event.status",".statusCode","FiveWs.status","RXA-20-Completion Status"
"MedicationAdministration.statusReason","MedicationAdministration.statusReason","","","",0,*,"","","","CodeableConcept {[]} {[]}
","実施されていない理由","投与が実施されていない理由を示すコード","","","","","","","","","",,"example","医薬品投与が取り消された理由を示すコードのセット / A set of codes indicating the reason why the MedicationAdministration is negated.","http://hl7.org/fhir/ValueSet/reason-medication-not-given-codes|4.3.0","",,,,"MedicationAdministration.statusReason",0,*,"","ele-1:すべてのFHIR要素は、@valueまたはchildrenを持っている必要があります。 / All FHIR elements must have a @value or children {hasValue() or (children().count() > id.count())}
","Event.statusReason",".outboundRelationship[typeCode=RSON]/target[classCode=OBS,moodCode=EVN, code=""reason not given""].value","RXA-9-Administration Notes / RXA-18 Substance/Treatment Refusal Reason"
"MedicationAdministration.category","MedicationAdministration.category","","","",0,1,"","","","CodeableConcept {[]} {[]}
","薬が使用される区分","薬剤の摂取または投与が予想される場所を示します。 / Indicates where the medication is expected to be consumed or administered.","","","","","","","","","",,"preferred","薬剤の投与が予想される場所を記述するコード化された概念。 / A coded concept describing where the medication administered is expected to occur.","http://hl7.org/fhir/ValueSet/medication-admin-category|4.3.0","",,,,"MedicationAdministration.category",0,1,"","ele-1:すべてのFHIR要素は、@valueまたはchildrenを持っている必要があります。 / All FHIR elements must have a @value or children {hasValue() or (children().count() > id.count())}
",".inboundRelationship[typeCode=COMP].source[classCode=OBS, moodCode=EVN, code=""type of medication usage""].value"
"MedicationAdministration.medication[x]","MedicationAdministration.medication[x]","","","",1,1,"","","Y","CodeableConcept {[]} {[]}
Reference {[]} {[CanonicalType[http://hl7.org/fhir/StructureDefinition/Medication|4.3.0]]}","医薬品","投与された薬剤を識別する。既知の薬のリストから薬を識別するコード情報を設定する。","ひとつのtext要素と、複数のcoding 要素を記述できる。処方オーダ時に選択または入力し、実際に処方箋に印字される文字列を必ずtext要素に格納した上で、それをコード化した情報を1個以上のcoding 要素に記述する。  
厚生労働省標準であるHOT9コード（販社指定が不要な場合にはHOT7コード）または広く流通しているYJコードを用いるか、一般名処方の場合には厚生労働省保険局一般名処方マスタのコードを使用して、Coding要素（コードsystemを識別するURI、医薬品のコード、そのコード表における医薬品の名称の3つからなる）で記述する。  
なお、上記のいずれの標準的コードも付番されていない医薬品や医療材料の場合には、薬機法の下で使用されているGS1標準の識別コードであるGTIN(Global Trade Item Number)の調剤包装単位（最少包装単位、個別包装単位）14桁を使用する。  
ひとつの処方薬、医療材料を複数のコード体系のコードで記述してもよく、その場合にcoding 要素を繰り返して記述する。  
ただし、ひとつの処方薬を複数のコードで繰り返し記述する場合には、それらのコードが指し示す処方薬、医療材料は当然同一でなければならない。  
また、処方を発行した医療機関内でのデータ利用のために、医療機関固有コード体系によるコード（ハウスコード、ローカルコード）の記述を含めてもよいが、その場合でも上述したいずれかの標準コードを同時に記述することが必要である。","","","","","","","","",,"example","投与可能な物質または製品を識別するコード。 / Codes identifying substance or product that can be administered.","http://hl7.org/fhir/ValueSet/medication-codes|4.3.0","",,,,"MedicationAdministration.medication[x]",1,1,"","ele-1:すべてのFHIR要素は、@valueまたはchildrenを持っている必要があります。 / All FHIR elements must have a @value or children {hasValue() or (children().count() > id.count())}
","Event.code",".participation[typeCode=CSM].role[classCode=ADMM]","FiveWs.what[x]","RXA-5-Administered Code"
"MedicationAdministration.subject","MedicationAdministration.subject","","","",1,1,"","","Y","Reference {[]} {[CanonicalType[http://hl7.org/fhir/StructureDefinition/Patient|4.3.0], CanonicalType[http://hl7.org/fhir/StructureDefinition/Group|4.3.0]]}
","誰が薬を受け取りましたか？ / Who received medication","薬を受け取る人、動物、またはグループ。 / The person or animal or group receiving the medication.","","","","","","","","","",,,,,"",,,,"MedicationAdministration.subject",1,1,"","ele-1:すべてのFHIR要素は、@valueまたはchildrenを持っている必要があります。 / All FHIR elements must have a @value or children {hasValue() or (children().count() > id.count())}
","Event.subject",".participation[typeCode=SBJ].role[classCode=PAT]","FiveWs.subject[x]","FiveWs.subject","PID-3-Patient ID List"
"MedicationAdministration.context","MedicationAdministration.context","","","",0,1,"","","","Reference {[]} {[CanonicalType[http://hl7.org/fhir/StructureDefinition/Encounter|4.3.0], CanonicalType[http://hl7.org/fhir/StructureDefinition/EpisodeOfCare|4.3.0]]}
","「エピソード・オブ・ケア」は、「エンカウンター」として提供されます。 / Encounter or Episode of Care administered as part of","薬剤投与が行われた患者と医療提供者の間での訪問、入院、またはその他の接触。 / The visit, admission, or other contact between patient and health care provider during which the medication administration was performed.","","","","","","","","","",,,,,"",,,,"MedicationAdministration.context",0,1,"","ele-1:すべてのFHIR要素は、@valueまたはchildrenを持っている必要があります。 / All FHIR elements must have a @value or children {hasValue() or (children().count() > id.count())}
","Event.context",".inboundRelationship[typeCode=COMP].source[classCode=ENC, moodCode=EVN, code=""type of encounter or episode""]","FiveWs.context","PV1-19-Visit Number"
"MedicationAdministration.supportingInformation","MedicationAdministration.supportingInformation","","","",0,*,"","","","Reference {[]} {[CanonicalType[http://hl7.org/fhir/StructureDefinition/Resource|4.3.0]]}
","管理をサポートするための追加情報 / Additional information to support administration","薬の投与を補助する追加情報（例えば、患者の身長や体重）。 / Additional information (for example, patient height and weight) that supports the administration of the medication.","","","","","","","","","",,,,,"",,,,"MedicationAdministration.supportingInformation",0,*,"","ele-1:すべてのFHIR要素は、@valueまたはchildrenを持っている必要があります。 / All FHIR elements must have a @value or children {hasValue() or (children().count() > id.count())}
",".outboundRelationship[typeCode=PERT].target[A_SupportingClinicalStatement CMET minimal with many different choices of classCodes(ORG, ENC, PROC, SPLY, SBADM, OBS) and each of the act class codes draws from one or more of the following moodCodes (EVN, DEF, INT PRMS, RQO, PRP, APT, ARQ, GOL)]","FiveWs.context"
"MedicationAdministration.effective[x]","MedicationAdministration.effective[x]","","","",1,1,"","","Y","dateTime {[]} {[]}
Period {[]} {[]}","管理の開始時刻と終了時刻 / Start and end time of administration","与えられた属性が「真実」となっている場合に、行政が行われた（または行われなかった）特定の日時または時間の間隔。錠剤の服用など、多くの行政では、dateTimeの使用が適切です。 / A specific date/time or interval of time during which the administration took place (or did not take place, when the 'notGiven' attribute is true). For many administrations, such as swallowing a tablet the use of dateTime is more appropriate.","","","","","","","","","",,,,,"",,,,"MedicationAdministration.effective[x]",1,1,"","ele-1:すべてのFHIR要素は、@valueまたはchildrenを持っている必要があります。 / All FHIR elements must have a @value or children {hasValue() or (children().count() > id.count())}
","Event.occurrence[x]",".effectiveTime","FiveWs.done[x]","RXA-3-Date/Time Start of Administration / RXA-4-Date/Time End of Administration"
"MedicationAdministration.performer","MedicationAdministration.performer","","","",0,*,"","","Y","BackboneElement {[]} {[]}
","薬剤投与を行ったのは誰で、何をしたのか？ / Who performed the medication administration and what they did","薬の投与を行った人や物、および彼らがどのように関与したかを示す。 / Indicates who or what performed the medication administration and how they were involved.","","","","","","","","","",,,,,"",,,,"MedicationAdministration.performer",0,*,"","ele-1:すべてのFHIR要素は、@valueまたはchildrenを持っている必要があります。 / All FHIR elements must have a @value or children unless an empty Parameters resource {hasValue() or (children().count() > id.count()) or $this is Parameters}
","Event.performer",".participation[typeCode=PRF]","FiveWs.actor","RXA-10-Administering Provider / PRT-5-Participation Person: PRT-4-Participation='AP' (RXA-10 is deprecated)"
"MedicationAdministration.performer.id","MedicationAdministration.performer.id","","","",0,1,"","","","string {[]} {[]}
","エレメント相互参照のためのユニークID / Unique id for inter-element referencing","リソース内の要素の固有ID（内部参照用）。これは、スペースを含まない任意の文字列値である可能性があります。 / Unique id for the element within a resource (for internal references). This may be any string value that does not contain spaces.","","","","","","","","","",,,,,"",,,,"Element.id",0,1,"","","n/a"
"MedicationAdministration.performer.extension","MedicationAdministration.performer.extension","","extensions
user content","",0,*,"","","","Extension {[]} {[]}
","実装によって定義される追加コンテンツ / Additional content defined by implementations","要素の基本的な定義に含まれない追加情報を表すために使用されることがあります。拡張機能の使用を安全かつ管理しやすくするために、定義および使用に適用される厳格なガバナンスのセットがあります。実装者は拡張機能を定義できますが、拡張機能の定義の一部として満たす必要のある要件のセットがあります。 / May be used to represent additional information that is not part of the basic definition of the element. To make the use of extensions safe and manageable, there is a strict set of governance  applied to the definition and use of extensions. Though any implementer can define an extension, there is a set of requirements that SHALL be met as part of the definition of the extension.","どのようなアプリケーション、プロジェクト、または標準が拡張機能を使用しているかに関わらず、拡張機能の使用には決して汚名が付くわけではありません - それらを使用または定義する機関または管轄区域に関係なく。拡張機能の使用こそが、FHIR仕様を誰にとっても簡単なコアレベルで維持することを可能にします。 / There can be no stigma associated with the use of extensions by any application, project, or standard - regardless of the institution or jurisdiction that uses or defines the extensions.  The use of extensions is what allows the FHIR specification to retain a core level of simplicity for everyone.","","","","","","","","",,,,,"",,,,"Element.extension",0,*,"","ele-1:すべてのFHIR要素は、@valueまたはchildrenを持っている必要があります。 / All FHIR elements must have a @value or children {hasValue() or (children().count() > id.count())}
ext-1:extensionまたはvalue[x]のいずれかが必要です。両方ではありません。 / Must have either extensions or value[x], not both {extension.exists() != value.exists()}","n/a"
"MedicationAdministration.performer.modifierExtension","MedicationAdministration.performer.modifierExtension","","extensions
user contentmodifiers","",0,*,"","Y","Y","Extension {[]} {[]}
","認識されなくても無視できない拡張機能 / Extensions that cannot be ignored even if unrecognized","基本的な要素の定義に含まれない追加情報を表すために使用されることがあり、それによって、その要素自体または取り込んでいる要素の子孫の理解を修正する。修飾子要素は通常、否定または修飾を提供します。拡張機能の安全で管理しやすい使用を実現するために、定義および使用に厳しいガバナンスセットが適用されています。どの実装者でも拡張機能を定義できますが、拡張機能の定義の一部として満たす必要がある要件があります。リソースを処理するアプリケーションは、修飾子拡張子をチェックする必要があります。

修飾子拡張機能は、リソースまたはドメインリソースの任意の要素の意味を変更してはなりません（修飾子拡張自体の意味を変更することもできません）。 / May be used to represent additional information that is not part of the basic definition of the element and that modifies the understanding of the element in which it is contained and/or the understanding of the containing element's descendants. Usually modifier elements provide negation or qualification. To make the use of extensions safe and manageable, there is a strict set of governance applied to the definition and use of extensions. Though any implementer can define an extension, there is a set of requirements that SHALL be met as part of the definition of the extension. Applications processing a resource are required to check for modifier extensions.

Modifier extensions SHALL NOT change the meaning of any elements on Resource or DomainResource (including cannot change the meaning of modifierExtension itself).","どのようなアプリケーション、プロジェクト、または標準が拡張機能を使用しているかに関わらず、拡張機能の使用には決して汚名が付くわけではありません - それらを使用または定義する機関または管轄区域に関係なく。拡張機能の使用こそが、FHIR仕様を誰にとっても簡単なコアレベルで維持することを可能にします。 / There can be no stigma associated with the use of extensions by any application, project, or standard - regardless of the institution or jurisdiction that uses or defines the extensions.  The use of extensions is what allows the FHIR specification to retain a core level of simplicity for everyone.","修飾子拡張により、安全に無視できない拡張を、安全に無視できる大多数の拡張と明確に区別することができます。これにより、実装者が拡張の存在を禁止する必要がなくなり、相互運用性が促進されます。詳細については、[修飾子拡張の定義](http://hl7.org/fhir/R4B/extensibility.html#modifierExtension)を参照してください。 / Modifier extensions allow for extensions that *cannot* be safely ignored to be clearly distinguished from the vast majority of extensions which can be safely ignored.  This promotes interoperability by eliminating the need for implementers to prohibit the presence of extensions. For further information, see the [definition of modifier extensions](http://hl7.org/fhir/R4B/extensibility.html#modifierExtension).","","","","","","","",,,,,"",,,,"BackboneElement.modifierExtension",0,*,"","ele-1:すべてのFHIR要素は、@valueまたはchildrenを持っている必要があります。 / All FHIR elements must have a @value or children {hasValue() or (children().count() > id.count())}
ext-1:extensionまたはvalue[x]のいずれかが必要です。両方ではありません。 / Must have either extensions or value[x], not both {extension.exists() != value.exists()}","N/A"
"MedicationAdministration.performer.function","MedicationAdministration.performer.function","","","",0,1,"","","","CodeableConcept {[]} {[]}
","パフォーマンスの種類 / Type of performance","演者の医薬品投与における関与タイプを区別します。 / Distinguishes the type of involvement of the performer in the medication administration.","","","","","","","","","",,"example","薬物管理を行った個人の役割を説明するコード / A code describing the role an individual played in administering the medication.","http://hl7.org/fhir/ValueSet/med-admin-perform-function|4.3.0","",,,,"MedicationAdministration.performer.function",0,1,"","ele-1:すべてのFHIR要素は、@valueまたはchildrenを持っている必要があります。 / All FHIR elements must have a @value or children {hasValue() or (children().count() > id.count())}
","Event.performer.function","participation[typeCode=PRF].functionCode"
"MedicationAdministration.performer.actor","MedicationAdministration.performer.actor","","","",1,1,"","","Y","Reference {[]} {[CanonicalType[http://hl7.org/fhir/StructureDefinition/Practitioner|4.3.0], CanonicalType[http://hl7.org/fhir/StructureDefinition/PractitionerRole|4.3.0], CanonicalType[http://hl7.org/fhir/StructureDefinition/Patient|4.3.0], CanonicalType[http://hl7.org/fhir/StructureDefinition/RelatedPerson|4.3.0], CanonicalType[http://hl7.org/fhir/StructureDefinition/Device|4.3.0]]}
","薬剤投与を行ったのは誰ですか？ / Who performed the medication administration","薬剤投与を行った人物または物品を示す / Indicates who or what performed the medication administration.","","","","","","","","","",,,,,"",,,,"MedicationAdministration.performer.actor",1,1,"","ele-1:すべてのFHIR要素は、@valueまたはchildrenを持っている必要があります。 / All FHIR elements must have a @value or children {hasValue() or (children().count() > id.count())}
","Event.performer.actor",".role"
"MedicationAdministration.reasonCode","MedicationAdministration.reasonCode","","","",0,*,"","","","CodeableConcept {[]} {[]}
","理由に基づく行政処理 / Reason administration performed","与えられた薬を説明するコード。 / A code indicating why the medication was given.","","","","","","","","","",,"example","薬剤投与が行われた理由を示すコードのセット。 / A set of codes indicating the reason why the MedicationAdministration was made.","http://hl7.org/fhir/ValueSet/reason-medication-given-codes|4.3.0","",,,,"MedicationAdministration.reasonCode",0,*,"","ele-1:すべてのFHIR要素は、@valueまたはchildrenを持っている必要があります。 / All FHIR elements must have a @value or children {hasValue() or (children().count() > id.count())}
","Event.reasonCode",".reasonCode","RXE-27 Give Indication"
"MedicationAdministration.reasonReference","MedicationAdministration.reasonReference","","","",0,*,"","","","Reference {[]} {[CanonicalType[http://hl7.org/fhir/StructureDefinition/Condition|4.3.0], CanonicalType[http://hl7.org/fhir/StructureDefinition/Observation|4.3.0], CanonicalType[http://hl7.org/fhir/StructureDefinition/DiagnosticReport|4.3.0]]}
","薬が投与された理由を支持する状態または観察 / Condition or observation that supports why the medication was administered","薬剤が投与された理由を支持する状態または観察。 / Condition or observation that supports why the medication was administered.","これは、薬剤依頼の理由となる状態に関する参照です。もしコードしか存在しない場合は、reasonCodeを使用してください。 / This is a reference to a condition that is the reason for the medication request.  If only a code exists, use reasonCode.","","","","","","","","",,,,,"",,,,"MedicationAdministration.reasonReference",0,*,"","ele-1:すべてのFHIR要素は、@valueまたはchildrenを持っている必要があります。 / All FHIR elements must have a @value or children {hasValue() or (children().count() > id.count())}
","Event.reasonReference",".outboundRelationship[typeCode=RSON]/target[classCode=OBS,moodCode=EVN, code=""reason for use ASSERTION""].value","FiveWs.why[x]","no mapping"
"MedicationAdministration.request","MedicationAdministration.request","","","",0,1,"","","","Reference {[]} {[CanonicalType[http://hl7.org/fhir/StructureDefinition/MedicationRequest|4.3.0]]}
","リクエスト管理対象として実行してください。 / Request administration performed against","管理を実行するための元の要求、指示、または権限。 / The original request, instruction or authority to perform the administration.","これは、意図がオーダーまたはインスタンスオーダーであるMedicationRequestへの参照であり、意図が他の値であるMedicationRequestへの参照ではありません。 / This is a reference to the MedicationRequest  where the intent is either order or instance-order.  It should not reference MedicationRequests where the intent is any other value.","","","","","","","","",,,,,"",,,,"MedicationAdministration.request",0,1,"","ele-1:すべてのFHIR要素は、@valueまたはchildrenを持っている必要があります。 / All FHIR elements must have a @value or children {hasValue() or (children().count() > id.count())}
","Event.basedOn","InFullfillmentOf->SubstanceAdministration","ORC-2-Placer Order Number / ORC-3-Filler Order Number"
"MedicationAdministration.device","MedicationAdministration.device","","","",0,*,"","","","Reference {[]} {[CanonicalType[http://hl7.org/fhir/StructureDefinition/Device|4.3.0]]}
","投与するための装置 / Device used to administer","患者に薬剤を投与するのに使われる装置。例えば、特定の注入ポンプ。 / The device used in administering the medication to the patient.  For example, a particular infusion pump.","","","","","","","","","",,,,,"",,,,"MedicationAdministration.device",0,*,"","ele-1:すべてのFHIR要素は、@valueまたはchildrenを持っている必要があります。 / All FHIR elements must have a @value or children {hasValue() or (children().count() > id.count())}
","device->Access  OR device->AssignedDevice","PRT-10 Participation Device / RXR-3 Administrative Device"
"MedicationAdministration.note","MedicationAdministration.note","","","",0,*,"","","","Annotation {[]} {[]}
","行政に関する情報 / Information about the administration","他の属性では伝えられない薬剤投与に関する追加情報 / Extra information about the medication administration that is not conveyed by the other attributes.","","","","","","","","","",,,,,"",,,,"MedicationAdministration.note",0,*,"","ele-1:すべてのFHIR要素は、@valueまたはchildrenを持っている必要があります。 / All FHIR elements must have a @value or children {hasValue() or (children().count() > id.count())}
","Event.note",".inboundRelationship[typeCode=SUBJ]/source[classCode=OBS,moodCode=EVN,code=""annotation""].value"
"MedicationAdministration.dosage","MedicationAdministration.dosage","","","",0,1,"","","","BackboneElement {[]} {[]}
","薬の服用方法の詳細 / Details of how medication was taken","医薬品の投薬量、投与速度、投与部位、経路などの詳細情報を説明します。 / Describes the medication dosage information details e.g. dose, rate, site, route, etc.","","","","","","","","","",,,,,"",,,,"MedicationAdministration.dosage",0,1,"","ele-1:すべてのFHIR要素は、@valueまたはchildrenを持っている必要があります。 / All FHIR elements must have a @value or children unless an empty Parameters resource {hasValue() or (children().count() > id.count()) or $this is Parameters}
mad-1:「用量、投与回数、投与速度[x] のうち少なくとも1つを有するものとする」と訳すことができます。 / SHALL have at least one of dosage.dose or dosage.rate[x] {dose.exists() or rate.exists()}","component->SubstanceAdministrationEvent"
"MedicationAdministration.dosage.id","MedicationAdministration.dosage.id","","","",0,1,"","","","string {[]} {[]}
","エレメント相互参照のためのユニークID / Unique id for inter-element referencing","リソース内の要素の固有ID（内部参照用）。これは、スペースを含まない任意の文字列値である可能性があります。 / Unique id for the element within a resource (for internal references). This may be any string value that does not contain spaces.","","","","","","","","","",,,,,"",,,,"Element.id",0,1,"","","n/a"
"MedicationAdministration.dosage.extension","MedicationAdministration.dosage.extension","","extensions
user content","",0,*,"","","","Extension {[]} {[]}
","実装によって定義される追加コンテンツ / Additional content defined by implementations","要素の基本的な定義に含まれない追加情報を表すために使用されることがあります。拡張機能の使用を安全かつ管理しやすくするために、定義および使用に適用される厳格なガバナンスのセットがあります。実装者は拡張機能を定義できますが、拡張機能の定義の一部として満たす必要のある要件のセットがあります。 / May be used to represent additional information that is not part of the basic definition of the element. To make the use of extensions safe and manageable, there is a strict set of governance  applied to the definition and use of extensions. Though any implementer can define an extension, there is a set of requirements that SHALL be met as part of the definition of the extension.","どのようなアプリケーション、プロジェクト、または標準が拡張機能を使用しているかに関わらず、拡張機能の使用には決して汚名が付くわけではありません - それらを使用または定義する機関または管轄区域に関係なく。拡張機能の使用こそが、FHIR仕様を誰にとっても簡単なコアレベルで維持することを可能にします。 / There can be no stigma associated with the use of extensions by any application, project, or standard - regardless of the institution or jurisdiction that uses or defines the extensions.  The use of extensions is what allows the FHIR specification to retain a core level of simplicity for everyone.","","","","","","","","",,,,,"",,,,"Element.extension",0,*,"","ele-1:すべてのFHIR要素は、@valueまたはchildrenを持っている必要があります。 / All FHIR elements must have a @value or children {hasValue() or (children().count() > id.count())}
ext-1:extensionまたはvalue[x]のいずれかが必要です。両方ではありません。 / Must have either extensions or value[x], not both {extension.exists() != value.exists()}","n/a"
"MedicationAdministration.dosage.modifierExtension","MedicationAdministration.dosage.modifierExtension","","extensions
user contentmodifiers","",0,*,"","Y","Y","Extension {[]} {[]}
","認識されなくても無視できない拡張機能 / Extensions that cannot be ignored even if unrecognized","基本的な要素の定義に含まれない追加情報を表すために使用されることがあり、それによって、その要素自体または取り込んでいる要素の子孫の理解を修正する。修飾子要素は通常、否定または修飾を提供します。拡張機能の安全で管理しやすい使用を実現するために、定義および使用に厳しいガバナンスセットが適用されています。どの実装者でも拡張機能を定義できますが、拡張機能の定義の一部として満たす必要がある要件があります。リソースを処理するアプリケーションは、修飾子拡張子をチェックする必要があります。

修飾子拡張機能は、リソースまたはドメインリソースの任意の要素の意味を変更してはなりません（修飾子拡張自体の意味を変更することもできません）。 / May be used to represent additional information that is not part of the basic definition of the element and that modifies the understanding of the element in which it is contained and/or the understanding of the containing element's descendants. Usually modifier elements provide negation or qualification. To make the use of extensions safe and manageable, there is a strict set of governance applied to the definition and use of extensions. Though any implementer can define an extension, there is a set of requirements that SHALL be met as part of the definition of the extension. Applications processing a resource are required to check for modifier extensions.

Modifier extensions SHALL NOT change the meaning of any elements on Resource or DomainResource (including cannot change the meaning of modifierExtension itself).","どのようなアプリケーション、プロジェクト、または標準が拡張機能を使用しているかに関わらず、拡張機能の使用には決して汚名が付くわけではありません - それらを使用または定義する機関または管轄区域に関係なく。拡張機能の使用こそが、FHIR仕様を誰にとっても簡単なコアレベルで維持することを可能にします。 / There can be no stigma associated with the use of extensions by any application, project, or standard - regardless of the institution or jurisdiction that uses or defines the extensions.  The use of extensions is what allows the FHIR specification to retain a core level of simplicity for everyone.","修飾子拡張により、安全に無視できない拡張を、安全に無視できる大多数の拡張と明確に区別することができます。これにより、実装者が拡張の存在を禁止する必要がなくなり、相互運用性が促進されます。詳細については、[修飾子拡張の定義](http://hl7.org/fhir/R4B/extensibility.html#modifierExtension)を参照してください。 / Modifier extensions allow for extensions that *cannot* be safely ignored to be clearly distinguished from the vast majority of extensions which can be safely ignored.  This promotes interoperability by eliminating the need for implementers to prohibit the presence of extensions. For further information, see the [definition of modifier extensions](http://hl7.org/fhir/R4B/extensibility.html#modifierExtension).","","","","","","","",,,,,"",,,,"BackboneElement.modifierExtension",0,*,"","ele-1:すべてのFHIR要素は、@valueまたはchildrenを持っている必要があります。 / All FHIR elements must have a @value or children {hasValue() or (children().count() > id.count())}
ext-1:extensionまたはvalue[x]のいずれかが必要です。両方ではありません。 / Must have either extensions or value[x], not both {extension.exists() != value.exists()}","N/A"
"MedicationAdministration.dosage.text","MedicationAdministration.dosage.text","","","",0,1,"","","","string {[]} {[]}
","自由入力の投薬指示、例：SIG / Free text dosage instructions e.g. SIG","自由に記述できる用量は、投与された用量が複雑すぎてコード化できない場合に使用できます。コード化された用量がある場合でも、ヒトに表示するために自由なテキスト用量がまだ存在する場合があります。

投薬の投与量に関する指示は、実際に投与された薬剤の用量を反映する必要があります。 / Free text dosage can be used for cases where the dosage administered is too complex to code. When coded dosage is present, the free text dosage may still be present for display to humans.The dosage instructions should reflect the dosage of the medication that was administered.","","","","","","","","","",,,,,"",,,,"MedicationAdministration.dosage.text",0,1,"","ele-1:すべてのFHIR要素は、@valueまたはchildrenを持っている必要があります。 / All FHIR elements must have a @value or children {hasValue() or (children().count() > id.count())}
",".text"
"MedicationAdministration.dosage.site","MedicationAdministration.dosage.site","","","",0,1,"","","","CodeableConcept {[]} {[]}
","投与された体の部位 / Body site administered to","薬剤が最初に体内に入った解剖学的な部位の符号化された規格。例えば、「左腕」。 / A coded specification of the anatomic site where the medication first entered the body.  For example, ""left arm"".","もし使用用途がBodySiteリソースから属性を必要とする場合（例えば、個別に識別および追跡するため）は、標準の拡張子[bodySite]（extension-bodysite.html）を使用してください。要約コードであるか、非常に正確な位置の定義への参照であるか、双方である可能性があります。 / If the use case requires attributes from the BodySite resource (e.g. to identify and track separately) then use the standard extension [bodySite](http://hl7.org/fhir/R4B/extension-bodysite.html).  May be a summary code, or a reference to a very precise definition of the location, or both.","","","","","","","","",,"example","薬剤が体内に入るか、体表面に塗布される場所を示すコード化された概念。 / A coded concept describing the site location the medicine enters into or onto the body.","http://hl7.org/fhir/ValueSet/approach-site-codes|4.3.0","",,,,"MedicationAdministration.dosage.site",0,1,"","ele-1:すべてのFHIR要素は、@valueまたはchildrenを持っている必要があります。 / All FHIR elements must have a @value or children {hasValue() or (children().count() > id.count())}
",".approachSiteCode","RXR-2 Administration Site / RXR-6 Administration Site Modifier"
"MedicationAdministration.dosage.route","MedicationAdministration.dosage.route","","","",0,1,"","","","CodeableConcept {[]} {[]}
","物質の道は体中に伸びる。 / Path of substance into body","治療剤の患者への内部または表面への投与のルートまたは生理学的経路を指定するコード。例えば、表面的な投与、静注など。 / A code specifying the route or physiological path of administration of a therapeutic agent into or onto the patient.  For example, topical, intravenous, etc.","","","","","","","","","",,"example","治療薬剤を被験者の体内あるいは体表面へ投与する生理学的ルートや経路を記述する符号化された概念 / A coded concept describing the route or physiological path of administration of a therapeutic agent into or onto the body of a subject.","http://hl7.org/fhir/ValueSet/route-codes|4.3.0","",,,,"MedicationAdministration.dosage.route",0,1,"","ele-1:すべてのFHIR要素は、@valueまたはchildrenを持っている必要があります。 / All FHIR elements must have a @value or children {hasValue() or (children().count() > id.count())}
",".routeCode","RXR-1-Route"
"MedicationAdministration.dosage.method","MedicationAdministration.dosage.method","","","",0,1,"","","","CodeableConcept {[]} {[]}
","薬剤がどのように投与されたか / How drug was administered","薬剤が体内または体表に導入される方法を示すコード化された値。 この属性は通常、非Populatedでありません。 通常、注射に使用されます。 たとえば、スロープッシュ、深いIV。 / A coded value indicating the method by which the medication is intended to be or was introduced into or on the body.  This attribute will most often NOT be populated.  It is most commonly used for injections.  For example, Slow Push, Deep IV.","この属性があまり使用されていない理由の一つに、方法がしばしば経路や投与形態と事前調整されていることが挙げられる。これは、経路コードまたは投与形態コードで方法が事前に調整される場合があることを意味する。また、経路コードや投与形態コードに使用されるコーディングシステムを決定する実装に関する決定は、どの程度の頻度でメソッドコードが追加されるかを決定する。たとえば、経路コードや投与形態コードが方法コードを事前調整する場合、この属性はあまり追加されないかもしれない。事前調整が行われていない場合、方法コードが頻繁に使用される可能性がある。 / One of the reasons this attribute is not used often, is that the method is often pre-coordinated with the route and/or form of administration.  This means the codes used in route or form may pre-coordinate the method in the route code or the form code.  The implementation decision about what coding system to use for route or form code will determine how frequently the method code will be populated e.g. if route or form code pre-coordinate method code, then this attribute will not be populated often; if there is no pre-coordination then method code may  be used frequently.","","","","","","","","",,"example","薬剤が投与される方法を記述する暗号化された概念。 / A coded concept describing the technique by which the medicine is administered.","http://hl7.org/fhir/ValueSet/administration-method-codes|4.3.0","",,,,"MedicationAdministration.dosage.method",0,1,"","ele-1:すべてのFHIR要素は、@valueまたはchildrenを持っている必要があります。 / All FHIR elements must have a @value or children {hasValue() or (children().count() > id.count())}
",".methodCode","RXR-4-Administration Method"
"MedicationAdministration.dosage.dose","MedicationAdministration.dosage.dose","","","",0,1,"","","","Quantity {[CanonicalType[http://hl7.org/fhir/StructureDefinition/SimpleQuantity|4.3.0]]} {[]}
","1回あたりの薬剤量 / Amount of medication per dose","一回の投与イベントで与えられる薬剤の量。この値は、錠剤を飲んだり注射をしたりするような、本質的に瞬時のイベントである場合に使用します。 / The amount of the medication given at one administration event.   Use this value when the administration is essentially an instantaneous event such as a swallowing a tablet or giving an injection.","もし投与速度が即時でない場合、単回の投与期間中に投与される総量を示すことができます。 / If the administration is not instantaneous (rate is present), this can be specified to convey the total amount administered over period of time of a single administration.","","","","","","","","",,,,,"",,,,"MedicationAdministration.dosage.dose",0,1,"","ele-1:すべてのFHIR要素は、@valueまたはchildrenを持っている必要があります。 / All FHIR elements must have a @value or children {hasValue() or (children().count() > id.count())}
",".doseQuantity","RXA-6 Administered Amount / RXA-7 Administered Units"
"MedicationAdministration.dosage.rate[x]","MedicationAdministration.dosage.rate[x]","","","",0,1,"","","","Ratio {[]} {[]}
Quantity {[CanonicalType[http://hl7.org/fhir/StructureDefinition/SimpleQuantity|4.3.0]]} {[]}","時間当たりの投与量 / Dose quantity per unit of time","薬剤が患者に投与された速度または投与される速度を識別します。通常、輸液の場合は1時間あたり100mlまたは100ml/hrなどの速度です。時間の単位あたりの速度として表現することもできます（例：2時間あたり500ml）。その他の例：200 mcg/分または200 mcg/1分、1リットル/8時間。 / Identifies the speed with which the medication was or will be introduced into the patient.  Typically, the rate for an infusion e.g. 100 ml per 1 hour or 100 ml/hr.  May also be expressed as a rate per unit of time, e.g. 500 ml per 2 hours.  Other examples:  200 mcg/min or 200 mcg/1 minute; 1 liter/8 hours.","もしレートが時間の経過とともに変化する場合、かつそれをMedicationAdministrationに取り込む場合は、それぞれの変化を特定のMedicationAdministration.dosage.rateと、レート変更が発生した日時で捉える必要があります。通常、MedicationAdministration.dosage.rate要素は平均レートを伝えるために使用されません。 / If the rate changes over time, and you want to capture this in MedicationAdministration, then each change should be captured as a distinct MedicationAdministration, with a specific MedicationAdministration.dosage.rate, and the date time when the rate change occurred. Typically, the MedicationAdministration.dosage.rate element is not used to convey an average rate.","","","","","","","","",,,,,"",,,,"MedicationAdministration.dosage.rate[x]",0,1,"","ele-1:すべてのFHIR要素は、@valueまたはchildrenを持っている必要があります。 / All FHIR elements must have a @value or children {hasValue() or (children().count() > id.count())}
",".rateQuantity","RXA-12-Administered Per (Time Unit)"
"MedicationAdministration.eventHistory","MedicationAdministration.eventHistory","","","",0,*,"","","","Reference {[]} {[CanonicalType[http://hl7.org/fhir/StructureDefinition/Provenance|4.3.0]]}
","ライフサイクルで興味深いイベントのリスト / A list of events of interest in the lifecycle","行政が検証された時などに起こった興味深い出来事の要約 / A summary of the events of interest that have occurred, such as when the administration was verified.","この要請のすべてのバージョンの起源が含まれているわけではない可能性があります。ただし、「関連性」または重要と見なされるものに限定されます。それに含まれる証跡には、このリソースの現在のバージョンに関連するものは含まれません。 （そのプロバイナンスが「関連性のある」変更である場合、後の更新の一部として追加する必要があります。その時までは、このバージョンを指すプロバイナンスとして直接クエリできます。All Provenancesは、この要求の過去のバージョンを主題として持つ必要があります。 / This might not include provenances for all versions of the request – only those deemed “relevant” or important. This SHALL NOT include the Provenance associated with this current version of the resource. (If that provenance is deemed to be a “relevant” change, it will need to be added as part of a later update. Until then, it can be queried directly as the Provenance that points to this version using _revinclude All Provenances should have some historical version of this Request as their subject.","","","","","","","","",,,,,"",,,,"MedicationAdministration.eventHistory",0,*,"","ele-1:すべてのFHIR要素は、@valueまたはchildrenを持っている必要があります。 / All FHIR elements must have a @value or children {hasValue() or (children().count() > id.count())}
",".inboundRelationship(typeCode=SUBJ].source[classCode=CACT, moodCode=EVN]"
