<?xml version="1.0" encoding="UTF-8"?><CodeSystem xmlns="http://hl7.org/fhir"><id value="jp-condition-disease-outcome-jhsd0006-cs"/><url value="http://jpfhir.jp/fhir/core/CodeSystem/JHSD0006"/><version value="2.0.0-dev"/><name value="JP_ConditionDieaseOutcomeJHSD0006_CS"/><title value="JP Core Condition Disease Outcome JHSD0006 CodeSystem"/><status value="active"/><experimental value="false"/><date value="2023-08-05"/><publisher value="FHIR Japanese implementation research working group in Japan Association of Medical Informatics (JAMI)"/><contact><name value="FHIR Japanese implementation research working group in Japan Association of Medical Informatics (JAMI)"/><telecom><system value="url"/><value value="http://jpfhir.jp"/></telecom><telecom><system value="email"/><value value="office@hlfhir.jp"/></telecom></contact><description value="JAHIS病名情報データ交換規約Ver.3.1C JHSD表00006-転帰区分 コードシステム"/><jurisdiction><coding><system value="urn:iso:std:iso:3166"/><code value="JP"/></coding></jurisdiction><copyright value="Copyright Japanese  Association of Healthcare Information Systems Industry(JAHIS)  一般社団法人保健医療福祉情報システム工業会"/><caseSensitive value="true"/><content value="complete"/><count value="4"/><concept><code value="I"/><display value="中止"/></concept><concept><code value="M"/><display value="寛解"/></concept><concept><code value="C"/><display value="継続"/></concept><concept><code value="O"/><display value="その他"/></concept></CodeSystem>