<?xml version="1.0" encoding="UTF-8"?><ValueSet xmlns="http://hl7.org/fhir"><id value="jp-condition-disease-modifier-receipt-vs"/><text><status value="generated"/><div xmlns="http://www.w3.org/1999/xhtml"><ul><li>Include all codes defined in <a href="CodeSystem-jp-condition-disease-modifier-receipt-cs.html"><code>http://jpfhir.jp/fhir/core/CodeSystem/JP_ConditionDiseaseModifierReceipt_CS</code></a></li></ul></div></text><url value="http://jpfhir.jp/fhir/core/ValueSet/JP_ConditionDiseaseModifierReceipt_VS"/><version value="2.0.0-dev"/><name value="JP_ConditionDiseaseModifierReceipt_VS"/><title value="JP Core Condition Disease Modifier Receipt System ValueSet"/><status value="active"/><experimental value="false"/><date value="2023-08-05"/><publisher value="FHIR Japanese implementation research working group in Japan Association of Medical Informatics (JAMI)"/><contact><name value="FHIR Japanese implementation research working group in Japan Association of Medical Informatics (JAMI)"/><telecom><system value="url"/><value value="http://jpfhir.jp"/></telecom><telecom><system value="email"/><value value="office@hlfhir.jp"/></telecom></contact><description value="レセプト電算用修飾語マスターを示す値セット"/><jurisdiction><coding><system value="urn:iso:std:iso:3166"/><code value="JP"/></coding></jurisdiction><copyright value="Copyright 社会保険診療報酬支払基金"/><compose><include><system value="http://jpfhir.jp/fhir/core/CodeSystem/JP_ConditionDiseaseModifierReceipt_CS"/></include></compose></ValueSet>