{
  "resourceType" : "SearchParameter",
  "id" : "jp-patient-kanasort-sp",
  "text" : {
    "status" : "generated",
    "div" : "<div xmlns=\"http://www.w3.org/1999/xhtml\"><h2>JP_Patient_KanaSort_SP</h2><p>Parameter <code>jp-kana-sort</code>:<code>string</code></p><div><p>Patientリソースをカナ名称でソートするための検索を定義する。検索に_sort=jp-kana-sortを指定すると、name.use=usualかつカナと指定されているname.text（フルネーム）を使ったソートを行う。</p>\n</div><table class=\"grid\"><tr><td>Resource</td><td><a href=\"http://hl7.org/fhir/R4B/patient.html\">Patient</a></td></tr><tr><td>Expression</td><td><code>Patient.name.where(extension('http://hl7.org/fhir/StructureDefinition/iso21090-EN-representation').value.as(code)='SYL' and use='usual').text</code></td></tr><tr><td>Processing Mode</td><td>Normal</td></tr><tr><td>Multiples</td><td><ul><li>multipleAnd: The parameter may repeat in order to specify multiple values that must all be true</li><li>multipleOr: The parameter may have multiple values (separated by comma) where at least one must be true</li></ul></td></tr></table></div>"
  },
  "url" : "http://jpfhir.jp/fhir/core/SearchParameter/JP_Patient_KanaSort_SP",
  "version" : "2.0.0",
  "name" : "JP_Patient_KanaSort_SP",
  "status" : "active",
  "date" : "2023-10-31",
  "publisher" : "FHIR Japanese implementation research working group in Japan Association of Medical Informatics (JAMI)",
  "contact" : [{
    "name" : "FHIR Japanese implementation research working group in Japan Association of Medical Informatics (JAMI)",
    "telecom" : [{
      "system" : "url",
      "value" : "http://jpfhir.jp"
    },
    {
      "system" : "email",
      "value" : "office@hlfhir.jp"
    }]
  }],
  "description" : "Patientリソースをカナ名称でソートするための検索を定義する。検索に_sort=jp-kana-sortを指定すると、name.use=usualかつカナと指定されているname.text（フルネーム）を使ったソートを行う。",
  "jurisdiction" : [{
    "coding" : [{
      "system" : "urn:iso:std:iso:3166",
      "code" : "JP"
    }]
  }],
  "code" : "jp-kana-sort",
  "base" : ["Patient"],
  "type" : "string",
  "expression" : "Patient.name.where(extension('http://hl7.org/fhir/StructureDefinition/iso21090-EN-representation').value.as(code)='SYL' and use='usual').text",
  "xpathUsage" : "normal",
  "multipleOr" : true,
  "_multipleOr" : {
    "extension" : [{
      "url" : "http://hl7.org/fhir/StructureDefinition/capabilitystatement-expectation",
      "valueCode" : "MAY"
    }]
  },
  "multipleAnd" : true,
  "_multipleAnd" : {
    "extension" : [{
      "url" : "http://hl7.org/fhir/StructureDefinition/capabilitystatement-expectation",
      "valueCode" : "MAY"
    }]
  }
}