<?xml version="1.0" encoding="UTF-8"?><CodeSystem xmlns="http://hl7.org/fhir"><id value="jp-condition-disease-code-receipt-cs"/><url value="http://jpfhir.jp/fhir/core/CodeSystem/JP_ConditionDiseaseCodeReceipt_CS"/><version value="2.0.0"/><name value="JP_ConditionDieaseCodeReceipt_CS"/><title value="JP Core Condition Disease Code Receipt System CodeSystem"/><status value="active"/><experimental value="false"/><date value="2023-08-05"/><publisher value="FHIR Japanese implementation research working group in Japan Association of Medical Informatics (JAMI)"/><contact><name value="FHIR Japanese implementation research working group in Japan Association of Medical Informatics (JAMI)"/><telecom><system value="url"/><value value="http://jpfhir.jp"/></telecom><telecom><system value="email"/><value value="office@hlfhir.jp"/></telecom></contact><description value="レセプト電算用傷病名マスター コードシステム"/><jurisdiction><coding><system value="urn:iso:std:iso:3166"/><code value="JP"/></coding></jurisdiction><copyright value="Copyright 社会保険診療報酬支払基金"/><caseSensitive value="true"/><content value="fragment"/><concept><code value="5409004"/><display value="急性化膿性虫垂炎"/></concept></CodeSystem>