{
  "resourceType" : "ValueSet",
  "id" : "jp-condition-disease-outcome-hl70241-jhsd0006-vs",
  "text" : {
    "status" : "generated",
    "div" : "<div xmlns=\"http://www.w3.org/1999/xhtml\"><p>This value set includes codes based on the following rules:</p><ul><li>Include all codes defined in <a href=\"CodeSystem-jp-condition-disease-outcome-hl70241-cs.html\"><code>http://jpfhir.jp/fhir/core/CodeSystem/HL70241</code></a></li><li>Include all codes defined in <a href=\"CodeSystem-jp-condition-disease-outcome-jhsd0006-cs.html\"><code>http://jpfhir.jp/fhir/core/CodeSystem/JHSD0006</code></a></li></ul></div>"
  },
  "url" : "http://jpfhir.jp/fhir/core/ValueSet/JP_ConditionDiseaseOutcomeHL70241_JHSD0006_VS",
  "version" : "2.0.0-dev",
  "name" : "JP_ConditionDiseaseOutcomeHL70241_JHSD0006_VS",
  "title" : "JP Core Condition Disease Outcome HL70241+JHSD0006 ValueSet",
  "status" : "active",
  "experimental" : false,
  "date" : "2023-08-05",
  "publisher" : "FHIR Japanese implementation research working group in Japan Association of Medical Informatics (JAMI)",
  "contact" : [{
    "name" : "FHIR Japanese implementation research working group in Japan Association of Medical Informatics (JAMI)",
    "telecom" : [{
      "system" : "url",
      "value" : "http://jpfhir.jp"
    },
    {
      "system" : "email",
      "value" : "office@hlfhir.jp"
    }]
  }],
  "description" : "HL7表0241+JHSD表0006の病名転帰区分を示す値セット",
  "jurisdiction" : [{
    "coding" : [{
      "system" : "urn:iso:std:iso:3166",
      "code" : "JP"
    }]
  }],
  "copyright" : "Copyright FHIR Japanese implementation research working group in Japan Association of Medical Informatics (JAMI) 一般社団法人日本医療情報学会NeXEHRS課題研究会FHIR日本実装検討WG",
  "compose" : {
    "include" : [{
      "system" : "http://jpfhir.jp/fhir/core/CodeSystem/HL70241"
    },
    {
      "system" : "http://jpfhir.jp/fhir/core/CodeSystem/JHSD0006"
    }]
  }
}